rank_high_mic,rank_low_mic,canonical_smiles,source_row_count,Compound Id,Pref Name,CAS,Pubchem ID,Chembl ID,Formula,Herb ID,herb_count,pred_log2_mic,pred_mic_ug_ml,overlap_model_dataset,seen_in_model_train_split
1,1009,CO,5,C0215,Methyl Alcohol,CAS:67-56-1,CID:887,CHEMBL14688,CH4O,H1015 | H1017 | H0360 | H0847 | H1016,5,11.491013526916504,2878.3244854818013,False,False
2,1008,Oc1ccccc1O,30,C1221,Catechol,CAS:120-80-9,CID:289,CHEMBL280998,C6H6O2,H0420 | H0419 | H1127 | H1169 | H0173 | H0626 | H0772 | H0530 | H0941 | H0617 | H0141 | H0360 | H0140 | H0531 | H0301 | H0269 | H0847 | H0733 | H1229 | H1164 | H0158 | H0302 | H0663 | H0421 | H0304 | H0527 | H0422 | H0226 | H0529 | H1102,30,11.181131362915039,2321.966371686022,False,False
3,1007,c1ccccc1,4,C1164,Benzene,,CID:241,CHEMBL277500,C6H6,H0360 | H0028 | H0847 | H0895,4,11.116747856140137,2220.6215951273152,False,False
4,1006,COc1c(/C=C/C(=O)c2ccc(O)c(CC=C(C)C)c2)ccc(O)c1O,12,C0493,Licochalcone D,CAS:144506-15-0,CID:10473311,CHEMBL1644932,C21H22O5,H1075 | H0571 | H1066 | H0444 | H1067 | H1074 | H1073 | H1070 | H1072 | H0240 | H1071 | H1069,12,11.114501953125,2217.1673510634387,False,False
5,1005,Cc1ccccc1,21,C0450,Toluene,CAS:108-88-3,CID:1140,CHEMBL9113,C7H8,H0551 | H1214 | H1011 | H0398 | H0416 | H0399 | H0104 | H0103 | H1198 | H0360 | H0518 | H0028 | H0847 | H0071 | H0524 | H0895 | H1173 | H0154 | H0358 | H0613 | H0357,21,10.79532241821289,1777.1163426926269,False,False
6,1004,Cc1cccc(C)c1,26,C0228,M-Xylene,CAS:108-38-3,CID:7929,CHEMBL286727,C8H10,H0201 | H0111 | H0416 | H0450 | H0745 | H0200 | H0533 | H0103 | H0360 | H0847 | H0647 | H0575 | H0746 | H0197 | H0418 | H0452 | H0154 | H0198 | H0451 | H0358 | H0766 | H0246 | H0585 | H0613 | H0357 | H0822,26,10.694287300109863,1656.9189295178132,False,False
7,1003,CCCCCC=CCC=CCC=CCC=CCCCC(=O)O,10,C0917,Arachidonic Acid,,CID:444899,CHEMBL15594,C20H32O2,H0204 | H0484 | H0919 | H0360 | H0028 | H0195 | H0847 | H0895 | H0461 | H0003,10,10.373188972473145,1326.2977455372406,False,False
8,1002,COc1cc(O)c(CC=C(C)C)c(O)c1C(=O)/C=C/c1ccc(O)cc1,11,C0486,Xanthohumol,CAS:6754-58-1,CID:639665,CHEMBL253896,C21H22O5,H0120 | H0201 | H0111 | H0957 | H0200 | H0533 | H0575 | H0197 | H0198 | H0826 | H0246,11,10.366514205932617,1320.175675304288,False,False
9,1001,Oc1cccc(O)c1O,15,C0349,Pyrogallol,CAS:87-66-1,CID:1057,CHEMBL307145,C6H6O3,H0429 | H1015 | H1170 | H0153 | H1017 | H1034 | H0617 | H0360 | H1201 | H0784 | H0847 | H1171 | H1016 | H0152 | H0547,15,10.295500755310059,1256.7663610099416,False,False
10,1000,COc1ccc2[nH]cc(CCN=C(C)O)c2c1,3,C0210,Melatonin,CAS:73-31-4,CID:896,CHEMBL45,C13H16N2O2,H0360 | H0847 | H0446,3,10.274613380432129,1238.7019502478086,False,False
11,999,O=C(CC(=O)c1ccccc1)c1ccccc1,12,C0013,Dibenzoylmethane,CAS:120-46-7,CID:8433,CHEMBL371523,C15H12O2,H1075 | H0571 | H1066 | H0444 | H1067 | H1074 | H1073 | H1070 | H1072 | H0240 | H1071 | H1069,12,10.253751754760742,1220.9189830660584,False,False
12,998,CC(=O)c1ccc(O)c(O)c1,2,C0599,"3',4'-Dihydroxyacetophenone",CAS:1197-09-7,CID:14530,CHEMBL243161,C8H8O3,H0049 | H0092,2,10.14611530303955,1133.1438490439778,False,False
13,997,O=C(O)c1ccc(O)c(O)c1,194,C0333,Protocatechuic Acid,CAS:99-50-3,CID:72,CHEMBL37537,C7H6O4,H0892 | H0534 | H1141 | H1051 | H0409 | H0468 | H0939 | H0825 | H0420 | H0419 | H0717 | H1020 | H0108 | H0393 | H1015 | H0164 | H0120 | H1118 | H1018 | H0773 | H0519 | H0155 | H1222 | H0973 | H0048 | H0439 | H0956 | H0762 | H1061 | H0615 | H1075 | H0315 | H1244 | H0486 | H0065 | H1127 | H1010 | H1090 | H0057 | H0354 | H1169 | H0173 | H0571 | H0416 | H1221 | H1148 | H0070 | H1225 | H0299 | H0153 | H0700 | H1017 | H0938 | H0463 | H0075 | H0995 | H0941 | H1034 | H0485 | H0950 | H0570 | H1213 | H0515 | H0740 | H0457 | H1066 | H0053 | H0366 | H0338 | H0509 | H0856 | H1114 | H0949 | H0607 | H0605 | H0141 | H0743 | H0016 | H1124 | H0444 | H0464 | H1100 | H1133 | H1067 | H1120 | H0001 | H0462 | H0608 | H0860 | H0750 | H0394 | H0424 | H1183 | H1074 | H0128 | H0093 | H1184 | H0327 | H0923 | H0360 | H0819 | H1240 | H0227 | H1073 | H0396 | H0140 | H1087 | H0085 | H0496 | H0934 | H0874 | H0612 | H1201 | H0731 | H0301 | H1139 | H1224 | H0368 | H0857 | H0269 | H1140 | H0951 | H0972 | H0397 | H0847 | H1046 | H1070 | H1053 | H0166 | H1220 | H1055 | H0606 | H1045 | H0967 | H0733 | H0609 | H0004 | H0632 | H0395 | H0088 | H1072 | H0365 | H0893 | H1164 | H0159 | H1079 | H0818 | H0015 | H0240 | H0056 | H0358 | H1019 | H0064 | H0007 | H0302 | H0716 | H0663 | H1212 | H1068 | H0718 | H0241 | H1149 | H1016 | H0421 | H0473 | H0897 | H1150 | H0304 | H0035 | H0357 | H0955 | H0422 | H0427 | H1227 | H1071 | H1069 | H0152 | H0391 | H0109 | H0214 | H0572 | H0005 | H0314 | H0237 | H1156 | H0179 | H0858 | H0083 | H0932 | H0514 | H0219 | H1186 | H1102 | H1147,194,10.138070106506348,1126.84245258598,False,False
14,996,C=Cc1ccccc1,31,C0419,Styrene,CAS:100-42-5,CID:7501,CHEMBL285235,C8H8,H0510 | H1011 | H0790 | H1022 | H0201 | H0788 | H0787 | H0366 | H1114 | H0200 | H0789 | H0093 | H0360 | H0085 | H1139 | H0368 | H0565 | H0847 | H0002 | H0197 | H0747 | H0088 | H0786 | H1129 | H1173 | H0198 | H0246 | H0367 | H0427 | H0903 | H0307,31,10.109780311584473,1104.961441811969,False,False
15,995,COc1cc(O)c(C(C)=O)c(OC)c1,6,C0488,Xanthoxylin,CAS:90-24-4,CID:66654,CHEMBL450288,C10H12O4,H1214 | H0048 | H0975 | H0001 | H0923 | H0974,6,10.1017484664917,1098.8269363719835,False,False
16,994,CCC=CCC=CCC=CCCCCCCCC(=O)O,132,C0190,Linolenic Acid,CAS:463-40-1,CID:5280934,CHEMBL8739,C18H30O2,H0204 | H1051 | H1108 | H0558 | H0409 | H0484 | H0713 | H0420 | H0419 | H0714 | H1015 | H0869 | H0126 | H1011 | H0125 | H1222 | H0956 | H0249 | H0697 | H0315 | H1244 | H1204 | H0065 | H1127 | H0073 | H0354 | H0888 | H1169 | H0095 | H0238 | H0715 | H0173 | H0878 | H0416 | H1104 | H1112 | H1176 | H1170 | H0535 | H1225 | H0688 | H1017 | H0094 | H1077 | H0745 | H0463 | H0995 | H0941 | H0850 | H0950 | H0308 | H0515 | H0849 | H0729 | H0740 | H0969 | H0949 | H0665 | H0466 | H0141 | H0743 | H0239 | H0464 | H0597 | H0462 | H0332 | H0750 | H0278 | H0093 | H0998 | H1000 | H0360 | H0381 | H1240 | H0227 | H0385 | H0140 | H0028 | H0195 | H0301 | H1188 | H1224 | H0650 | H0573 | H0951 | H0847 | H1171 | H0384 | H1055 | H1232 | H0380 | H0733 | H0746 | H0418 | H0383 | H0584 | H0446 | H0088 | H0895 | H1107 | H1173 | H0557 | H1164 | H0382 | H0277 | H0358 | H0659 | H0064 | H0614 | H1106 | H0302 | H1105 | H0242 | H0585 | H1016 | H0421 | H0604 | H0539 | H0304 | H0035 | H0357 | H1111 | H0955 | H0422 | H0003 | H1227 | H1110 | H0314 | H0547 | H0255 | H0768 | H0679,132,10.082411766052246,1084.1974218375851,False,False
17,993,O=C(O)c1ccccc1,67,C1166,Benzoic Acid,,CID:20144841,CHEMBL541,C7H6O2,H0710 | H0429 | H0021 | H0022 | H0918 | H0707 | H0973 | H0711 | H0173 | H0758 | H0688 | H0265 | H0495 | H0139 | H0053 | H0937 | H0805 | H0607 | H0605 | H0103 | H0578 | H1133 | H0608 | H0693 | H0360 | H1134 | H0227 | H0396 | H0784 | H1026 | H0804 | H0269 | H0972 | H0397 | H0565 | H0847 | H0137 | H0476 | H1162 | H0606 | H0609 | H0747 | H0813 | H0250 | H0853 | H0154 | H1079 | H0461 | H0708 | H0076 | H1223 | H0131 | H0500 | H0473 | H0490 | H0498 | H0871 | H0802 | H0263 | H0391 | H1036 | H0023 | H1156 | H0768 | H0024 | H0679 | H0696,67,10.049177169799805,1059.5068279546551,False,False
18,992,CCCCCC=CCC=CCC=CCCCCC(=O)O,10,C0095,Gamolenic Acid,CAS:506-26-3,CID:5280933,CHEMBL464982,C18H30O2,H0204 | H1051 | H0126 | H0125 | H0466 | H0750 | H0360 | H0847 | H1055 | H0003,10,10.044707298278809,1056.22926039737,False,False
19,991,COc1ccc(C(C)=O)c(O)c1,35,C0283,Paeonol,CAS:552-41-0,CID:11092,CHEMBL1079227,C9H10O3,H0629 | H0429 | H0204 | H1051 | H0673 | H0021 | H0155 | H0439 | H0238 | H0416 | H0450 | H0266 | H0338 | H0844 | H0750 | H0273 | H0396 | H0784 | H1188 | H0968 | H0397 | H0071 | H1162 | H1055 | H0452 | H0159 | H0451 | H0358 | H0642 | H0684 | H0357 | H0003 | H0391 | H1036 | H0023,35,10.002756118774414,1025.958115252962,False,False
20,990,COC(=O)c1cc(OC)c(O)c(OC)c1,1,C0614,Methyl Syringate,CAS:884-35-5,CID:70164,CHEMBL1236122,C10H12O5,H0778,1,9.990620613098145,1017.3642671225663,False,False
21,989,CC(C)=CCCC(C)=CCO,56,C0102,Geraniol,CAS:106-24-1,CID:637566,CHEMBL25719,C10H18O,H1214 | H0390 | H0089 | H0164 | H1011 | H0065 | H0354 | H1169 | H0238 | H0758 | H0745 | H0938 | H0805 | H0607 | H0605 | H0141 | H0651 | H0239 | H0103 | H0608 | H1183 | H0093 | H0403 | H0273 | H0360 | H1109 | H0140 | H0028 | H0301 | H0804 | H0968 | H0847 | H0606 | H0063 | H0746 | H0609 | H0418 | H0813 | H0446 | H0088 | H0895 | H1173 | H0154 | H1164 | H1005 | H0064 | H0652 | H0302 | H0242 | H0303 | H0585 | H0304 | H0613 | H0802 | H0237 | H0410,56,9.951221466064453,989.956598560914,False,False
22,988,O=C(/C=C/c1ccccc1)c1ccccc1,3,C1226,Chalcone,CAS:94-41-7,CID:637760,CHEMBL7976,C15H12O,H0574 | H0693 | H0582,3,9.915643692016602,965.8422016678039,True,True
23,987,Oc1ccccc1,37,C0300,Phenol,,CID:996,CHEMBL14060,C6H6O,H1051 | H0551 | H0704 | H0958 | H0956 | H0216 | H0894 | H0173 | H0772 | H1170 | H0153 | H1231 | H1203 | H0960 | H0104 | H1124 | H0217 | H0750 | H0327 | H0360 | H0028 | H0078 | H0269 | H0565 | H0847 | H1171 | H1055 | H0446 | H1228 | H0895 | H0181 | H1115 | H1230 | H1029 | H0955 | H0152 | H0547,37,9.851829528808594,924.0515510369002,False,False
24,986,O=Cc1ccc(O)c(O)c1,44,C0332,Protocatechualdehyde,CAS:139-85-5,CID:8768,CHEMBL222021,C7H6O3,H1020 | H0155 | H0134 | H0048 | H0439 | H0315 | H1244 | H0279 | H0626 | H0153 | H0950 | H0139 | H0338 | H0509 | H0856 | H0949 | H0456 | H1002 | H0001 | H0860 | H1151 | H0923 | H0360 | H1240 | H0831 | H0857 | H0269 | H0951 | H0847 | H0159 | H1019 | H0614 | H1003 | H0663 | H0147 | H0035 | H0152 | H0226 | H0314 | H0542 | H0501 | H0858 | H0514 | H1186,44,9.83956527709961,916.229546372981,False,False
25,985,CC(C)=CCc1c2c(c3occ(-c4ccc(O)cc4)c(=O)c3c1O)C=CC(C)(C)O2,1,C0268,Osajin,,CID:95168,CHEMBL238188,C25H24O5,H0905,1,9.811168670654297,898.3716996220052,False,False
26,984,O=C(O)c1ccc(C(=O)O)cc1,2,C0435,Terephthalic Acid,CAS:100-21-0,CID:7489,CHEMBL1374420,C8H6O4,H0360 | H0847,2,9.787666320800781,883.8552585189606,False,False
27,983,COc1cc(OC)c2c(=O)cc(-c3ccccc3)oc2c1,6,C1238,Chrysin Dimethyl Ether,CAS:21392-57-4,CID:88881,CHEMBL275391,C17H14O4,H0839 | H0130 | H0116 | H0671 | H1160 | H0042,6,9.781587600708008,880.1390152146768,False,False
28,982,c1ccc(-c2ccccc2)cc1,2,C1190,Biphenyl,CAS:92-52-4,CID:7095,CHEMBL14092,C12H10,H0551 | H0104,2,9.713982582092285,839.8469213865395,False,False
29,981,O=c1cc(-c2ccccc2)oc2cc(O)c(O)c(O)c12,24,C1114,Baicalein,CAS:491-67-8,CID:5281605,CHEMBL8260,C15H10O5,H0429 | H0928 | H0310 | H0926 | H1015 | H0164 | H1253 | H1222 | H1252 | H0530 | H1225 | H1017 | H0531 | H0784 | H1224 | H0270 | H1251 | H0472 | H0927 | H1016 | H0527 | H1254 | H1227 | H0529,24,9.683717727661133,822.4121268427008,False,False
30,980,O=C(O)c1cc(O)c(O)c(O)c1,168,C0090,Gallic Acid,CAS:149-91-7,CID:370,CHEMBL288114,C7H6O5,H0567 | H0429 | H0928 | H0420 | H0721 | H0419 | H0926 | H0108 | H0393 | H0120 | H0958 | H0012 | H0519 | H0973 | H1049 | H0695 | H1061 | H1152 | H0692 | H1047 | H0634 | H0594 | H1075 | H0315 | H1244 | H0065 | H1127 | H1090 | H0354 | H1169 | H0571 | H0470 | H1221 | H0772 | H1170 | H0153 | H0463 | H0975 | H0941 | H1034 | H1213 | H0515 | H0068 | H0243 | H1066 | H0980 | H0960 | H0104 | H0856 | H0511 | H0649 | H0566 | H0868 | H0141 | H0705 | H0408 | H0016 | H0259 | H0656 | H1137 | H0444 | H0464 | H0569 | H0177 | H1067 | H0462 | H0860 | H0394 | H0424 | H0703 | H1074 | H0128 | H0379 | H0278 | H0093 | H1184 | H0344 | H0067 | H0998 | H1000 | H0069 | H0115 | H0360 | H0648 | H0819 | H0345 | H1240 | H0227 | H1073 | H0396 | H0140 | H0085 | H1201 | H0351 | H0784 | H0301 | H1188 | H0857 | H0269 | H0972 | H0453 | H0397 | H0847 | H1171 | H1070 | H0166 | H1220 | H0798 | H1097 | H0925 | H0043 | H0733 | H0670 | H0446 | H0395 | H0088 | H1072 | H1164 | H1079 | H0472 | H0461 | H0060 | H0818 | H0240 | H0277 | H0064 | H1027 | H0302 | H0927 | H0440 | H0979 | H1068 | H0635 | H0421 | H0084 | H0473 | H1130 | H0897 | H0304 | H0035 | H0422 | H0734 | H0974 | H0427 | H1071 | H1069 | H0540 | H0152 | H0391 | H0109 | H0214 | H0848 | H0185 | H1082 | H0314 | H0547 | H0237 | H1036 | H0255 | H1156 | H0179 | H0858 | H1009 | H0932 | H0591 | H0219 | H0990 | H1102,168,9.68030834197998,820.4708921827958,False,False
31,979,OCCOc1ccccc1,2,C0711,2-Phenoxyethanol,CAS:122-99-6,CID:31236,CHEMBL1229846,C8H10O2,H0360 | H0847,2,9.665292739868164,811.9756986363828,False,False
32,978,COc1ccc2ccc(=O)oc2c1CC=C(C)C,18,C0271,Osthole,CAS:484-12-8,CID:10228,CHEMBL52229,C15H16O3,H0551 | H0634 | H0758 | H0805 | H0922 | H0868 | H0651 | H0804 | H0430 | H0881 | H0813 | H0652 | H0635 | H0084 | H0802 | H0433 | H0331 | H1009,18,9.663732528686523,811.0980573109198,False,False
33,977,CC(=N)O,2,C0847,Acetamide,,CID:178,CHEMBL16081,C2H5NO,H0360 | H0847,2,9.657580375671387,807.6466176237317,False,False
34,976,O=C(O)c1ccc(O)cc1,162,C0291,Paraben,,CID:3702506,CHEMBL441343,C7H6O3,H0629 | H0534 | H1051 | H0342 | H0420 | H0419 | H0108 | H0393 | H0120 | H1022 | H0970 | H0958 | H1118 | H0757 | H0915 | H0973 | H0956 | H0755 | H1075 | H0315 | H1244 | H0216 | H1127 | H0279 | H1010 | H0275 | H1169 | H0715 | H0173 | H0571 | H1052 | H0343 | H0416 | H0626 | H0350 | H1221 | H0772 | H0153 | H0700 | H0938 | H0463 | H0900 | H0075 | H0995 | H0941 | H1157 | H1203 | H0515 | H1180 | H0233 | H0729 | H0139 | H0243 | H1066 | H0053 | H0960 | H0856 | H0006 | H0722 | H0607 | H0566 | H0605 | H0141 | H0841 | H0444 | H0464 | H1116 | H0775 | H1133 | H1067 | H1120 | H0328 | H1154 | H0462 | H0608 | H0756 | H0860 | H0217 | H0693 | H0750 | H0394 | H0859 | H1074 | H0113 | H0093 | H0143 | H0327 | H0115 | H0360 | H1240 | H1073 | H0396 | H0140 | H0846 | H0874 | H0855 | H0301 | H1188 | H0857 | H0269 | H1210 | H0972 | H0397 | H0847 | H1070 | H0248 | H0166 | H1220 | H1055 | H0606 | H0733 | H0609 | H0747 | H0004 | H0395 | H0088 | H1072 | H1129 | H1164 | H1079 | H0920 | H0240 | H0358 | H0158 | H0302 | H1185 | H0765 | H0718 | H0241 | H0421 | H0473 | H0364 | H0897 | H0623 | H0304 | H0035 | H1029 | H0357 | H0639 | H0955 | H0422 | H1071 | H1069 | H0152 | H0391 | H0109 | H0572 | H0005 | H0226 | H0314 | H0377 | H0237 | H1036 | H0255 | H1156 | H0542 | H0555 | H0858 | H0809 | H0219 | H1102 | H0307,162,9.61380672454834,783.5093736720993,False,False
35,975,CC(C)=CCC/C(C)=C\COc1ccc2ccc(=O)oc2c1,1,C0722,Aurapten,CAS:495-02-3,CID:1795390,,C19H22O3,H0813,1,9.613739013671875,783.472601617048,False,False
36,974,CC(C=CC=C(C)C(=O)O)=CC=CC=C(C)C=CC=C(C)C(=O)O,1,C0741,?-Crocetin,CAS:27876-94-4,CID:5281232,CHEMBL464792,C20H24O4,H0818,1,9.60527515411377,778.8896591200588,False,False
37,973,CC(C)=CCc1c(O)ccc2ccc(=O)oc12,2,C0270,Osthenol,CAS:484-14-0,CID:5320318,CHEMBL350475,C14H14O3,H0881 | H0331,2,9.581864356994629,766.3525129529377,False,False
38,972,COc1cc(C(C)=O)ccc1O,9,C0916,Apocynin,CAS:498-02-2,CID:2214,CHEMBL346919,C9H10O3,H0939 | H1202 | H0995 | H0049 | H0270 | H0446 | H0007 | H0253 | H0348,9,9.56300163269043,756.3979445653831,False,False
39,971,Cc1ccccc1O,2,C0555,O-Cresol,CAS:95-48-7,CID:335,CHEMBL46931,C7H8O,H0396 | H0955,2,9.561260223388672,755.4854830022464,False,False
40,970,Cc1ccccc1C,10,C0277,O-Xylene,CAS:95-47-6,CID:7237,CHEMBL45005,C8H10,H0416 | H0103 | H0360 | H0269 | H0847 | H0154 | H0358 | H0766 | H0613 | H0357,10,9.550321578979492,749.7789846066647,False,False
41,969,O=Cc1ccccc1,105,C1162,Benzaldehyde,,CID:240,CHEMBL15972,C7H6O,H0204 | H1108 | H0156 | H0595 | H0289 | H0510 | H0601 | H0267 | H0164 | H1011 | H0155 | H0134 | H1054 | H0439 | H0201 | H0065 | H1010 | H0073 | H0354 | H0095 | H0238 | H0173 | H1217 | H0416 | H0602 | H1104 | H1112 | H1050 | H1170 | H0530 | H0094 | H0745 | H0941 | H0850 | H0849 | H0729 | H0338 | H0481 | H0200 | H0103 | H1120 | H0574 | H1198 | H0935 | H0508 | H0273 | H0360 | H0381 | H0385 | H0028 | H0582 | H0531 | H0269 | H0565 | H0847 | H1171 | H0647 | H0384 | H0071 | H1097 | H0221 | H0002 | H0380 | H0746 | H0197 | H0418 | H0747 | H0383 | H0004 | H0074 | H0895 | H1107 | H1173 | H0154 | H0382 | H0159 | H0198 | H0281 | H0503 | H0358 | H0064 | H0614 | H0306 | H1106 | H0246 | H1105 | H1101 | H0585 | H0749 | H0539 | H0613 | H0527 | H0035 | H0357 | H1111 | H0003 | H0572 | H0005 | H0903 | H0529 | H0253 | H0547 | H0679 | H0822 | H0990,105,9.51835823059082,733.350068495489,False,False
42,968,O=c1c(O)c(-c2ccc(O)c(O)c2)oc2cc(O)c(O)c(O)c12,2,C0351,Quercetagetin,CAS:90-18-6,CID:5281680,CHEMBL413552,C15H10O8,H0093 | H0088,2,9.494848251342773,721.4963326600621,False,False
43,967,CC(C)=CCc1cc2c(cc1O)O[C@H](c1ccc(O)cc1)CC2=O,2,C1136,Bavachin,CAS:19879-32-4,CID:14236566,CHEMBL469444,C20H20O4,H0456 | H0312,2,9.48187255859375,715.0362426411557,False,False
44,966,CCO,12,C0867,Alcohol,,CID:702,CHEMBL545,C2H6O,H0956 | H0522 | H0173 | H0416 | H0938 | H0103 | H0360 | H0847 | H0154 | H0358 | H0357 | H0955,12,9.464390754699707,706.4241014002263,False,False
45,965,N=C(O)c1ccccc1,3,C1163,Benzamide,,CID:2331,CHEMBL267373,C7H7NO,H0764 | H0360 | H0847,3,9.421730995178223,685.8413105945343,False,False
46,964,C/C=C/c1cc(OC)c(OC)cc1OC,24,C0453,Trans-Asarone,CAS:2883-98-9,CID:636822,CHEMBL333306,C12H16O3,H0289 | H0022 | H1169 | H0450 | H0771 | H0769 | H1146 | H0141 | H0770 | H0505 | H0140 | H0085 | H0301 | H0452 | H1164 | H0451 | H0302 | H0303 | H0304 | H0035 | H0427 | H0848 | H1043 | H0024,24,9.403310775756836,677.1402071569157,False,False
47,963,Oc1ccc(O)cc1,13,C0130,Hydroquinone,CAS:123-31-9,CID:785,CHEMBL537,C6H6O2,H0429 | H0164 | H0456 | H0360 | H1087 | H1201 | H0784 | H0269 | H0565 | H0847 | H0636 | H0214 | H0219,13,9.358105659484863,656.251797699697,False,False
48,962,O=c1cccccc1,1,C0591,Benzaldehyde,,CID:10881,,C7H6O,H0155,1,9.348973274230957,652.1107869737252,False,False
49,961,CC(=O)c1ccccc1,15,C0851,Acetophenone,CAS:98-86-2,CID:7410,CHEMBL274467,C8H8O,H0510 | H0551 | H0164 | H0095 | H0173 | H0094 | H0104 | H0360 | H0381 | H0385 | H0847 | H0384 | H0380 | H0383 | H0382,15,9.34632682800293,650.9156665988799,False,False
50,960,O=C(O)c1ccccc1O,62,C0383,Salicylic Acid,CAS:69-72-7,CID:338,CHEMBL424,C7H6O3,H1044 | H0429 | H0108 | H1118 | H0973 | H0803 | H1239 | H0445 | H1169 | H0758 | H0416 | H1221 | H0447 | H0081 | H0265 | H0995 | H1038 | H0937 | H1113 | H0805 | H0607 | H0605 | H0141 | H0016 | H0608 | H0215 | H0093 | H0360 | H0227 | H0312 | H0140 | H0784 | H0301 | H0804 | H0972 | H0847 | H0137 | H1220 | H0606 | H0609 | H0813 | H0446 | H0088 | H1164 | H1079 | H0358 | H0302 | H1235 | H1238 | H0131 | H0718 | H0473 | H0897 | H0304 | H0802 | H0357 | H0263 | H0109 | H0237 | H1036 | H1156 | H1056,62,9.308198928833008,633.9384347259938,False,False
51,959,CC1=C(/C=C/C(C)=C\C=C\C(C)=C\C(=O)O)C(C)(C)CCC1,2,C0870,Alitretinoin,CAS:5300-03-8,CID:449171,CHEMBL705,C20H28O2,H0360 | H0847,2,9.26787281036377,616.4639886280972,False,False
52,958,COc1cc(O)c(C(=O)c2ccccc2)cc1O,1,C0733,Cearoin,CAS:52811-37-7,CID:3938139,CHEMBL1613209,C14H12O4,H0032,1,9.254475593566895,610.7658522854113,False,False
53,957,COc1cc(O)c(CC=C(C)C)c2c1C(=O)CC(c1ccc(O)cc1)O2,3,C0160,Isoxanthohumol,CAS:70872-29-6,CID:513197,CHEMBL492828,C21H22O5,H0111 | H0533 | H0575,3,9.251871109008789,609.6642367783728,False,False
54,956,OCCO,1,C0062,Ethylene Glycol,CAS:107-21-1,CID:174,CHEMBL457299,C2H6O2,H0620,1,9.250585556030273,609.1212207122711,False,False
55,955,C=CC/C=C/C/C=C/CCCCCCCc1cccc(O)c1C(=O)[O-],1,C0787,Anacardic Acid,,CID:5388781,CHEMBL464925,C22H30O3,H1051,1,9.20089340209961,588.4978776360241,False,False
56,954,OCCc1ccccc1,61,C0510,Phenylethyl Alcohol,CAS:60-12-8,CID:6054,CHEMBL448500,C8H10O,H1051 | H0673 | H0551 | H0792 | H0134 | H0402 | H0065 | H1090 | H0354 | H0561 | H0173 | H0772 | H0748 | H0745 | H0401 | H0495 | H0980 | H0104 | H0607 | H0605 | H0481 | H0844 | H0103 | H0608 | H0750 | H0273 | H0360 | H0381 | H1134 | H0385 | H0085 | H0269 | H0565 | H0847 | H0384 | H0071 | H0476 | H1055 | H0295 | H0606 | H0380 | H0666 | H0746 | H0609 | H0418 | H0383 | H0881 | H0625 | H0154 | H0382 | H0064 | H0979 | H0500 | H0585 | H0490 | H1030 | H0613 | H0427 | H0903 | H0237 | H0331,61,9.153730392456055,569.5704117795473,False,False
57,953,COC(=O)c1ccccc1C(=O)OC,1,C0585,Dimethyl Phthalate,CAS:131-11-3,CID:8554,CHEMBL323348,C10H10O4,H0955,1,9.142361640930176,565.0997109143245,False,False
58,952,OCc1ccc(O)cc1,2,C0550,4-Hydroxybenzyl Alcohol,CAS:623-05-2,CID:125,CHEMBL202132,C7H8O2,H0404 | H0542,2,9.129014015197754,559.8955933645366,False,False
59,951,CC(C)=CCCC(C)=CC=O,65,C1245,Citral,CAS:5392-40-5,CID:638011,CHEMBL1080997,C10H16O,H0595 | H0289 | H0420 | H0419 | H1214 | H0390 | H0644 | H1127 | H0758 | H0745 | H0938 | H0139 | H0030 | H0112 | H0805 | H0607 | H0605 | H0651 | H0675 | H0764 | H0103 | H0608 | H0373 | H0674 | H0093 | H0403 | H1215 | H0360 | H0028 | H0678 | H0804 | H0847 | H1004 | H0606 | H1232 | H0733 | H0746 | H0609 | H0418 | H0813 | H0446 | H0088 | H0895 | H0154 | H1005 | H0614 | H0306 | H0652 | H0303 | H0585 | H0421 | H1178 | H1060 | H0604 | H0613 | H0035 | H0802 | H0637 | H0719 | H0422 | H0676 | H0903 | H1165 | H0679 | H0410,65,9.111833572387695,553.2675778620683,False,False
60,950,O=C([O-])c1ccc(O)cc1,4,C0551,P-Hydroxybenzoic Acid,CAS:99-96-7,CID:135,CHEMBL441343,C7H6O3,H0275 | H0217 | H0113 | H0686,4,9.064937591552734,535.572320757071,False,False
61,949,CC(O)=Nc1ccc(O)cc1,2,C0848,Acetaminophen,CAS:103-90-2,CID:1983,CHEMBL112,C8H9NO2,H0360 | H0847,2,9.005838394165039,514.0761938307776,False,False
62,948,c1cscn1,2,C0445,Thiazole,,CID:9256,CHEMBL15605,C3H3NS,H0360 | H0847,2,8.995412826538086,510.37463714795246,False,False
63,947,c1ccc2ccccc2c1,32,C0240,Naphthalene,,CID:931,CHEMBL16293,C10H8,H0629 | H1051 | H0551 | H0956 | H1169 | H0095 | H0416 | H0094 | H0104 | H0607 | H0605 | H0141 | H0608 | H0750 | H0360 | H0396 | H0140 | H0301 | H0397 | H0847 | H1055 | H0606 | H0609 | H1164 | H0056 | H0358 | H0302 | H0304 | H0357 | H0955 | H0391 | H0640,32,8.948033332824707,493.88568138338815,False,False
64,946,c1ccc(Oc2ccccc2)cc1,3,C0029,Diphenylether,,CID:7583,CHEMBL38934,C12H10O,H0016 | H0360 | H0847,3,8.943326950073242,492.2771447670045,False,False
65,945,Oc1c(Cl)c(Cl)c(Cl)c(Cl)c1Cl,2,C0295,Pentachlorophenol,,CID:992,CHEMBL75967,C6HCl5O,H0360 | H0847,2,8.927802085876465,487.0081433606056,False,False
66,944,COc1ccc(-c2oc3c(CC=C(C)C)c(O)cc(O)c3c(=O)c2O)cc1,3,C0137,Icaritin,CAS:118525-40-9,CID:5318980,CHEMBL498485,C21H20O6,H1011 | H0814 | H1173,3,8.905739784240723,479.61726547607543,False,False
67,943,OCCc1ccc(O)cc1,39,C0467,Tyrosol,CAS:501-94-0,CID:10393,CHEMBL53566,C8H10O2,H0534 | H0300 | H0939 | H0506 | H0958 | H0973 | H0392 | H1221 | H0450 | H1041 | H0751 | H0753 | H0139 | H0960 | H0206 | H0424 | H0507 | H0360 | H0819 | H1087 | H0972 | H0847 | H1220 | H0207 | H0452 | H0222 | H1079 | H0451 | H0818 | H0007 | H0440 | H0752 | H0473 | H0863 | H0364 | H0623 | H0223 | H0214 | H1156,39,8.853303909301758,462.49818997296546,False,False
68,942,CCCOC(=O)c1cc(O)c(O)c(O)c1,3,C0328,Propyl Gallate,CAS:121-79-9,CID:4947,CHEMBL7983,C10H12O5,H0429 | H0227 | H0784,3,8.843966484069824,459.51447061984675,False,False
69,941,O=c1cc(-c2ccc(O)cc2)oc2cc(O)c(O)c(O)c12,13,C0394,Scutellarein,CAS:529-53-3,CID:5281697,CHEMBL55415,C15H10O6,H0310 | H0164 | H1253 | H1252 | H0626 | H0258 | H0727 | H0270 | H1251 | H0965 | H1160 | H0035 | H1254,13,8.838972091674805,457.9264512335516,False,False
70,940,CC(=O)O,3,C0552,"Acetic Acid,Propionic Acid",,CID:176,CHEMBL539,C2H4O2,H0419 | H0977 | H0396,3,8.79648208618164,444.6363499157231,False,False
71,939,Oc1cc(O)c2cc(O)c(-c3cc(O)c(O)c(O)c3)[o+]c2c1,7,C0004,Delphinidin,,CID:128853,CHEMBL276780,C15H10O7,H0463 | H0515 | H0464 | H0462 | H1240 | H0670 | H0060,7,8.788299560546875,442.1216463989305,False,False
72,938,C=C1CC[C@@H]2[C@H]1[C@H]1[C@H](C(C)C)CC[C@]12C,2,C0611,?-Bourbonene,,CID:62566,,C15H24,H0851 | H0103,2,8.76283073425293,434.3850779871685,False,False
73,937,COc1cc(O)c2c(c1)O[C@H](c1ccccc1)CC2=O,15,C0519,Pinostrobin,CAS:480-37-5,CID:73201,CHEMBL254613,C16H14O4,H0821 | H0827 | H1152 | H1042 | H0651 | H0574 | H1183 | H0816 | H1021 | H0612 | H0582 | H0446 | H0652 | H0042 | H0083,15,8.757575035095215,432.8055037734762,False,False
74,936,COc1cc(O)c(CC=C(C)C)c2c1C(=O)C[C@@H](c1ccc(O)cc1)O2,1,C0811,Isoxanthohumol,CAS:70872-29-6,CID:9928523,,C21H22O5,H0111,1,8.750617980957031,430.7234262366931,False,False
75,935,COc1c(O)cc2oc3cc(O)c(CC=C(C)C)c(O)c3c(=O)c2c1CC=C(C)C,3,C0205,Mangostin,CAS:6147-11-1,CID:5281650,CHEMBL323197,C24H26O6,H0227 | H0968 | H0532,3,8.750585556030273,430.7137457302747,False,False
76,934,CC[C@@H](/C=C/[C@@H](C)[C@H]1CC[C@@H]2[C@H]3CC=C4C[C@H](C)CC[C@@]4(C)[C@@H]3CC[C@@]21C)C(C)C,1,C0888,Stigmasterol,,CID:50930798,,C30H50,H1104,1,8.744227409362793,428.8197103385653,False,False
77,933,CC[C@H](/C=C/[C@@H](C)[C@H]1CC[C@H]2C3=CC[C@H]4C[C@@H](O)CC[C@]4(C)[C@H]3CC[C@]12C)C(C)C,8,C0750,?-Spinasterol,CAS:481-18-5,CID:5281331,,C29H48O,H0958 | H0851 | H1104 | H0006 | H0650 | H0497 | H0036 | H0297,8,8.73184871673584,425.15606746507206,False,False
78,932,C=C1CC[C@]2(C)CC[C@]3(C)[C@H](CC[C@@H]4[C@@]5(C)CC[C@H](O)C(C)(C)[C@@H]5CC[C@]43C)[C@H]2[C@@H]1C,4,C0645,Taraxasterol,CAS:1059-14-9,CID:115250,,C30H50O,H0686 | H0274 | H0314 | H0045,4,8.702481269836426,416.58909656919616,False,False
79,931,COc1c(CC=C(C)C)c(O)cc(O)c1-c1oc2cc(O)ccc2c1C,12,C0108,Glycybenzofuran,CAS:1253641-15-4,CID:46934435,CHEMBL1223582,C21H22O5,H1075 | H0571 | H1066 | H0444 | H1067 | H1074 | H1073 | H1070 | H1072 | H0240 | H1071 | H1069,12,8.686405181884766,411.972772509901,False,False
80,930,Cc1c(O)c(C)c2c(c1O)C(=O)C[C@@H](c1ccc(O)cc1)O2,1,C0703,Farrerol,CAS:24211-30-1,CID:442396,CHEMBL507611,C17H16O5,H0219,1,8.686233520507812,411.92375618683633,False,False
81,929,CC(C)=CCc1cc2c(cc1O)oc(=O)c1c3ccc(O)cc3oc21,1,C0757,Psoralidin,CAS:18642-23-4,CID:5281806,,C20H16O5,H0456,1,8.671278953552246,407.6759254869758,False,False
82,928,CC(C)=CCc1c(O)cc(O)c2c(=O)cc(-c3ccc(O)cc3)oc12,12,C0836,8-Prenylapigenin,CAS:72357-31-4,CID:10246505,CHEMBL371562,C20H18O5,H1075 | H0571 | H1066 | H0444 | H1067 | H1074 | H1073 | H1070 | H1072 | H0240 | H1071 | H1069,12,8.62549877166748,394.94248808063645,False,False
83,927,O=c1cc(-c2ccccc2)oc2c(O)c(O)ccc12,2,C0827,"7,8-Dihydroxyflavone",CAS:38183-03-8,CID:1880,CHEMBL75267,C15H10O4,H1161 | H0092,2,8.617486000061035,392.7550458178833,False,False
84,926,Cn1c(=O)c2c(ncn2C)n(C)c1=O,15,C1205,Caffeine,CAS:58-08-2,CID:2519,CHEMBL113,C8H10N4O2,H1208 | H0615 | H0341 | H1181 | H0360 | H1240 | H0603 | H0847 | H1004 | H1207 | H0087 | H1212 | H1029 | H0637 | H1033,15,8.613948822021484,391.79327440380797,False,False
85,925,O=C(OC1Cc2c(O)cc(O)cc2OC1c1cc(O)c(O)c(O)c1)c1cc(O)c(O)c(O)c1,14,C0047,Epigalocatechin Gallate,,CID:65064,CHEMBL297453,C22H18O11,H0721 | H0692 | H1034 | H0189 | H0424 | H0819 | H0396 | H0397 | H1004 | H0166 | H0818 | H1029 | H0637 | H0391,14,8.589072227478027,385.0954393960185,False,False
86,924,CCC(=O)c1ccc(O)cc1,1,C0293,Paroxypropione,CAS:70-70-2,CID:6271,CHEMBL312311,C9H10O2,H1185,1,8.580187797546387,382.73122504442046,False,False
87,923,COc1c(CC=C(C)C)c(O)cc2oc(=O)c3c4ccc(O)cc4oc3c12,17,C0109,Glycyrol,CAS:23013-84-5,CID:5320083,CHEMBL132695,C21H18O6,H1075 | H0571 | H0265 | H1066 | H0937 | H0444 | H1067 | H1074 | H1073 | H1070 | H0137 | H1072 | H0240 | H0131 | H1071 | H1069 | H0263,17,8.569829940795898,379.9932393359114,False,False
88,922,CC(=O)[C@H]1CC[C@H]2[C@@H]3CC[C@H]4C[C@H](O)CC[C@]4(C)[C@H]3CC[C@]12C,2,C0875,Allopregnanolone,CAS:516-55-2,CID:92786,CHEMBL207538,C21H34O2,H0360 | H0847,2,8.565776824951172,378.9271823122447,False,False
89,921,Cc1cc(O)cc(O)c1,7,C0266,Orcinol,CAS:504-15-4,CID:10436,CHEMBL110059,C7H8O2,H1051 | H0750 | H0685 | H0636 | H1055 | H0298 | H0219,7,8.564817428588867,378.6752784110373,False,False
90,920,COc1cc(/C=C/c2ccc(O)cc2)cc(OC)c1,4,C0336,Pterostilbene,CAS:537-42-8,CID:5281727,CHEMBL83527,C16H16O3,H0626 | H0693 | H0269 | H0226,4,8.54525375366211,373.57490992836017,False,False
91,919,CC1=CCCC(C)=CCC(C)(C)C=CC1,111,C0548,Alpha-Humulone,,CID:5281520,CHEMBL251280,C15H24,H0892 | H0821 | H0204 | H0714 | H0551 | H1214 | H0267 | H0793 | H1015 | H0120 | H0398 | H0155 | H0134 | H0439 | H0402 | H1138 | H1204 | H1010 | H0073 | H1090 | H0561 | H0645 | H0758 | H0416 | H1176 | H0450 | H1017 | H1077 | H0745 | H0401 | H0941 | H0850 | H0399 | H0849 | H0104 | H0338 | H0805 | H1161 | H0665 | H0651 | H0016 | H0505 | H0492 | H0103 | H0258 | H0624 | H1120 | H0574 | H1206 | H0816 | H0093 | H0403 | H0480 | H0273 | H0360 | H0381 | H1240 | H0385 | H0028 | H0195 | H0582 | H0804 | H0650 | H0847 | H0647 | H0384 | H1097 | H0002 | H0380 | H0746 | H0418 | H1229 | H1209 | H0430 | H0383 | H0004 | H0813 | H0452 | H0446 | H0074 | H0088 | H0895 | H0625 | H0893 | H0154 | H0382 | H0159 | H1005 | H0451 | H0358 | H0659 | H0652 | H0303 | H0585 | H1016 | H0084 | H1060 | H0613 | H0035 | H0802 | H0357 | H0003 | H0641 | H0433 | H0092 | H0572 | H0640 | H0005 | H0822 | H0410 | H0990,111,8.538373947143555,371.79767727662045,False,False
92,918,CC(C)[C@@H](C)/C=C/[C@@H](C)[C@H]1CC[C@@H]2[C@]1(C)CC[C@H]1[C@]23C=C[C@]2(C[C@@H](O)CC[C@]12C)OO3,11,C0549,Ergosterol Peroxide,CAS:2061-64-5,CID:5351516,CHEMBL434750,C28H44O3,H0889 | H0890 | H0153 | H1179 | H0995 | H0465 | H1198 | H0831 | H0886 | H0887 | H0152,11,8.530366897583008,369.7398921384462,False,False
93,917,C=CCN=C=S,8,C0880,Allyl Isothiocyanate,CAS:57-06-7,CID:5971,CHEMBL233248,C4H5NS,H0669 | H1152 | H0360 | H0847 | H1097 | H0043 | H0903 | H0990,8,8.52477741241455,368.3101670121939,False,False
94,916,Oc1cccc(O)c1,3,C0362,Resorcinol,CAS:108-46-3,CID:5054,CHEMBL24147,C6H6O2,H0772 | H0002 | H0747,3,8.51323127746582,365.3742816730048,False,False
95,915,COc1cc(CCC(=O)CCCCc2ccccc2)ccc1O,1,C0654,Yakuchinone A,CAS:78954-23-1,CID:133145,CHEMBL4545194,C20H24O3,H0740,1,8.512118339538574,365.0925297588167,False,False
96,914,CC(C)=CCc1c(O)cc(O)c2c1O[C@H](c1ccc(O)cc1)CC2=O,24,C0838,8-Prenylnaringenin,CAS:53846-50-7,CID:480764,CHEMBL376915,C20H20O5,H0120 | H0201 | H1075 | H0571 | H0111 | H0957 | H1066 | H0200 | H0533 | H0186 | H0444 | H1067 | H1074 | H1073 | H1070 | H0575 | H0197 | H1072 | H0198 | H0240 | H0826 | H0246 | H1071 | H1069,24,8.485173225402832,358.33700478425396,False,False
97,913,CC[C@@H](/C=C/[C@@H](C)[C@H]1CC[C@H]2[C@@H]3CC=C4C[C@@H](O)CC[C@]4(C)[C@H]3CC[C@]12C)C(C)C,37,C0749,Stigmasterol,CAS:83-48-7,CID:5281330,CHEMBL400247,C29H48O,H1051 | H0662 | H0378 | H0970 | H0958 | H1061 | H0417 | H0095 | H0715 | H0941 | H0850 | H1146 | H0949 | H0456 | H1175 | H0341 | H0103 | H1200 | H0942 | H0273 | H0396 | H0933 | H0650 | H1251 | H0523 | H0818 | H1019 | H0064 | H0210 | H0663 | H0628 | H0357 | H0256 | H0955 | H0274 | H0185 | H1102,37,8.45347785949707,350.5503486513629,False,False
98,912,O=C(/C=C/c1ccc(O)c(O)c1)c1ccc(O)cc1O,3,C1199,Butein,CAS:487-52-5,CID:5281222,CHEMBL128000,C15H12O5,H0396 | H0397 | H0391,3,8.420663833618164,342.66709067187867,False,False
99,911,c1c[nH]cn1,2,C0140,Imidazole,CAS:288-32-4,CID:795,CHEMBL540,C3H4N2,H0360 | H0847,2,8.40882682800293,339.86708260023687,False,False
100,910,O=C1c2ccccc2C(=O)c2c(O)c(O)cc(O)c21,5,C0339,Purpurin,CAS:81-54-9,CID:6683,CHEMBL294264,C14H8O5,H0928 | H0926 | H0617 | H0472 | H0927,5,8.398414611816406,337.42302470587714,False,False
101,909,CCCCCc1cc(O)c2c(c1)OC(C)(CCC=C(C)C)C=C2,2,C0530,Cannabichromene,CAS:20675-51-8,CID:30219,CHEMBL422704,C21H30O2,H0204 | H0003,2,8.392914772033691,336.1391499254182,False,False
102,908,CC(C)=CCc1c(-c2ccc(O)cc2O)oc2c(CC=C(C)C)c(O)cc(O)c2c1=O,6,C0170,Kuwanon C,CAS:62949-79-5,CID:5481958,CHEMBL518543,C25H26O6,H0393 | H0394 | H0396 | H0397 | H0395 | H0391,6,8.391060829162598,335.7074699637136,False,False
103,907,O=C(O)c1cccc(O)c1,4,C0761,3-Hydroxybenzoic Acid,CAS:99-06-9,CID:7420,CHEMBL65369,C7H6O3,H0275 | H0360 | H0847 | H0747,4,8.391016006469727,335.69704012327867,False,False
104,906,O=C1c2ccc(O)c(O)c2C(=O)c2c(O)ccc(O)c21,4,C0356,Quinalizarin,CAS:81-61-8,CID:5004,CHEMBL29898,C14H8O6,H0928 | H0926 | H0472 | H0927,4,8.383402824401855,333.930214068962,False,False
105,905,CC1=C(/C=C/C(C)=C/C=C/C(C)=C/C=C/C=C(C)/C=C/C=C(C)/C=C/C2=C(C)C(=O)CCC2(C)C)C(C)(C)CCC1=O,2,C1213,Canthaxanthin,CAS:514-78-3,CID:5281227,CHEMBL1329004,C40H52O2,H0360 | H0847,2,8.378636360168457,332.82877547832425,False,False
106,904,COc1cc(O)c2c(c1)O[C@H](c1ccc(O)cc1)CC2=O,12,C0382,Sakuranetin,CAS:2957-21-3,CID:73571,CHEMBL448297,C16H14O5,H1174 | H1152 | H0027 | H0026 | H0577 | H1021 | H1007 | H0952 | H0042 | H0963 | H0944 | H0031,12,8.377772331237793,332.6295042628683,False,False
107,903,CC(=O)Oc1ccccc1C(=O)O,7,C0934,Aspirin,CAS:50-78-2,CID:2244,CHEMBL25,C9H8O4,H1010 | H1120 | H0360 | H0847 | H0004 | H0572 | H0005,7,8.34289836883545,324.6853248487438,False,False
108,902,COc1cc(C=O)ccc1O,80,C0479,Vanillin,CAS:121-33-5,CID:1183,CHEMBL13883,C8H8O3,H0892 | H0567 | H0204 | H0510 | H1208 | H0714 | H0108 | H0973 | H0695 | H0956 | H0755 | H0672 | H0315 | H1244 | H0216 | H1090 | H0275 | H1052 | H0416 | H0902 | H0688 | H0745 | H1203 | H0665 | H0566 | H0841 | H0578 | H0217 | H1183 | H0093 | H0327 | H1181 | H0360 | H0381 | H0385 | H0085 | H0846 | H0028 | H0526 | H0650 | H0972 | H0847 | H0384 | H1097 | H0763 | H1013 | H0380 | H0524 | H0746 | H0418 | H1229 | H0747 | H0383 | H1207 | H0446 | H0088 | H0895 | H0893 | H0382 | H1079 | H0358 | H0659 | H0076 | H0642 | H0585 | H0473 | H0897 | H0357 | H0955 | H0003 | H0427 | H0109 | H0214 | H1110 | H0314 | H1156 | H0542 | H0768 | H1056 | H0990,80,8.318986892700195,319.3482850257045,False,False
109,901,O=C(O)c1cc2ccccc2c(Cc2c(O)c(C(=O)O)cc3ccccc23)c1O,1,C0288,Pamoic Acid,CAS:130-85-8,CID:8546,CHEMBL177880,C23H16O6,H0312,1,8.318632125854492,319.26976513629546,False,False
110,900,Cc1cc(C(C)(C)C)c(O)c(C(C)(C)C)c1,36,C1201,Butylated Hydroxytoluene,CAS:128-37-0,CID:31404,CHEMBL146,C15H24O,H0551 | H0134 | H0402 | H0065 | H1010 | H0354 | H0561 | H0416 | H0401 | H0852 | H0104 | H0103 | H1120 | H0360 | H0381 | H0385 | H0085 | H0169 | H0188 | H0847 | H0384 | H0631 | H0380 | H0524 | H0383 | H0004 | H0924 | H0154 | H0382 | H0358 | H0064 | H0613 | H0357 | H0427 | H0572 | H0005,36,8.290868759155273,313.1844470885188,False,False
111,899,CC(C)(c1ccc(O)cc1)c1ccc(O)cc1,5,C1193,Bisphenol A,CAS:80-05-7,CID:6623,CHEMBL418971,C15H16O2,H0416 | H0360 | H0847 | H0358 | H0357,5,8.287496566772461,312.4532566156658,False,False
112,898,COc1cc(C(=O)O)ccc1O,168,C0478,Vanillic Acid,CAS:121-34-6,CID:8468,CHEMBL120568,C8H8O4,H1141 | H0429 | H1051 | H1108 | H0712 | H0510 | H1089 | H0939 | H0825 | H1208 | H0551 | H1020 | H0108 | H0785 | H0164 | H0773 | H0757 | H0398 | H0915 | H0695 | H0956 | H0762 | H0755 | H0065 | H0216 | H0279 | H1010 | H1090 | H0354 | H0100 | H1169 | H0095 | H0715 | H0173 | H1052 | H0872 | H0317 | H1104 | H1112 | H1221 | H0153 | H0094 | H0938 | H1202 | H0463 | H0900 | H0075 | H0995 | H0699 | H1249 | H0941 | H0950 | H0570 | H0399 | H0515 | H0729 | H0139 | H0760 | H0457 | H0053 | H0041 | H0548 | H0722 | H0172 | H0949 | H0566 | H0183 | H0141 | H0841 | H0592 | H1124 | H0239 | H0029 | H0464 | H0775 | H0590 | H1100 | H1133 | H1120 | H0462 | H0756 | H0217 | H0316 | H0577 | H0750 | H1243 | H0424 | H0093 | H0403 | H0196 | H0327 | H1181 | H0360 | H0819 | H1240 | H0396 | H0682 | H0140 | H0846 | H0874 | H0526 | H0784 | H0301 | H1188 | H0269 | H1140 | H1210 | H0951 | H0397 | H0847 | H1046 | H1053 | H0248 | H0166 | H1220 | H1218 | H1055 | H0763 | H1045 | H0524 | H0346 | H0747 | H0004 | H1207 | H0446 | H0088 | H1107 | H1164 | H1005 | H0818 | H0015 | H1019 | H0064 | H0007 | H1106 | H0302 | H1105 | H0963 | H0242 | H0539 | H0897 | H0304 | H0082 | H0035 | H1248 | H0256 | H1111 | H1247 | H0955 | H0921 | H0528 | H1242 | H0152 | H0391 | H0109 | H1250 | H0572 | H1110 | H0005 | H0377 | H0237 | H0255 | H0542 | H1219 | H0932 | H0219 | H0410 | H1241,168,8.282218933105469,311.3123354492068,False,False
113,897,CCCCCCCCCCCCCCCC(=O)OC,6,C0583,"Methyl Hexadecanate,Methyl Palmitate",,CID:8181,CHEMBL335125,C17H34O2,H0892 | H0378 | H0958 | H0112 | H0341 | H1215,6,8.27725601196289,310.24325008214055,False,False
114,896,Cc1nc(C)c(C)nc1C,3,C0598,Chuanxiongzine,,CID:14296,CHEMBL303697,C8H12N2,H0892 | H0197 | H0761,3,8.266100883483887,307.85365427929315,False,False
115,895,O=C(O[C@@H]1Cc2c(O)cc(O)cc2O[C@@H]1c1ccc(O)c(O)c1)c1cc(O)c(O)c(O)c1,47,C0045,Epicatechin Gallate,CAS:1257-08-5,CID:107905,CHEMBL36327,C22H18O10,H0928 | H0420 | H0419 | H0926 | H0519 | H1075 | H1127 | H1169 | H0571 | H0626 | H1034 | H1066 | H0366 | H1114 | H0141 | H0444 | H1067 | H0424 | H1074 | H0998 | H1000 | H0819 | H1073 | H0140 | H0301 | H1139 | H0368 | H0269 | H1070 | H1004 | H0733 | H1072 | H1164 | H0472 | H0818 | H0240 | H0302 | H0927 | H0421 | H0304 | H1029 | H0637 | H0422 | H1071 | H1069 | H0540 | H0226,47,8.262969017028809,307.1860767625127,False,False
116,894,O=C1CC(c2ccccc2)Oc2ccccc21,6,C0075,Flavanone,CAS:487-26-3,CID:10251,CHEMBL274318,C15H12O2,H0111 | H1161 | H0533 | H0693 | H0575 | H0092,6,8.26264476776123,307.117043692323,False,False
117,893,Nc1ccc(C(=O)O)c(O)c1,1,C0896,Aminosalicylic Acid,CAS:28088-64-4,CID:4649,CHEMBL1169,C7H7NO3,H0327,1,8.239561080932617,302.2421545396339,False,False
118,892,CCCCCCCCC=CCCCCCCCC(=O)O,166,C0263,Oleic Acid,CAS:112-80-1,CID:445639,CHEMBL8659,C18H34O2,H0892 | H0821 | H0204 | H1051 | H0409 | H0484 | H0580 | H0300 | H0310 | H1208 | H0714 | H0551 | H1214 | H0108 | H0869 | H0126 | H1011 | H0704 | H0125 | H1253 | H0519 | H0973 | H0134 | H0695 | H0956 | H0224 | H0697 | H1204 | H0216 | H1010 | H1252 | H0583 | H0057 | H0888 | H1169 | H0173 | H0878 | H0416 | H0720 | H1148 | H1176 | H1170 | H0530 | H0153 | H0688 | H1077 | H0463 | H0941 | H1231 | H0950 | H0570 | H1203 | H0515 | H0233 | H0079 | H0740 | H0771 | H0053 | H0104 | H1128 | H0769 | H0949 | H0665 | H0466 | H0141 | H0770 | H0743 | H0844 | H0016 | H0239 | H0464 | H0258 | H1120 | H0462 | H0217 | H0750 | H0816 | H0093 | H0998 | H1000 | H0327 | H1131 | H1181 | H0360 | H0381 | H1240 | H0227 | H0385 | H0140 | H0028 | H0195 | H0531 | H1026 | H0301 | H1188 | H0650 | H0269 | H0951 | H0972 | H0847 | H1171 | H0384 | H0071 | H1097 | H1251 | H0225 | H1055 | H0002 | H0380 | H0524 | H1229 | H0383 | H0004 | H1207 | H0446 | H0088 | H1228 | H0365 | H0054 | H0739 | H0895 | H0250 | H0853 | H0893 | H1173 | H1164 | H0382 | H1079 | H0461 | H0060 | H0358 | H0659 | H1115 | H0581 | H0302 | H1223 | H0242 | H1149 | H0576 | H0473 | H0604 | H1230 | H1130 | H0897 | H1150 | H0304 | H0527 | H0035 | H0086 | H1254 | H0357 | H0955 | H0003 | H0152 | H0109 | H0572 | H1110 | H0005 | H0529 | H0547 | H0255 | H1156 | H0768 | H0679 | H0990 | H1147,166,8.228307723999023,299.8937663177698,False,False
119,891,COc1cc(O)c2c(=O)c(O)c(-c3ccc(O)c(O)c3)oc2c1,22,C0368,Rhamnetin,CAS:90-19-7,CID:5281691,CHEMBL312163,C16H12O7,H1208 | H0785 | H1010 | H0872 | H0760 | H0029 | H1120 | H1243 | H1183 | H1181 | H0682 | H1097 | H0004 | H1207 | H0056 | H0082 | H1242 | H0214 | H0572 | H0005 | H0990 | H1241,22,8.22507381439209,299.22228472015564,False,False
120,890,CC(C)[C@H]1CC[C@H](C)C[C@@H]1O,2,C0670,Menthol,CAS:1490-04-6,CID:165675,CHEMBL2106989,C10H20O,H0055 | H0436,2,8.198670387268066,293.7958866922942,False,False
121,889,COc1cc(C=CC(=O)CCCCc2ccccc2)ccc1O,1,C0797,Yakuchinone B,CAS:81840-57-5,CID:6440365,,C20H22O3,H0740,1,8.19377613067627,292.80089041507773,False,False
122,888,COc1cc(O)ccc1C(=O)C=Cc1ccc(O)c(O)c1,1,C0772,"2'-Methoxy-3,4,4'-Trihydroxychalcone",,CID:5319493,CHEMBL476986,C16H14O5,H0511,1,8.182550430297852,290.53142922715404,False,False
123,887,CCCCOC(=O)c1ccccc1C(=O)OCCCC,57,C0014,Dibutyl Phthalate,CAS:84-74-2,CID:3026,CHEMBL272485,C16H22O4,H1051 | H0296 | H1022 | H0134 | H0956 | H1010 | H0522 | H1169 | H0416 | H0450 | H0688 | H0975 | H0243 | H0607 | H0605 | H0141 | H0103 | H1120 | H1154 | H0608 | H0750 | H0424 | H0115 | H0819 | H0140 | H0085 | H0496 | H0933 | H0301 | H0931 | H1055 | H0606 | H0609 | H1229 | H0004 | H0452 | H0930 | H0365 | H1129 | H0154 | H1164 | H0451 | H0818 | H0358 | H0302 | H0297 | H0304 | H0613 | H0357 | H0955 | H0974 | H0427 | H0572 | H0005 | H0768 | H0219 | H0307,57,8.169973373413086,288.0096564836907,False,False
124,886,COc1c(CC=C(C)C)c(O)cc2oc(=O)c(-c3ccc(O)cc3O)cc12,1,C0766,Glycycoumarin,CAS:94805-82-0,CID:5317756,CHEMBL1223642,C21H20O6,H1066,1,8.154130935668945,284.8642833207959,False,False
125,885,CCC(=O)O,51,C0524,Propionic Acid,CAS:79-09-4,CID:1032,CHEMBL14021,C3H6O2,H1108 | H0869 | H0958 | H0973 | H0956 | H0672 | H0216 | H0888 | H1169 | H0095 | H0878 | H1104 | H1112 | H0094 | H0745 | H0941 | H0740 | H0960 | H0456 | H0141 | H0743 | H1124 | H0578 | H0217 | H0360 | H0140 | H0301 | H1188 | H0972 | H0847 | H0746 | H0418 | H0881 | H0365 | H1107 | H1164 | H1079 | H1106 | H0302 | H0076 | H1105 | H0585 | H0473 | H0539 | H0304 | H1111 | H0955 | H1156 | H0331 | H0679 | H0932,51,8.142191886901855,282.5166113181812,False,False
126,884,O=c1cc(-c2ccccc2)oc2ccccc12,13,C0077,Flavone,CAS:525-82-6,CID:10680,CHEMBL275638,C15H10O2,H0976 | H0695 | H0700 | H0820 | H1161 | H1124 | H0550 | H0667 | H0347 | H0078 | H0270 | H0388 | H0092,13,8.132112503051758,280.54968895147664,False,False
127,883,C[C@H]1[C@H](C)CC[C@]2(C(=O)O)CC[C@]3(C)C(=CC[C@@H]4[C@@]5(C)C[C@@H](O)[C@H](O)C(C)(C)[C@@H]5CC[C@]43C)[C@H]12,31,C1253,Corosolic Acid,CAS:4547-24-4,CID:6918774,CHEMBL391533,C30H48O4,H0230 | H0216 | H0941 | H0308 | H0570 | H1203 | H0068 | H0607 | H0605 | H0016 | H0656 | H0608 | H0217 | H0854 | H0067 | H0327 | H0069 | H1240 | H0085 | H0370 | H0170 | H0606 | H0609 | H1229 | H0747 | H0638 | H1117 | H0614 | H0035 | H0427 | H1056,31,8.122849464416504,278.7541482765412,False,False
128,882,O=c1ccc2cc(O)c(O)cc2o1,79,C0053,Esculetin,CAS:305-01-1,CID:5281416,CHEMBL244743,C9H6O4,H1089 | H0551 | H1015 | H0704 | H1222 | H0956 | H1138 | H1075 | H0315 | H1244 | H0065 | H0354 | H0095 | H0571 | H0758 | H1221 | H1225 | H1017 | H0094 | H0536 | H0745 | H1231 | H0139 | H1066 | H0053 | H0104 | H1128 | H0805 | H0444 | H0103 | H1067 | H1074 | H0428 | H0273 | H1073 | H0396 | H0612 | H1201 | H1188 | H1224 | H0804 | H0269 | H0397 | H1046 | H1070 | H1220 | H1045 | H0746 | H0418 | H0813 | H1228 | H1072 | H0988 | H0541 | H0154 | H0015 | H0240 | H0064 | H0614 | H1115 | H0335 | H0585 | H1016 | H0325 | H1230 | H0613 | H0035 | H0802 | H0955 | H1227 | H1071 | H0528 | H1069 | H0391 | H0640 | H0314 | H0413 | H0083 | H1056,79,8.121167182922363,278.42929123594774,False,False
129,881,C=C(C)[C@@H]1CC[C@]2(C(=O)O)CC[C@]3(C)[C@H](CC[C@@H]4[C@@]5(C)CC[C@H](O)C(C)(C)[C@@H]5CC[C@]43C)[C@@H]12,59,C1180,Betulinic Acid,CAS:472-15-1,CID:64971,CHEMBL269277,C30H48O3,H0361 | H0801 | H1015 | H0940 | H0216 | H1169 | H0470 | H0229 | H1017 | H1179 | H0463 | H0941 | H0950 | H1203 | H0515 | H0139 | H0949 | H0141 | H0016 | H0464 | H0775 | H0258 | H0160 | H0462 | H0217 | H0693 | H0727 | H0278 | H0989 | H0327 | H0396 | H0140 | H0496 | H0301 | H0269 | H0951 | H0968 | H0453 | H0397 | H1004 | H0967 | H1211 | H0829 | H1164 | H0461 | H0060 | H0277 | H0158 | H1205 | H0302 | H0020 | H1016 | H0304 | H0637 | H0391 | H0780 | H0237 | H0591 | H1186,59,8.11992359161377,278.18939087835344,False,False
130,880,CSC,1,C0560,Dimethyl Sulfide,CAS:75-18-3,CID:1068,CHEMBL15580,C2H6S,H0938,1,8.093876838684082,273.2119617328383,False,False
131,879,O=C(c1ccccc1)c1ccccc1,2,C1167,Benzophenone,CAS:119-61-9,CID:3102,CHEMBL90039,C13H10O,H0360 | H0847,2,8.091413497924805,272.74586190059864,False,False
132,878,C[C@]12CC[C@H](O)CC1=CC[C@@H]1[C@@H]2CC[C@]2(C)C(=O)CC[C@@H]12,2,C0322,Prasterone,CAS:53-43-0,CID:5881,CHEMBL90593,C19H28O2,H0360 | H0847,2,8.085907936096191,271.7070022720041,False,False
133,877,C=C(C)[C@@H]1CC[C@]2(CO)CC[C@]3(C)[C@H](CC[C@@H]4[C@@]5(C)CC[C@H](O)C(C)(C)[C@@H]5CC[C@]43C)[C@@H]12,32,C1179,Betulin,CAS:473-98-3,CID:72326,CHEMBL23236,C30H50O2,H0361 | H0300 | H0296 | H0801 | H0506 | H1015 | H1222 | H0762 | H0229 | H1225 | H1017 | H0463 | H0515 | H0464 | H0462 | H0206 | H0859 | H0989 | H0507 | H0855 | H1224 | H1004 | H0207 | H1211 | H0829 | H0060 | H0297 | H0020 | H1016 | H0637 | H1227 | H0318,32,8.077947616577148,270.2119402978659,False,False
134,876,CCCCCC/C=C\CCCCCCCC(=O)O,80,C0287,Palmitoleic Acid,CAS:373-49-9,CID:445638,CHEMBL453509,C16H30O2,H0204 | H1051 | H1108 | H0409 | H0889 | H0714 | H0108 | H0126 | H0125 | H0519 | H0973 | H0890 | H0216 | H0173 | H0416 | H1104 | H1112 | H0688 | H0463 | H0941 | H1203 | H0515 | H0740 | H0665 | H0466 | H0651 | H0743 | H1168 | H0464 | H0462 | H0217 | H0750 | H0093 | H0998 | H1000 | H0327 | H0360 | H0381 | H0385 | H0085 | H0028 | H0195 | H1188 | H0650 | H0269 | H0972 | H0847 | H0384 | H1055 | H1232 | H0380 | H1229 | H0383 | H0446 | H0088 | H0895 | H1107 | H0382 | H1079 | H0358 | H0659 | H0652 | H1106 | H1105 | H0473 | H0539 | H1130 | H0886 | H0897 | H0357 | H1111 | H0003 | H0427 | H0887 | H1167 | H0109 | H1110 | H1156 | H0768 | H0679,80,8.067133903503418,268.19413977745455,False,False
135,875,CCCCCCCC/C=C\CCCCCCCCCCCC(=O)O,11,C0051,Erucic Acid,CAS:112-86-7,CID:5281116,CHEMBL1173380,C22H42O2,H0126 | H0125 | H0519 | H0173 | H1170 | H1128 | H0466 | H0360 | H0847 | H1171 | H0547,11,8.060076713562012,266.88542570740316,False,False
136,874,CCCCCCCC/C=C\CCCCCCCC(O)=NCCO,2,C0264,Oleoylethanolamide,CAS:111-58-0,CID:5283454,CHEMBL280065,C20H39NO2,H0360 | H0847,2,8.05789852142334,266.4827840582983,False,False
137,873,CC1=CCc2c(ccc3cc(-c4cc(O)cc(O)c4)oc23)OC1,1,C0774,Morusin,,CID:5319890,CHEMBL3397394,C19H16O4,H0396,1,8.04942798614502,264.9227605072638,False,False
138,872,C[C@H]1[C@H](C)CC[C@]2(C(=O)O)CC[C@]3(C)C(=CC[C@@H]4[C@@]5(C)C[C@@H](O)[C@H](O)[C@@](C)(CO)[C@@H]5CC[C@]43C)[C@H]12,5,C0928,Asiatic Acid,CAS:464-92-6,CID:119034,CHEMBL404313,C30H48O5,H0016 | H0656 | H0638 | H0087 | H0412,5,8.048385620117188,264.731419480902,False,False
139,871,C=C(C)[C@@H]1CC[C@]2(C(=O)O)CC[C@]3(C)[C@H](CC[C@@H]4[C@@]5(C)CCC(=O)C(C)(C)[C@@H]5CC[C@]43C)[C@@H]12,19,C1181,Betunolic Acid,CAS:4481-62-3,CID:122844,CHEMBL431525,C30H46O3,H1089 | H0296 | H1049 | H0695 | H1047 | H0279 | H0153 | H0941 | H0177 | H0703 | H1183 | H0085 | H0967 | H0297 | H0427 | H0528 | H0318 | H0152 | H1056,19,8.046142578125,264.3201459253131,False,False
140,870,C=CC(C)(C)c1cc(C=CC(=O)c2ccc(O)cc2)c(OC)cc1O,21,C0185,Licoagrochacone A,,CID:5318998,CHEMBL139702,C21H22O4,H1075 | H1010 | H0571 | H1066 | H0444 | H1067 | H1120 | H1074 | H1073 | H0981 | H1070 | H0019 | H0004 | H1072 | H0240 | H0017 | H0018 | H1071 | H1069 | H0572 | H0005,21,8.042651176452637,263.68124996855386,False,False
141,869,CC(C)=CCCC(C)=CCCC(C)=CCO,50,C0072,Farnesol,CAS:4602-84-0,CID:445070,CHEMBL25308,C15H26O,H1051 | H1015 | H0065 | H0354 | H1169 | H0758 | H0416 | H1017 | H0124 | H0308 | H0729 | H0805 | H0607 | H0605 | H0141 | H0574 | H0608 | H0750 | H1183 | H0093 | H0360 | H0381 | H0385 | H0140 | H0028 | H0582 | H0301 | H0804 | H0847 | H0384 | H1055 | H0763 | H0606 | H0380 | H0609 | H0383 | H0813 | H0446 | H0088 | H0895 | H1164 | H0382 | H0358 | H0064 | H0302 | H1016 | H0604 | H0304 | H0802 | H0357,50,8.039583206176758,263.12111309407334,False,False
142,868,CC1=CC[C@H]2C[C@@H]1C2(C)C,19,C0697,?-Pinene,CAS:80-56-8,CID:440968,CHEMBL3109297,C10H16,H0629 | H0309 | H0958 | H0817 | H0072 | H0139 | H0605 | H0764 | H0196 | H0347 | H0446 | H1001 | H0365 | H0436 | H0064 | H0084 | H1030 | H0331 | H1009,19,8.026926040649414,260.82277498583227,False,False
143,867,Cc1cn[nH]c1,2,C0082,Fomepizole,CAS:7554-65-6,CID:3406,CHEMBL1308,C4H6N2,H1097 | H0990,2,8.022205352783203,259.9707233445896,False,False
144,866,O=c1cc(CO)occ1O,8,C0168,Kojic Acid,CAS:501-30-4,CID:3840,CHEMBL287556,C6H6O4,H1174 | H0027 | H0026 | H0269 | H1007 | H0952 | H0944 | H0031,8,8.012984275817871,258.3144028356574,False,False
145,865,C[C@]12CCC(=O)C[C@@H]1CC[C@@H]1[C@@H]2CC[C@]2(C)[C@@H](O)CC[C@@H]12,2,C0415,Stanolone,CAS:521-18-6,CID:10635,CHEMBL27769,C19H30O2,H0360 | H0847,2,8.006331443786621,257.1259562280575,False,False
146,864,COc1cc([C@H]2O[C@@H](c3ccc(O)c(OC)c3)[C@H](C)[C@@H]2C)ccc1O,1,C0244,Nectandrin B,CAS:74683-16-2,CID:156517,CHEMBL228326,C20H24O5,H0365,1,7.9871625900268555,253.73216189924844,False,False
147,863,CC[C@H](CC[C@@H](C)[C@H]1CC[C@H]2[C@@H]3CC=C4C[C@H](O)CC[C@]4(C)[C@H]3CC[C@]12C)C(C)C,3,C0831,sitosterol,CAS:83-46-5,CID:12303645,,C29H50O,H0835 | H0112 | H0143,3,7.970414161682129,250.80358528843686,False,False
148,862,COc1cc2c(=O)c(-c3ccc(O)cc3)coc2cc1O,1,C0765,Glycitein,CAS:40957-83-3,CID:5317750,CHEMBL513024,C16H12O5,H1175,1,7.934708595275879,244.67257578883456,False,False
149,861,Nc1ccccc1,2,C0908,Aniline,CAS:62-53-3,CID:6115,CHEMBL538,C6H7N,H0360 | H0847,2,7.913107872009277,241.0365088327503,False,False
150,860,CCCCCCCC/C=C\CCCCCCCC(=O)OCC(COC(=O)CCCCCCC/C=C\CCCCCCCC)OC(=O)CCCCCCC/C=C\CCCCCCCC,2,C0791,Triolein,CAS:122-32-7,CID:5497163,,C57H104O6,H1006 | H0112,2,7.908092498779297,240.20002629955687,False,False
151,859,O=[N+]([O-])c1ccc(O)cc1,8,C0318,P-Nitrophenol,CAS:100-02-7,CID:980,CHEMBL14130,C6H5NO3,H0420 | H0419 | H1127 | H0360 | H0847 | H0733 | H0421 | H0422,8,7.892891883850098,237.68250150028612,False,False
152,858,CC1=C[C@H](O)CC(C)(C)[C@H]1/C=C/C(C)=C/C=C/C(C)=C/C=C/C=C(C)/C=C/C=C(C)/C=C/C1=C(C)C[C@@H](O)CC1(C)C,1,C0744,Lutein,CAS:127-40-2,CID:5281243,CHEMBL173929,C40H56O2,H0818,1,7.891115188598633,237.38997297592553,False,False
153,857,CCCCCCCCCCCCCCO,2,C0584,1-Tetradecanol,,CID:8209,CHEMBL24022,C14H30O,H0090 | H0955,2,7.871291160583496,234.15031368986914,False,False
154,856,Oc1cc(O)c2cc(O)c(-c3ccc(O)c(O)c3)[o+]c2c1,14,C1266,Cyanidin,,CID:128861,CHEMBL404515,C15H10O6,H1174 | H0027 | H0463 | H0515 | H0026 | H0464 | H0462 | H1007 | H0952 | H0060 | H0614 | H0035 | H0944 | H0031,14,7.85460090637207,231.45708368150122,False,False
155,855,Cn1c(=O)c2[nH]cnc2n(C)c1=O,4,C0443,Theophylline,CAS:58-55-9,CID:2153,CHEMBL190,C7H8N4O2,H0360 | H0847 | H1004 | H0637,4,7.817934989929199,225.6487521132245,False,False
156,854,CCCCCCCCO,51,C0259,Octanol,CAS:111-87-5,CID:957,CHEMBL26215,C8H18O,H1051 | H0150 | H0947 | H0201 | H0095 | H0238 | H0173 | H0758 | H0416 | H1170 | H0530 | H0879 | H0153 | H0094 | H1128 | H0805 | H0200 | H0592 | H1245 | H0239 | H0590 | H1198 | H0750 | H0093 | H0360 | H0370 | H0531 | H0804 | H0565 | H0847 | H1171 | H1055 | H0631 | H0002 | H0197 | H0813 | H0088 | H1189 | H0198 | H0358 | H0246 | H0242 | H0604 | H0554 | H0527 | H0802 | H0357 | H0152 | H0903 | H0529 | H0547,51,7.793656349182129,221.88315726429485,False,False
157,853,C[C@H]([C@H](O)CCC(C)(C)O)[C@H]1CC[C@@]2(O)C3=CC(=O)[C@@H]4C[C@@H](O)[C@@H](O)C[C@]4(C)[C@H]3CC[C@]12C,3,C0037,Ecdysone,CAS:3604-87-3,CID:19212,CHEMBL549300,C27H44O6,H0498 | H0871 | H0696,3,7.790566444396973,221.40844560226563,False,False
158,852,O=C(C=Cc1ccc(O)cc1)c1ccc(O)cc1O,32,C0152,Isoliquiritigenin,CAS:961-29-5,CID:638278,CHEMBL129795,C15H12O4,H1174 | H0803 | H1152 | H1239 | H1075 | H0027 | H0571 | H0081 | H1249 | H1066 | H0026 | H0444 | H1067 | H0190 | H1074 | H1021 | H1073 | H1007 | H1070 | H1072 | H0952 | H0240 | H1238 | H1248 | H1247 | H1071 | H1069 | H0214 | H1250 | H0944 | H0031 | H0809,32,7.788943290710449,221.1594824922914,False,False
159,851,CCCCCC=CC(=O)CCc1ccc(O)c(OC)c1,3,C0402,Shogaol,CAS:555-66-8,CID:5281794,CHEMBL25948,C17H24O3,H0030 | H0269 | H0446,3,7.780896186828613,219.9293270649948,False,False
160,850,CC=CC=O,10,C1262,Crotonaldehyde,CAS:4170-30-3,CID:447466,CHEMBL1086445,C4H6O,H1214 | H0173 | H1128 | H0103 | H1198 | H0360 | H0847 | H0154 | H0613 | H0253,10,7.759405136108398,216.6774393182353,False,False
161,849,C[C@H]1O[C@@H](O[C@H]2[C@@H](O)C[C@H](O[C@H]3[C@@H](O)C[C@H](O[C@H]4CC[C@@]5(C)[C@H](CC[C@@H]6[C@@H]5CC[C@]5(C)[C@@H](C7=CC(=O)OC7)CC[C@]65O)C4)O[C@@H]3C)O[C@@H]2C)C[C@H](O)[C@@H]1O,2,C0019,Digitoxin,CAS:71-63-6,CID:441207,CHEMBL254219,C41H64O13,H0553 | H0685,2,7.755329132080078,216.06613086010677,False,False
162,848,COc1cc(O)cc2c1C(=O)C[C@H](c1ccccc1)O2,1,C0717,Alpinetin,CAS:36052-37-6,CID:821279,,C16H14O4,H0574,1,7.74295711517334,214.22115020221293,False,False
163,847,CCCCO,15,C1200,Butyl Alcohol,CAS:71-36-3,CID:263,CHEMBL14245,C4H10O,H1051 | H1214 | H0956 | H0239 | H0103 | H0750 | H0360 | H0565 | H0847 | H1055 | H0446 | H0154 | H0242 | H0613 | H0955,15,7.737475872039795,213.4088021819256,False,False
164,846,C[C@H]1[C@H](C)CC[C@]2(C)CC[C@]3(C)C(=CC[C@@H]4[C@@]5(C)CC[C@@H](O)[C@](C)(C(=O)O)[C@@H]5CC[C@]43C)[C@H]12,2,C1194,Boswellic Acid,,CID:168928,CHEMBL267225,C30H48O3,H0685 | H0370,2,7.737460136413574,213.40647452241714,False,False
165,845,C[C@H]1O[C@@H](O[C@H]2[C@@H](O)C[C@H](O[C@H]3[C@@H](O)C[C@H](O[C@H]4CC[C@@]5(C)[C@H](CC[C@@H]6[C@@H]5C[C@@H](O)[C@]5(C)[C@@H](C7=CC(=O)OC7)CC[C@]65O)C4)O[C@@H]3C)O[C@@H]2C)C[C@H](O)[C@@H]1O,4,C0020,Digoxin,CAS:20830-75-5,CID:2724385,CHEMBL1751,C41H64O14,H0553 | H0685 | H0360 | H0847,4,7.714502334594727,210.03738583275958,False,False
166,844,CC1(C)CC[C@]2(C(=O)[O-])CC[C@]3(C)C(=CC[C@@H]4[C@@]5(C)C[C@@H](O)[C@H](O)[C@@](C)(CO)[C@@H]5CC[C@]43C)[C@@H]2[C@@H]1O,1,C0837,Arjungenin,CAS:58880-25-4,CID:12444386,CHEMBL499598,C30H48O6,H1170,1,7.712062358856201,209.68245774256513,False,False
167,843,Oc1cc(O)cc(O)c1,6,C0304,Phloroglucinol,CAS:108-73-6,CID:359,CHEMBL473159,C6H6O3,H0717 | H0120 | H0360 | H0847 | H1117 | H0716,6,7.700275421142578,207.976313892467,False,False
168,842,C=CC=O,4,C0859,Acrolein,CAS:107-02-8,CID:7847,CHEMBL721,C3H4O,H1214 | H0173 | H0360 | H0847,4,7.673489093780518,204.15047212720043,False,False
169,841,CCC(/C=C/C(C)C1CCC2C3CC=C4CC(O)CCC4(C)C3CCC12C)C(C)C,1,C0784,Stigmasterol,CAS:83-48-7,CID:5364569,,C29H48O,H0838,1,7.669654846191406,203.60862220057462,False,False
170,840,CCCCCCCCCCCCCCCCC,5,C0597,Heptadecane,,CID:12398,CHEMBL3185332,C17H36,H0378 | H0958 | H0415 | H0364 | H0357,5,7.656980991363525,201.82778530183052,False,False
171,839,CCCCCc1cc(O)c(C/C=C(\C)CCC=C(C)C)c(O)c1,2,C1212,Cannabigerol,CAS:25654-31-3,CID:5315659,CHEMBL497318,C21H32O2,H0204 | H0003,2,7.647439956665039,200.497433158733,False,False
172,838,CC1(C)OC(=O)C=C[C@]2(C)[C@H]3CC[C@@]4(C)[C@H](c5ccoc5)OC(=O)[C@H]5O[C@]54[C@]3(C)C(=O)C[C@@H]12,14,C0257,Obacunone,CAS:751-03-1,CID:119041,CHEMBL404140,C26H30O7,H0089 | H0704 | H1231 | H0651 | H0093 | H0142 | H0088 | H1228 | H1115 | H0652 | H1092 | H1093 | H0604 | H1230,14,7.6430439949035645,199.88743757063926,False,False
173,837,C[C@@H]1C(=O)O[C@H](C)[C@H]1C[C@@H](O)[C@](C)(O)[C@H]1CC[C@@]2(O)C3=CC(=O)[C@@H]4C[C@@H](O)[C@@H](O)C[C@]4(C)[C@H]3CC[C@]12C,1,C1268,Cyasterone,CAS:17086-76-9,CID:119444,CHEMBL494249,C29H44O8,H0877,1,7.643043518066406,199.8873715041878,False,False
174,836,C[C@H](CCC(=O)O)[C@H]1CC[C@H]2[C@@H]3CC[C@@H]4C[C@H](O)CC[C@]4(C)[C@H]3CC[C@]12C,8,C0194,Lithocholic Acid,CAS:434-13-9,CID:9903,CHEMBL1478,C24H40O3,H0292 | H0291 | H0293 | H0488 | H0360 | H0847 | H0489 | H0487,8,7.630931854248047,198.21630815487748,False,False
175,835,CC1=C2C[C@H]3[C@@H](CC=C4C[C@@H](O)CC[C@@]43C)[C@@H]2CC[C@]12O[C@@H]1C[C@H](C)CN[C@H]1[C@H]2C,1,C1272,Cyclopamine,CAS:4449-51-8,CID:442972,CHEMBL254129,C27H41NO2,H0214,1,7.624588489532471,197.34668698318455,False,False
176,834,CC(=O)[C@H]1CC[C@H]2[C@@H]3CC=C4C[C@@H](O)CC[C@]4(C)[C@H]3CC[C@]12C,9,C0323,Pregnenolone,CAS:145-13-1,CID:8955,CHEMBL253363,C21H32O2,H0919 | H1090 | H0463 | H0515 | H0464 | H0462 | H0360 | H0847 | H0060,9,7.611275672912598,195.53399917799246,False,False
177,833,CCCCCCCCCCCCCC,4,C0596,Tetradecane,,CID:12389,CHEMBL135488,C14H30,H0378 | H1104 | H0182 | H0357,4,7.594513893127441,193.27535708325257,False,False
178,832,CC1=C(/C=C/C(C)=C/C=C/C(C)=C/C=C/C=C(C)/C=C/C=C(C)/C=C/C2=C(C)C[C@@H](O)CC2(C)C)C(C)(C)C[C@H](O)C1,2,C0738,Zeaxanthin,CAS:144-68-3,CID:5280899,CHEMBL2359248,C40H56O2,H0095 | H0804,2,7.582624912261963,191.6891556702672,False,False
179,831,COc1ccc(-c2coc3cc(O)ccc3c2=O)cc1,47,C0083,Formononetin,CAS:485-72-3,CID:5280378,CHEMBL242341,C16H12O4,H1094 | H1096 | H1095 | H1152 | H0201 | H1075 | H0571 | H0111 | H0957 | H0153 | H1202 | H1249 | H0950 | H1066 | H1080 | H0949 | H0705 | H0200 | H0533 | H1124 | H0444 | H1067 | H1074 | H0278 | H1021 | H0360 | H1073 | H0951 | H0847 | H1070 | H0575 | H0197 | H1072 | H0198 | H0240 | H0277 | H0826 | H0246 | H0084 | H1248 | H1247 | H1071 | H1069 | H0152 | H0214 | H1250 | H0377,47,7.582178115844727,191.62979955908904,True,True
180,830,CC[C@H]1[C@@H](O)[C@@H]2[C@H](CC[C@]3(C)[C@@H]([C@H](C)C[C@H](C)C(=O)O)CC[C@@H]23)[C@@]2(C)CC[C@@H](O)C[C@@H]12,1,C1184,Bile Acid,,CID:17755104,CHEMBL1258080,C27H46O4,H0431,1,7.560732364654541,188.80227841763946,False,False
181,829,CCOP(=S)(OCC)Oc1ccc([N+](=O)[O-])cc1,2,C0292,Parathion,CAS:56-38-2,CID:991,CHEMBL261919,C10H14NO5PS,H0360 | H0847,2,7.536492824554443,185.65660406428705,False,False
182,828,CCCCCCCCCCCCCCCCCCCCCCCC(=O)O,7,C0593,Lignoceric Acid,CAS:557-59-5,CID:11197,CHEMBL1173620,C24H48O2,H0940 | H0740 | H0456 | H0650 | H1030 | H0955 | H0331,7,7.5059099197387695,181.7623924991912,False,False
183,827,COc1cc(O)c2c(c1)oc(=O)c1c3cc(O)c(O)cc3oc21,4,C0484,Wedelolactone,CAS:524-12-9,CID:5281813,CHEMBL97453,C16H10O7,H0630 | H1157 | H0258 | H0625,4,7.5055155754089355,181.71271659979658,False,False
184,826,COc1cc(O)cc(O)c1C(=O)C=Cc1ccccc1,3,C1216,Cardamomin,CAS:19309-14-9,CID:641785,CHEMBL378104,C16H14O4,H0574 | H0582 | H0042,3,7.484759330749512,179.11710812884323,False,False
185,825,Cc1cc(OC(=O)c2c(C)cc(O)cc2O)cc(O)c1C(=O)O,3,C0176,Lecanoric Acid,CAS:480-56-8,CID:99613,CHEMBL1451874,C16H14O7,H0010 | H1090 | H0457,3,7.4804205894470215,178.57924298110802,False,False
186,824,CC(=O)O[C@@H]1C[C@H](O)[C@@]23CO[C@H](O)[C@@]1(C)[C@@H]2C[C@@H](O)[C@]1(C)[C@@H]3C(=O)[C@H](OC(C)=O)[C@@]2(C)[C@H](c3ccoc3)C[C@H]3O[C@]321,2,C0910,Toosendanin,,CID:100950797,,C30H38O11,H0108 | H0873,2,7.477198123931885,178.18080587414835,False,False
187,823,C[C@H](Cc1ccc(O)c(O)c1)[C@@H](C)Cc1ccc(O)c(O)c1,1,C0615,Nordihydroguaiaretic Acid,CAS:500-38-9,CID:71398,CHEMBL313972,C18H22O4,H0605,1,7.474863052368164,177.89264490303987,False,False
188,822,C[C@]12CC[C@H]3[C@@H](CC=C4C[C@@H](O)CC[C@@]43C)[C@@H]1CC[C@@H]2O,2,C0900,Androstenediol,CAS:521-17-5,CID:10634,CHEMBL440283,C19H30O2,H0360 | H0847,2,7.459753036499023,176.0392153879298,False,False
189,821,CCCCCCCCCCCCCCCc1cccc(O)c1C(=O)O,10,C0897,Anacardic Acid,,CID:167551,CHEMBL33778,C22H36O3,H1051 | H1169 | H0141 | H0750 | H0140 | H0301 | H1055 | H1164 | H0302 | H0304,10,7.4591264724731445,175.96277796478944,False,False
190,820,COc1cc(O)c2c(=O)c(-c3ccc(O)cc3)coc2c1,8,C0334,Prunetin,CAS:552-59-0,CID:5281804,CHEMBL491174,C16H12O5,H0032 | H0981 | H0270 | H0019 | H0084 | H0017 | H0018 | H0679,8,7.456989288330078,175.70230264768836,False,False
191,819,C[C@]12CCC(=O)C=C1CC[C@@H]1[C@@H]2CC[C@]2(C)C(=O)CC[C@@H]12,4,C0901,Androstenedione,CAS:63-05-8,CID:6128,CHEMBL274826,C19H26O2,H0697 | H0360 | H0847 | H0761,4,7.447624206542969,174.56544610392976,False,False
192,818,CN(C)C=O,2,C0024,Dimethylformamide,CAS:68-12-2,CID:6228,CHEMBL268291,C3H7NO,H0360 | H0847,2,7.440710067749023,173.73083997240894,False,False
193,817,CCCCCCCCCCCCCCCCCC(=O)O,176,C0416,Stearic Acid,CAS:57-11-4,CID:5281,CHEMBL46403,C18H36O2,H0204 | H1051 | H1108 | H0558 | H0912 | H0484 | H0713 | H0714 | H0108 | H0909 | H1015 | H0869 | H0126 | H1011 | H0125 | H0398 | H0519 | H0973 | H0134 | H0695 | H0249 | H0697 | H0315 | H1244 | H1204 | H0216 | H0279 | H1010 | H0073 | H0888 | H1169 | H0095 | H0715 | H0173 | H0878 | H0317 | H0416 | H1104 | H1112 | H1176 | H0913 | H1170 | H0535 | H0751 | H0153 | H1017 | H0094 | H1077 | H0753 | H0745 | H1202 | H0463 | H0995 | H0941 | H0950 | H0570 | H1203 | H0399 | H0515 | H0079 | H0139 | H0771 | H0053 | H1128 | H0843 | H0509 | H0769 | H0949 | H0665 | H0456 | H0466 | H0141 | H0770 | H0764 | H0016 | H1124 | H0910 | H0239 | H0464 | H0258 | H0597 | H1120 | H0462 | H0908 | H0217 | H0316 | H0750 | H0113 | H0093 | H0998 | H1000 | H0327 | H0360 | H0381 | H1240 | H0227 | H0385 | H0140 | H0085 | H0028 | H1201 | H0301 | H1188 | H0650 | H0269 | H0573 | H0951 | H0972 | H0847 | H1171 | H0384 | H0071 | H1097 | H1055 | H0631 | H1232 | H0380 | H0746 | H0418 | H0383 | H0881 | H0004 | H0584 | H0446 | H0088 | H0365 | H0054 | H0895 | H1107 | H0627 | H1173 | H0557 | H1164 | H0382 | H1079 | H0920 | H0461 | H0358 | H0659 | H0144 | H1106 | H0302 | H1105 | H0242 | H0585 | H1016 | H0576 | H0752 | H0352 | H0473 | H0604 | H0539 | H0364 | H0897 | H0304 | H0035 | H0086 | H0357 | H1111 | H0003 | H0427 | H0152 | H0109 | H0214 | H0572 | H1110 | H0005 | H0314 | H0547 | H0255 | H1156 | H0331 | H0679 | H0809 | H0514 | H0990,176,7.432123184204102,172.69986970699063,False,False
194,816,CCCCCCCCC,23,C0251,Nonane,,CID:8141,CHEMBL335900,C9H20,H0236 | H1011 | H0437 | H0956 | H1010 | H0356 | H0868 | H0592 | H0764 | H0590 | H1120 | H0360 | H0847 | H0967 | H0004 | H0446 | H1173 | H0955 | H0572 | H0235 | H0005 | H0253 | H1009,23,7.426022529602051,171.9711240292043,False,False
195,815,CC(C)=CCN1CC[C@@]2(C)c3cc(O)ccc3C[C@@H]1[C@@H]2C,3,C0296,Pentazocine,CAS:359-83-1,CID:441278,CHEMBL560,C19H27NO,H0757 | H0756 | H0248,3,7.4168291091918945,170.87874061211383,False,False
196,814,O=c1c(O)c(-c2cc(O)c(O)c(O)c2)oc2cc(O)cc(O)c12,62,C0229,Myricetin,CAS:529-44-2,CID:5281672,CHEMBL164,C15H10O8,H0567 | H1051 | H0721 | H0717 | H0958 | H1049 | H0426 | H1061 | H1152 | H0692 | H1047 | H0315 | H1244 | H1169 | H0626 | H0153 | H0463 | H0515 | H0960 | H1161 | H0141 | H0464 | H0177 | H0462 | H0693 | H0750 | H0379 | H1021 | H0360 | H0320 | H0396 | H0140 | H0195 | H0301 | H0269 | H0397 | H0847 | H0166 | H0071 | H1097 | H1055 | H0670 | H0625 | H0181 | H1164 | H0425 | H0060 | H0158 | H0302 | H0716 | H1068 | H0304 | H0152 | H0391 | H0092 | H0226 | H0314 | H1144 | H1048 | H0542 | H0219 | H0990,62,7.412955284118652,170.4205242815731,False,False
197,813,CC[C@@H]1[C@H]2CCCC[NH+]3[C@H]2[C@H](C[C@H]3[C@@H]2C[C@H](C)C(=O)O2)[C@@H]2[C@H]1OC(=O)[C@H]2C,1,C0634,Tuberostemonine,CAS:6879-01-2,CID:100781,CHEMBL517375,C22H33NO4,H0977,1,7.411274433135986,170.2220868479299,False,False
198,812,CCCCCCCCCCCCCCCC(O)=NCCO,2,C0284,Palmidrol,CAS:544-31-0,CID:4671,CHEMBL417675,C18H37NO2,H0360 | H0847,2,7.410561561584473,170.1379966525023,False,False
199,811,O=S1(=O)N=C(O)c2ccccc21,2,C0378,Saccharin,CAS:81-07-2,CID:5143,CHEMBL310671,C7H5NO3S,H0360 | H0847,2,7.407751083374023,169.80687769358235,False,False
200,810,CCCCCCCCCCCCCCCC(=O)O,274,C0285,Palmitic Acid,CAS:57-10-3,CID:985,CHEMBL82293,C16H32O2,H0892 | H0435 | H0907 | H0429 | H0204 | H1051 | H0673 | H0292 | H0730 | H1108 | H0558 | H0484 | H0889 | H0713 | H0010 | H0516 | H0296 | H0825 | H0714 | H0601 | H0551 | H1214 | H1020 | H0108 | H1015 | H0869 | H0126 | H0164 | H1011 | H0125 | H0773 | H0398 | H0519 | H0155 | H0973 | H0013 | H0828 | H0134 | H0695 | H0439 | H0956 | H0890 | H0201 | H0249 | H1138 | H0697 | H0315 | H1244 | H1204 | H0065 | H0216 | H0392 | H1010 | H0073 | H1090 | H0057 | H0232 | H0823 | H0354 | H0888 | H1169 | H0095 | H0238 | H0715 | H0173 | H1035 | H0824 | H0758 | H1217 | H0878 | H0416 | H0602 | H1104 | H1112 | H1148 | H1176 | H0450 | H1170 | H0291 | H0879 | H0153 | H1017 | H0094 | H1077 | H1234 | H0265 | H0745 | H0463 | H0975 | H0995 | H0941 | H0308 | H0570 | H1203 | H0399 | H0515 | H0233 | H0729 | H0079 | H0139 | H0771 | H0053 | H0104 | H0323 | H1128 | H0338 | H0509 | H0293 | H0937 | H0769 | H0805 | H0665 | H0466 | H0141 | H0770 | H0488 | H0200 | H0592 | H0844 | H0764 | H0016 | H0186 | H0239 | H0464 | H0590 | H0258 | H0578 | H1120 | H0462 | H0217 | H0750 | H0424 | H0113 | H0093 | H1184 | H0998 | H1000 | H0273 | H0327 | H0724 | H0360 | H0819 | H0381 | H1240 | H0227 | H0396 | H1109 | H0385 | H0140 | H0085 | H0496 | H0028 | H0195 | H1201 | H0370 | H0723 | H0784 | H1026 | H0301 | H1188 | H0804 | H0650 | H0972 | H0397 | H0847 | H1171 | H1083 | H1053 | H0137 | H0384 | H0071 | H0489 | H1055 | H0631 | H0002 | H0380 | H0524 | H0746 | H0197 | H0418 | H1229 | H0430 | H0383 | H0004 | H0813 | H0452 | H0446 | H0088 | H0365 | H0054 | H0895 | H0250 | H0853 | H1107 | H0893 | H1173 | H0557 | H1164 | H0382 | H0159 | H1079 | H0198 | H1025 | H0920 | H0461 | H0451 | H0818 | H0056 | H0358 | H1019 | H0659 | H0064 | H0144 | H1106 | H0302 | H0297 | H0766 | H0076 | H0875 | H0246 | H1105 | H0642 | H1223 | H0131 | H0242 | H0585 | H1149 | H1016 | H0576 | H0473 | H0836 | H1060 | H0604 | H0539 | H0487 | H1130 | H0886 | H0897 | H1150 | H0304 | H0035 | H0802 | H0086 | H0357 | H1111 | H0955 | H0517 | H0921 | H0003 | H0974 | H0427 | H0887 | H0433 | H0263 | H0152 | H0391 | H0109 | H0214 | H0572 | H1110 | H0640 | H0005 | H0314 | H0547 | H0255 | H0781 | H1156 | H0542 | H0679 | H0932 | H0809 | H0514 | H0504 | H1147,274,7.402044296264648,169.13650898331346,True,True
201,809,CCOc1cc(C=O)ccc1O,4,C0061,Ethyl Vanillin,,CID:8467,CHEMBL508676,C9H10O3,H0577 | H0085 | H0963 | H0427,4,7.381338596343994,166.72638187183955,False,False
202,808,Cc1coc2c1C(=O)C(=O)c1c-2ccc2c(C)cccc12,9,C0427,Tanshinone I,CAS:568-73-0,CID:114917,CHEMBL363535,C18H12O3,H0950 | H0323 | H0949 | H0951 | H1229 | H0632 | H0461 | H0845 | H1186,9,7.380967140197754,166.68345972589594,False,False
203,807,COc1cc(C=CC(=O)CC(=O)C=Cc2ccc(O)cc2)ccc1O,1,C0789,Demethoxycurcumin,CAS:22608-11-3,CID:5469424,CHEMBL105360,C20H18O5,H0028,1,7.379635810852051,166.5297139818274,False,False
204,806,Oc1ccc2c(c1)OCC1(O)Cc3cc(O)c(O)cc3C21,1,C0620,Brasilin,CAS:474-07-7,CID:73384,CHEMBL598951,C16H14O5,H0511,1,7.37481689453125,165.97439634752723,False,False
205,805,COC(=O)C1=C(C)NC(C)=C(C(=O)OC)C1c1ccccc1[N+](=O)[O-],3,C0248,Nifedipine,CAS:21829-25-4,CID:4485,CHEMBL193,C17H18N2O6,H0629 | H0360 | H0847,3,7.374602317810059,165.94971227197345,False,False
206,804,CCCCCCCCCCCCCC(=O)O,123,C0231,Myristic Acid,CAS:544-63-8,CID:11005,CHEMBL111077,C14H28O2,H0204 | H1051 | H1108 | H0484 | H0516 | H0126 | H0164 | H0125 | H0519 | H0973 | H0013 | H0134 | H0201 | H0065 | H0216 | H0073 | H0354 | H1169 | H0095 | H0238 | H0173 | H0416 | H1104 | H1112 | H1170 | H0094 | H0745 | H0463 | H0941 | H1034 | H1203 | H0515 | H0729 | H0053 | H1128 | H0917 | H0466 | H0141 | H0200 | H0764 | H0239 | H0464 | H0386 | H0103 | H0462 | H0217 | H0750 | H0424 | H0113 | H0093 | H0998 | H1000 | H0508 | H0327 | H1131 | H0360 | H0819 | H0381 | H1240 | H0227 | H1109 | H0385 | H0140 | H0085 | H0028 | H0195 | H0301 | H1188 | H0972 | H0847 | H1171 | H0384 | H0071 | H1055 | H1232 | H0380 | H0524 | H0746 | H0197 | H0418 | H1229 | H0430 | H0383 | H0924 | H0446 | H0088 | H0365 | H0895 | H1107 | H0154 | H1164 | H0382 | H1079 | H0198 | H0920 | H0461 | H0818 | H0358 | H0064 | H1106 | H0302 | H0766 | H0246 | H1105 | H0242 | H0585 | H0473 | H0539 | H1130 | H0304 | H0357 | H1111 | H0517 | H0003 | H0427 | H0433 | H1110 | H0547 | H0255 | H0781 | H1156 | H0679 | H0348,123,7.368975639343262,165.30374957527505,False,False
207,803,C[C@H](CCC(=O)O)[C@H]1CC[C@H]2[C@@H]3[C@@H](O)C[C@@H]4C[C@H](O)CC[C@]4(C)[C@H]3CC[C@]12C,4,C0475,Ursodiol,CAS:128-13-2,CID:31401,CHEMBL1551,C24H40O4,H0006 | H0360 | H0847 | H1163,4,7.36827278137207,165.22323584395397,False,False
208,802,COc1cc2cc(-c3cc(O)cc(O)c3)oc2cc1OC,1,C0773,Morin,,CID:5319889,CHEMBL3397393,C16H14O5,H0396,1,7.363443851470947,164.67113188431892,False,False
209,801,C[C@H](CCC(=O)O)[C@H]1CC[C@H]2[C@@H]3[C@H](O)C[C@@H]4C[C@H](O)CC[C@]4(C)[C@H]3C[C@H](O)[C@]12C,9,C1235,Cholic Acid,CAS:81-25-4,CID:221493,CHEMBL205596,C24H40O5,H0292 | H0291 | H0293 | H0488 | H0355 | H0360 | H0847 | H0489 | H0487,9,7.351545333862305,163.31860435064115,False,False
210,800,CCCCCc1cc(O)c2c(c1)O[C@](C)(CCC=C(C)C)C=C2,1,C0903,Cannabichromene,CAS:20675-51-8,CID:76971722,,C21H30O2,H0003,1,7.317362308502197,159.49443849927974,False,False
211,799,O=c1c2cc(O)c(O)cc2oc2cc(O)cc(O)c12,15,C0253,Norathyriol,CAS:3542-72-1,CID:5281656,CHEMBL187265,C13H8O6,H0468 | H1169 | H0141 | H0978 | H0227 | H0140 | H0301 | H1229 | H1164 | H0302 | H0658 | H0304 | H0532 | H0885 | H0809,15,7.308245658874512,158.4897422073482,False,False
212,798,Oc1ccc(C=Cc2cc(O)cc(O)c2)cc1,25,C0363,Resveratrol,CAS:501-36-0,CID:445154,CHEMBL165,C14H12O3,H0928 | H0926 | H0416 | H0626 | H1166 | H0570 | H1213 | H0617 | H0693 | H0883 | H0396 | H0270 | H0269 | H0397 | H0434 | H0472 | H0358 | H1117 | H0927 | H0765 | H0357 | H0432 | H0391 | H0226 | H0932,25,7.305745601654053,158.2153319588745,False,False
213,797,CC(C)CC[C@@H](O)[C@](C)(O)[C@H]1CC[C@@]2(O)C3=CC(=O)[C@@H]4C[C@@H](O)[C@@H](O)C[C@]4(C)[C@H]3CC[C@]12C,4,C0321,Ponasterone A,CAS:13408-56-5,CID:115127,CHEMBL549789,C27H44O6,H0793 | H0498 | H0871 | H0696,4,7.304652690887451,158.09552163473978,False,False
214,796,C=C1CC/C=C(/C)CC[C@@H]2[C@@H]1CC2(C)C,68,C0547,Caryophyllene,CAS:87-44-5,CID:5281522,CHEMBL448700,C15H24,H0821 | H0551 | H1214 | H0164 | H0398 | H0216 | H1010 | H0758 | H0416 | H1085 | H0902 | H0745 | H0941 | H0399 | H0729 | H0946 | H0805 | H0607 | H0605 | H0651 | H0764 | H0103 | H1120 | H0608 | H0217 | H0816 | H0093 | H0403 | H0360 | H0381 | H1240 | H0385 | H0028 | H0804 | H0968 | H0847 | H0384 | H1097 | H0606 | H0002 | H0380 | H0746 | H0609 | H0418 | H0383 | H0004 | H0813 | H0446 | H0088 | H0365 | H0895 | H0625 | H0154 | H0382 | H1005 | H0358 | H0652 | H0303 | H0585 | H0084 | H0613 | H0035 | H0802 | H0357 | H0572 | H0005 | H0410 | H0990,68,7.283443927764893,155.7883917526659,False,False
215,795,CC(=O)O[C@H]1C[C@H]([C@H](C)CC/C=C(/C)C(=O)[O-])[C@@]2(C)CC=C3C(=CC[C@H]4C(C)(C)[C@H](OC(C)=O)CC[C@]34C)[C@]12C,1,C0764,Ganodermic Acid R,CAS:108026-93-3,CID:5317517,,C34H50O6,H0153,1,7.279852867126465,155.40109585457785,False,False
216,794,CCCCCCCCC(=O)O,5,C0582,Nonanoic Acid,,CID:8158,CHEMBL108436,C9H18O2,H0378 | H0958 | H1215 | H0650 | H0631,5,7.271018028259277,154.45235178540514,False,False
217,793,N=c1cc[nH]cc1,2,C1280,Dalfampridine,CAS:504-24-5,CID:1727,CHEMBL284348,C5H6N2,H0764 | H0524,2,7.2479400634765625,152.00132225678723,False,False
218,792,CCCCCCCC(=O)O,49,C0258,Octanoic Acid,,CID:379,CHEMBL324846,C8H16O2,H0892 | H1051 | H0825 | H0714 | H0108 | H1015 | H0773 | H0973 | H0956 | H1035 | H0758 | H0416 | H1017 | H0941 | H1128 | H0805 | H0665 | H0239 | H0750 | H0273 | H0360 | H0381 | H0385 | H0804 | H0556 | H0650 | H0972 | H0847 | H1053 | H0384 | H1055 | H0631 | H0380 | H0383 | H0813 | H0893 | H0382 | H1079 | H0358 | H0659 | H0242 | H1016 | H0473 | H0897 | H0802 | H0357 | H0955 | H0109 | H1156,49,7.247703552246094,151.9764056443839,False,False
219,791,c1ccc2c(c1)ccc1ccccc12,15,C0298,Phenanthrene,,CID:995,CHEMBL46730,C14H10,H1051 | H0673 | H1118 | H1010 | H0844 | H1120 | H0750 | H0085 | H1201 | H1055 | H0004 | H0718 | H0427 | H0572 | H0005,15,7.240207672119141,151.18882232607118,False,False
220,790,C[C@]12CC[C@H]3[C@@H](CCC4=CC(=O)CC[C@@]43C)[C@@H]1CC[C@@H]2O,4,C0436,Testosterone,CAS:58-22-0,CID:6013,CHEMBL386630,C19H28O2,H0697 | H0360 | H0847 | H0761,4,7.239245414733887,151.08801512143052,False,False
221,789,CCOC(C)=O,11,C0060,Ethyl Acetate,CAS:141-78-6,CID:8857,CHEMBL14152,C4H8O2,H0956 | H0173 | H0273 | H0360 | H0085 | H0565 | H0847 | H0524 | H0446 | H0955 | H0427,11,7.23580265045166,150.72789724469504,False,False
222,788,O=C(O)CCC(=O)O,90,C0420,Succinic Acid,CAS:110-15-6,CID:1110,CHEMBL576,C4H6O4,H0680 | H0342 | H0681 | H0714 | H0601 | H0977 | H0108 | H0991 | H0982 | H0973 | H0956 | H0552 | H1010 | H0275 | H0173 | H0470 | H1217 | H0343 | H0317 | H0416 | H0626 | H0602 | H0463 | H0995 | H0941 | H0950 | H0570 | H0515 | H0243 | H0509 | H0006 | H0949 | H0665 | H0651 | H0016 | H0464 | H1120 | H0462 | H0316 | H0113 | H0115 | H0360 | H0320 | H0981 | H1201 | H0270 | H0650 | H0269 | H0951 | H0972 | H0568 | H0453 | H0847 | H0014 | H0019 | H0646 | H0004 | H0074 | H1079 | H0920 | H0461 | H0056 | H0358 | H0659 | H0652 | H0147 | H0473 | H0628 | H0017 | H0498 | H0987 | H0364 | H0897 | H0871 | H0357 | H0018 | H0955 | H0701 | H0061 | H0109 | H0572 | H0005 | H0226 | H0377 | H0255 | H1156 | H0542 | H0932 | H0696 | H0514,90,7.234614372253418,150.60380107150618,False,False
223,787,C[C@@H]1C(=O)O[C@H]2C[C@]34[C@@H]5OC(=O)[C@]3(O[C@@H]3OC(=O)[C@H](O)[C@@]34[C@H](C(C)(C)C)[C@H]5O)[C@]21O,1,C0816,Ginkgolide J,,CID:11154476,,C20H24O10,H1051,1,7.224130630493164,149.5133637582597,False,False
224,786,CC(C=CC=C(C)C=CC1=C(C)CCCC1(C)C)=CC=CC=C(C)C=CC=C(C)C=CC1C(C)=CCCC1(C)C,2,C0796,?-Carotene,CAS:7488-99-5,CID:6419725,,C40H56,H0453 | H0166,2,7.224038124084473,149.50377718554248,False,False
225,785,O=C(/C=C/c1ccc(O)c(O)c1)OCCc1ccccc1,2,C1204,Caffeic Acid Phenethyl Ester,CAS:104594-70-9,CID:5281787,CHEMBL319244,C17H16O4,H1183 | H0219,2,7.2184953689575195,148.93049384974262,False,False
226,784,O=C(O)CCCCCCCC(=O)O,15,C1092,Azelaic Acid,CAS:123-99-9,CID:19347555,CHEMBL1238,C9H16O4,H0519 | H0695 | H0956 | H0279 | H0173 | H0902 | H0153 | H0049 | H0360 | H0270 | H0847 | H1235 | H0955 | H0152 | H0255,15,7.214323043823242,148.50040380649637,False,False
227,783,COc1ccc(-c2cc(=O)c3c(OC)c(OC)c(OC)c(OC)c3o2)cc1,21,C0425,Tangeretin,CAS:481-53-8,CID:68077,CHEMBL73930,C20H20O7,H0976 | H0601 | H0052 | H0479 | H0758 | H1217 | H0602 | H0805 | H0651 | H0093 | H0667 | H0347 | H0046 | H0804 | H0813 | H0088 | H0652 | H0084 | H0604 | H0802 | H0719,21,7.182962417602539,145.30720375343222,False,False
228,782,CC(C)(O)[C@@H]1CC[C@](C)([C@H]2[C@@H](O)C[C@@]3(C)[C@@H]4C[C@H](O)[C@@H]5C(C)(C)[C@@H](O)CC[C@@]56C[C@@]46CC[C@]23C)O1,1,C0844,Cycloastragenol,CAS:78574-94-4,CID:13943290,,C30H50O5,H1247,1,7.180673599243164,145.07685838782916,False,False
229,781,CN(C)N=C(O)CCC(=O)O,2,C1281,Daminozide,CAS:1596-84-5,CID:15331,CHEMBL2164243,C6H12N2O3,H1161 | H0092,2,7.177584171295166,144.7665191049594,False,False
230,780,CC(C)=CCC/C(C)=C/COc1ccc2ccc(=O)oc2c1,8,C1051,Auraptene,CAS:495-02-3,CID:1550607,CHEMBL307341,C19H22O3,H0996 | H0758 | H0805 | H0192 | H0997 | H0804 | H0813 | H0802,8,7.177308082580566,144.73881777036743,False,False
231,779,CC1=C(/C=C/C(C)=C/C=C/C(C)=C\C(=O)O)C(C)(C)CCC1,2,C0158,Isotretinoin,CAS:4759-48-2,CID:5282379,CHEMBL547,C20H28O2,H0360 | H0847,2,7.175655364990234,144.57310331401126,False,False
232,778,CC(C)CCC[C@@H](C)[C@H]1CC[C@H]2[C@@H]3CC=C4C[C@@H](O)CC[C@]4(C)[C@H]3CC[C@]12C,23,C1234,Cholesterol,CAS:57-88-5,CID:5997,CHEMBL112570,C27H46O,H0484 | H0697 | H0735 | H0570 | H0495 | H0649 | H0607 | H0605 | H0016 | H0608 | H0360 | H0648 | H1134 | H0227 | H0847 | H0476 | H0606 | H0609 | H0287 | H0500 | H0490 | H1226 | H0809,23,7.174666404724121,144.4740331315808,False,False
233,777,C[C@]12CC[C@@H]3c4ccc(O)cc4CC[C@H]3[C@@H]1CCC2=O,9,C0057,Estrone,CAS:53-16-7,CID:5870,CHEMBL1405,C18H22O2,H0463 | H0515 | H0661 | H0464 | H0462 | H0360 | H0178 | H0847 | H0060,9,7.1672749519348145,143.73573288144738,False,False
234,776,O=c1c(-c2ccc(O)cc2)coc2cc(O)ccc12,44,C1278,Daidzein,CAS:486-66-8,CID:5281708,CHEMBL8145,C15H10O4,H1094 | H1174 | H1096 | H0108 | H1095 | H1152 | H1075 | H0027 | H0571 | H0995 | H1249 | H1066 | H1080 | H0026 | H0705 | H0444 | H1067 | H1074 | H0278 | H1021 | H0360 | H1073 | H0981 | H1007 | H0847 | H1070 | H0019 | H1072 | H0952 | H0240 | H0277 | H0084 | H0017 | H0897 | H1248 | H1247 | H0018 | H1071 | H1069 | H0109 | H1250 | H0944 | H0405 | H0031,44,7.157601356506348,142.77517636770898,False,False
235,775,CCCCC[C@H](O)/C=C/[C@H]1[C@H](O)CC(=O)[C@@H]1CCCCCCC(=O)O,2,C0887,Alprostadil,CAS:745-65-3,CID:5280723,CHEMBL495,C20H34O5,H0360 | H0847,2,7.153627872467041,142.38248468079945,False,False
236,774,NCCS,2,C1273,Cysteamine,CAS:60-23-1,CID:6058,CHEMBL602,C2H7NS,H0360 | H0847,2,7.14724063873291,141.75350905239577,False,False
237,773,COc1cc(CCC(C)=O)ccc1O,1,C0605,Zingerone,CAS:122-48-5,CID:31211,CHEMBL25894,C11H14O3,H0446,1,7.136541366577148,140.70612945774212,False,False
238,772,C[C@H](CCC(=O)O)[C@H]1CC[C@H]2[C@@H]3CC[C@@H]4CCCC[C@]4(C)[C@H]3CC[C@]12C,2,C0474,Ursocholanic Acid,CAS:546-18-9,CID:92803,CHEMBL429432,C24H40O2,H0649 | H0648,2,7.131150245666504,140.18131431434514,False,False
239,771,COc1cc(C=CC(=O)CC(=O)C=Cc2ccc(O)c(OC)c2)ccc1O,8,C0564 | C0739,"Curcumine | (1E,6E)-1,7-Bis(4-Hydroxy-3-Methoxyphenyl)Hepta-1,6-Diene-3,5-Dione",,CID:2889 | CID:969516,CHEMBL3187799 | CHEMBL140,C21H20O6,H1022 | H0360 | H0028 | H0556 | H0847 | H0446 | H0895 | H0761,8,7.1305928230285645,140.12716209090834,False,False
240,770,C=C1CCCC2(C)C=C3OC(=O)C(C)=C3CC12,1,C0776,Atractylenolide I,CAS:73069-13-3,CID:5321018,CHEMBL449520,C15H18O2,H0104,1,7.119473934173584,139.05134932862293,False,False
241,769,O=C(C=Cc1ccc(O)c(O)c1)OC1CC(O)(C(=O)O)CC(O)C1O,197,C1231,Chlorogenic Acid,CAS:327-97-9,CID:1794427,CHEMBL284616,C16H18O9,H0892 | H1099 | H1051 | H0342 | H0730 | H0289 | H0889 | H0580 | H0468 | H0310 | H0283 | H1089 | H0939 | H0420 | H0419 | H0601 | H1020 | H0108 | H0393 | H1015 | H0869 | H0785 | H0164 | H1011 | H0704 | H0012 | H1253 | H0817 | H0956 | H1061 | H0890 | H0615 | H0315 | H1244 | H0065 | H1127 | H1010 | H1252 | H0583 | H1090 | H0894 | H0354 | H0888 | H1169 | H0095 | H0173 | H1217 | H0878 | H0872 | H0343 | H0602 | H0772 | H0423 | H1017 | H0094 | H0745 | H0463 | H0075 | H0941 | H1231 | H1034 | H0202 | H0950 | H0308 | H1213 | H0515 | H0729 | H0139 | H0760 | H0243 | H0548 | H0509 | H0891 | H1161 | H0949 | H0607 | H0605 | H0868 | H0141 | H0764 | H0016 | H1124 | H0656 | H0239 | H0029 | H0464 | H0103 | H0258 | H1100 | H1120 | H0462 | H0608 | H0750 | H0394 | H0870 | H0190 | H1243 | H0424 | H1183 | H0379 | H0273 | H0327 | H0115 | H0807 | H0360 | H0819 | H1240 | H0396 | H0682 | H0140 | H0612 | H1201 | H1026 | H0301 | H0269 | H0691 | H0951 | H0397 | H0847 | H0636 | H1004 | H0166 | H1251 | H0965 | H1055 | H0606 | H0967 | H0002 | H0733 | H0746 | H0609 | H0690 | H0418 | H0004 | H0632 | H0395 | H1228 | H0203 | H0988 | H0250 | H0853 | H0181 | H0893 | H1173 | H0154 | H1164 | H0818 | H1019 | H0064 | H1115 | H0007 | H0581 | H0302 | H1235 | H1223 | H0663 | H1212 | H0242 | H1068 | H0741 | H0585 | H1016 | H0576 | H0421 | H0084 | H0954 | H1230 | H0886 | H0897 | H0871 | H0304 | H0082 | H0613 | H0035 | H1254 | H0637 | H0955 | H0422 | H0528 | H0887 | H1242 | H0391 | H0109 | H0092 | H0572 | H0848 | H0005 | H0314 | H0237 | H0083 | H1009 | H0932 | H0546 | H0514 | H0045 | H0219 | H1241,197,7.102505207061768,137.4254322628365,False,False
242,768,C[C@H](O)C(=O)[O-],1,C0640,Lactic Acid,CAS:50-21-5,CID:107689,CHEMBL330546,C3H6O3,H0173,1,7.101727485656738,137.35136955756983,False,False
243,767,CCCCCCCCCCCCC/C=C/[C@@H](O)[C@@H](N)CO,7,C0414,Sphingosine,CAS:123-78-4,CID:5280335,CHEMBL67166,C18H37NO2,H1010 | H1120 | H0360 | H0847 | H0004 | H0572 | H0005,7,7.089548110961914,136.19671637225312,False,False
244,766,CC1(C)CC[C@]2(C(=O)O)CC[C@]3(C)C(=CC[C@@H]4[C@@]5(C)C[C@@H](O)[C@H](O)[C@@](C)(CO)[C@@H]5CC[C@]43C)[C@@H]2C1,7,C0922,Arjunolic Acid,CAS:465-00-9,CID:73641,CHEMBL464466,C30H48O5,H0296 | H0854 | H0087 | H0406 | H1027 | H0297 | H0318,7,7.086211204528809,135.88206185591716,False,False
245,765,O=C(C=CC=Cc1ccc2c(c1)OCO2)N1CCCCC1,7,C0315,Piperine,CAS:94-62-2,CID:638024,CHEMBL43185,C17H19NO3,H1204 | H1176 | H1077 | H0617 | H0360 | H0847 | H0295,7,7.081282615661621,135.41864847946223,False,False
246,764,C[C@]12CC[C@H]3[C@@H](CCC4=CC(=O)CC[C@@]43C)[C@@H]1CC[C@@H]2C(=O)CO,2,C0010,Desoxycorticosterone,CAS:64-85-7,CID:6166,CHEMBL1498,C21H30O3,H0360 | H0847,2,7.071563243865967,134.50940532137912,False,False
247,763,Cc1ccc(C(C)C)cc1O,74,C1218,Carvacrol,CAS:499-75-2,CID:10364,CHEMBL281202,C10H14O,H0629 | H0976 | H1089 | H0790 | H0956 | H0201 | H0065 | H0354 | H0758 | H1050 | H0530 | H0299 | H0745 | H0788 | H0787 | H0891 | H0805 | H0651 | H0200 | H0675 | H0764 | H0789 | H0103 | H0674 | H0113 | H0093 | H0344 | H0196 | H0667 | H0273 | H0347 | H0360 | H0345 | H0028 | H0195 | H0678 | H0531 | H1188 | H0804 | H0188 | H0565 | H0847 | H0647 | H0763 | H0002 | H0346 | H0746 | H0197 | H0418 | H0813 | H0088 | H0895 | H0786 | H0154 | H0198 | H0920 | H0064 | H0306 | H0652 | H0246 | H1235 | H1101 | H0585 | H0604 | H0613 | H0527 | H0035 | H0802 | H0955 | H0528 | H0676 | H1082 | H0529 | H0822,74,7.054555892944336,132.93303793948928,True,True
248,762,C[C@]12C[C@H](O)[C@H]3[C@@H](CCC4=CC(=O)CC[C@@]43C)[C@@H]1CC[C@@H]2C(=O)CO,2,C1254,Corticosterone,CAS:50-22-6,CID:5753,CHEMBL110739,C21H30O4,H0360 | H0847,2,7.054309844970703,132.9103684807884,False,False
249,761,CC1=CC(=O)CC(C)(C)C1(O)/C=C/C(C)=C\C(=O)O,8,C0843,Abscisic Acid,CAS:21293-29-8,CID:5375199,CHEMBL379808,C15H20O4,H0065 | H0354 | H0530 | H0215 | H0531 | H0064 | H0527 | H0529,8,7.053839683532715,132.86706123501142,False,False
250,760,COc1ccc(-c2cc(=O)c3c(OC)c(OC)c(OC)cc3o2)cc1OC,10,C0408,Sinensetin,CAS:2306-27-6,CID:145659,CHEMBL226507,C20H20O7,H0758 | H0805 | H0093 | H0804 | H0813 | H0088 | H0084 | H0604 | H0802 | H1186,10,7.048896789550781,132.41261729270752,False,False
251,759,CCCCCCCC/C=C\CCCCCCCC(=N)O,8,C0261,Oleamide,CAS:301-02-0,CID:5283387,CHEMBL15927,C18H35NO,H0956 | H0016 | H0360 | H0085 | H0847 | H0446 | H0955 | H0427,8,7.04617977142334,132.1634801500697,False,False
252,758,CC[NH+]1C[C@]2(COC)[C@H](O)C[C@H](OC)[C@]34C1[C@H]([C@H](OC)[C@H]23)[C@]1(OC(C)=O)[C@H]2[C@@H](OC(=O)c3ccccc3)[C@](O)(C[C@H]24)[C@@H](OC)[C@@H]1O,1,C0684,Aconitine,CAS:302-27-2,CID:245005,CHEMBL1979562,C34H47NO11,H0884,1,7.040441036224365,131.6388060414511,False,False
253,757,C[C@H](CC[C@H](O)[C@](C)(O)CO)[C@H]1CC[C@@]2(C)C3=CC[C@H]4C(C)(C)C(=O)CC[C@]4(C)C3=CC[C@]12C,1,C0725,Ganodermanontriol,CAS:106518-63-2,CID:3001811,CHEMBL1915763,C30H48O4,H0153,1,7.0392231941223145,131.5277308452535,False,False
254,755,COc1cc([C@@H]2O[C@@H](c3cc(OC)c(OC)c(OC)c3)[C@H](C)[C@H]2C)cc(OC)c1OC,1,C0525,Grandisin,CAS:53250-50-3,CID:10048436,CHEMBL459404,C24H32O7,H0180,1,7.020069122314453,129.79303189976903,False,False
255,756,COc1cc([C@H]2O[C@H](c3cc(OC)c(OC)c(OC)c3)[C@@H](C)[C@@H]2C)cc(OC)c1OC,1,C0708,Grandisin,CAS:53250-50-3,CID:442876,,C24H32O7,H1204,1,7.020069122314453,129.79303189976903,False,False
256,754,O=C1CC(c2ccc(O)cc2)Oc2cc(O)cc(O)c21,44,C0808,"5,7-Dihydroxy-2-(4-Hydroxyphenyl)-2,3-Dihydrochromen-4-One",,CID:932,CHEMBL32571,C15H12O5,H0601 | H0164 | H1222 | H1075 | H0571 | H0758 | H1217 | H0602 | H0530 | H1225 | H1034 | H0570 | H1066 | H0805 | H0705 | H1124 | H0444 | H1133 | H1067 | H0574 | H1074 | H1240 | H1073 | H0582 | H0531 | H1224 | H0804 | H1070 | H0166 | H0965 | H0002 | H0813 | H0446 | H1072 | H0240 | H0663 | H0527 | H0802 | H1227 | H1071 | H1069 | H0529 | H0932 | H0219,44,7.011516571044922,129.02587203574157,False,False
257,753,CC1(C)CC[C@]2(C(=O)O)CC[C@]3(C)C(=CC[C@@H]4[C@@]5(C)C[C@@H](O)[C@H](O)C(C)(C)[C@@H]5CC[C@]43C)[C@@H]2C1,25,C0207,Maslinic Acid,CAS:4373-41-5,CID:73659,CHEMBL201515,C30H48O4,H0300 | H0721 | H0423 | H0463 | H0941 | H0308 | H0515 | H0068 | H0493 | H0464 | H0462 | H0854 | H0067 | H0069 | H0085 | H0494 | H0747 | H0632 | H0074 | H0638 | H0060 | H1117 | H0639 | H0427 | H1056,25,7.011412620544434,129.0165756699767,False,False
258,752,O=c1c(O)c(-c2ccc(O)c(O)c2)oc2cc(O)ccc12,17,C0074,Fisetin,CAS:528-48-3,CID:5281614,CHEMBL31574,C15H10O6,H1075 | H0571 | H1066 | H1161 | H0444 | H1067 | H1074 | H0320 | H0227 | H1073 | H1070 | H0446 | H1072 | H0240 | H1071 | H1069 | H0092,17,6.989622116088867,127.08254843006651,False,False
259,751,CC(C)CCC[C@@H](C)[C@H]1CC[C@H]2[C@@H]3C(=O)C=C4C[C@@H](O)CC[C@]4(C)[C@H]3CC[C@]12C,2,C0830,7-Oxocholesterol,CAS:566-28-9,CID:91474,CHEMBL1278177,C27H44O2,H0360 | H0847,2,6.987377643585205,126.88499349518885,False,False
260,750,Nc1ccc(O)c(C(=O)O)c1,2,C0212,Mesalamine,CAS:89-57-6,CID:4075,CHEMBL704,C7H7NO3,H0360 | H0847,2,6.987215042114258,126.87069350567117,False,False
261,749,COc1ccc(-c2coc3cc(O)cc(O)c3c2=O)cc1,24,C1188,Biochanin,CAS:491-80-5,CID:5280373,CHEMBL131921,C16H12O5,H0201 | H0111 | H0957 | H0153 | H1249 | H0705 | H0200 | H0533 | H0278 | H0360 | H1240 | H0847 | H0575 | H0197 | H0198 | H0277 | H0826 | H0246 | H0084 | H1248 | H1247 | H0152 | H1250 | H0555,24,6.977822303771973,126.04737852430708,False,False
262,748,C[C@@H]1C(=O)O[C@H]2[C@H](O)[C@@]34[C@H]5C[C@@H](C(C)(C)C)[C@]36[C@@H](OC(=O)[C@@H]6O)O[C@@]4(C(=O)O5)[C@@]12O,1,C0793,Ginkgolide B,,CID:6324617,CHEMBL514432,C20H24O10,H1051,1,6.977741241455078,126.04029635849865,False,False
263,747,C[C@]12CC[C@H]3[C@@H](CCC4=CC(=O)CC[C@@H]43)[C@@H]1CC[C@@H]2O,2,C0238,Nandrolone,CAS:434-22-0,CID:9904,CHEMBL757,C18H26O2,H0360 | H0847,2,6.9726057052612305,125.59243053262509,False,False
264,746,CC1=C(/C=C/C(C)=C/C=C/C(C)=C/C(=O)O)C(C)(C)CCC1,2,C0456,Tretinoin,CAS:302-79-4,CID:444795,CHEMBL38,C20H28O2,H0360 | H0847,2,6.958926200866699,124.40720241496227,False,False
265,745,NCc1ccccc1,2,C1169,Benzylamine,CAS:100-46-9,CID:7504,CHEMBL522,C7H9N,H0360 | H0847,2,6.954170227050781,123.99775815099765,False,False
266,744,O=CC=Cc1ccccc1,35,C1242,Cinnamaldehyde,CAS:104-55-2,CID:637511,CHEMBL293492,C9H8O,H1051 | H0673 | H0510 | H0155 | H0439 | H1010 | H0415 | H0261 | H0941 | H0366 | H0338 | H1114 | H0844 | H1120 | H0750 | H0273 | H0360 | H1135 | H1139 | H0368 | H0847 | H1097 | H1055 | H0747 | H0004 | H0159 | H0367 | H1123 | H1122 | H1136 | H0572 | H0005 | H0260 | H0237 | H0990,35,6.949761867523193,123.61944368721934,False,False
267,743,O=c1cc(-c2ccc(O)c(O)c2)oc2cc(O)cc(O)c12,140,C0199,Luteolin,CAS:491-70-3,CID:5280445,CHEMBL151,C15H10O6,H0710 | H1141 | H0821 | H0204 | H1051 | H0730 | H1108 | H0289 | H0889 | H0010 | H0551 | H0918 | H0108 | H0707 | H0164 | H0695 | H0072 | H1152 | H0890 | H0201 | H0692 | H1138 | H0315 | H1244 | H0711 | H0065 | H0216 | H1010 | H0073 | H0354 | H1169 | H0111 | H1104 | H1112 | H1221 | H0957 | H1170 | H0463 | H0975 | H1034 | H0950 | H1203 | H0515 | H0729 | H0457 | H0053 | H0104 | H1128 | H0649 | H1161 | H0949 | H0183 | H0141 | H0200 | H0533 | H1124 | H0464 | H0218 | H0103 | H0258 | H0668 | H1120 | H0462 | H0217 | H0727 | H0750 | H0859 | H0816 | H0379 | H0113 | H1021 | H0327 | H0648 | H1240 | H0396 | H0140 | H0496 | H0195 | H0855 | H0301 | H0270 | H1140 | H0691 | H0951 | H0397 | H1171 | H0166 | H1220 | H1218 | H0965 | H1055 | H0575 | H0524 | H0193 | H0690 | H0197 | H0004 | H0632 | H0074 | H1107 | H0154 | H1164 | H0198 | H0920 | H0060 | H0708 | H0056 | H1160 | H0064 | H0614 | H1106 | H0302 | H0826 | H0246 | H1105 | H0663 | H0901 | H0539 | H0886 | H0897 | H0304 | H0613 | H0035 | H1111 | H0247 | H0003 | H0974 | H0887 | H0391 | H0109 | H0092 | H0214 | H0572 | H0005 | H0314 | H0547 | H1219 | H0546 | H0045 | H0219,140,6.946824550628662,123.36801141863555,False,False
268,742,O=C(O)c1cc(O)cc(O)c1,9,C0730,"3,5-Dihydroxybenzoic Acid",CAS:99-10-5,CID:7424,CHEMBL95308,C7H6O4,H0315 | H1244 | H1221 | H0360 | H0085 | H0847 | H1220 | H0427 | H0314,9,6.945582866668701,123.26187798428683,False,False
269,741,COCCc1ccc(OCC(O)CNC(C)C)cc1,2,C0222,Metoprolol,CAS:51384-51-1,CID:4171,CHEMBL13,C15H25NO3,H0360 | H0847,2,6.943701267242432,123.10122150879731,False,False
270,740,COc1ccc(C=Cc2cc(O)cc(O)c2)cc1O,1,C0775,Rhapontigenin,CAS:500-65-2,CID:5320954,CHEMBL113029,C15H14O4,H0926,1,6.939830303192139,122.77136545913697,False,False
271,739,C=C1C[C@@]2(O)O[C@@]3(C[C@H]2C(C)C)[C@@H](C)CC[C@@H]13,1,C0850,Curcumol,CAS:4871-97-0,CID:14240392,,C15H24O2,H0028,1,6.9238386154174805,121.41800936290926,False,False
272,738,O=C(CCc1ccc(O)cc1)c1c(O)cc(O)cc1O,8,C0302,Phloretin,CAS:60-82-2,CID:4788,CHEMBL45068,C15H14O5,H0120 | H0463 | H0515 | H0464 | H0462 | H0360 | H0847 | H0042,8,6.919922828674316,121.08890143069847,False,False
273,737,Oc1ccc(-c2[o+]c3cc(O)cc(O)c3cc2O)cc1,5,C0294,Pelargonidin,,CID:440832,CHEMBL1197905,C15H10O5,H0735 | H0311 | H1046 | H1045 | H0015,5,6.906305313110352,119.95132744396479,False,False
274,736,CC(=O)O[C@@H]1C[C@H]2C(C)(C)C(=O)C=C[C@]2(C)[C@H]2CC[C@@]3(C)[C@H](c4ccoc4)OC(=O)[C@H]4O[C@]43[C@@]21C,3,C0099,Gedunin,,CID:12004512,CHEMBL465226,C28H34O7,H0108 | H0897 | H0109,3,6.900235176086426,119.44769269419659,False,False
275,735,CC(C)NCC(O)COc1cccc2ccccc12,3,C0327,Propranolol,CAS:525-66-6,CID:4946,CHEMBL27,C16H21NO2,H0360 | H0847 | H0365,3,6.895576477050781,119.06259859357887,False,False
276,734,CCCC=C1OC(=O)c2ccccc21,8,C0489,Z-Butylidenephthalide,CAS:72917-31-8,CID:642376,CHEMBL249592,C12H12O2,H0892 | H0956 | H0065 | H1090 | H0354 | H0893 | H0064 | H0955,8,6.891407012939453,118.71899820817585,False,False
277,733,CC=Cc1cc(OC)c(OC)cc1OC,21,C0540,Cis-Asarone,CAS:5273-86-9,CID:5281758,CHEMBL477752,C12H16O3,H0164 | H1090 | H1169 | H0450 | H0699 | H0771 | H0769 | H0141 | H0770 | H0505 | H0140 | H0483 | H0301 | H1188 | H0452 | H1164 | H0451 | H0302 | H0304 | H0035 | H1165,21,6.883395195007324,118.06153505994251,False,False
278,732,C=C1CCC[C@]2(C)CC[C@@H](C(C)(C)O)C[C@@H]12,7,C0626,Beta-Eudesmol,CAS:473-15-4,CID:91457,CHEMBL88244,C15H26O,H1196 | H0551 | H1085 | H0430 | H0446 | H1030 | H0219,7,6.872792720794678,117.19707236284991,False,False
279,731,O=C1CCCCC1,12,C1270,Cyclohexanone,,CID:7967,CHEMBL18850,C6H10O,H1169 | H0141 | H0360 | H0140 | H0085 | H0301 | H0847 | H0074 | H1164 | H0302 | H0304 | H0427,12,6.87075138092041,117.03136174871634,False,False
280,730,COc1cc2c(cc1O)CC[C@@H]1[C@@H]2CC[C@]2(C)[C@@H](O)CC[C@@H]12,2,C0688,2-Methoxyestradiol,CAS:362-07-2,CID:66414,CHEMBL299613,C19H26O3,H0360 | H0847,2,6.866300582885742,116.67086955275347,False,False
281,729,COc1cc(O)c2c(c1)C(=O)c1cc(C)cc(O)c1C2=O,36,C0306,Physcion,CAS:521-61-9,CID:10639,CHEMBL42624,C16H12O5,H0928 | H1028 | H0896 | H0102 | H0926 | H1011 | H1118 | H0725 | H0762 | H0450 | H1166 | H1213 | H0617 | H0814 | H0324 | H0408 | H1184 | H0998 | H1000 | H1026 | H0925 | H0452 | H0689 | H0250 | H0853 | H1173 | H0472 | H0451 | H0927 | H1223 | H0718 | H0749 | H0298 | H0921 | H0540 | H0513,36,6.841198921203613,114.65845398105192,False,False
282,728,CCCCCC=O,4,C0572,"Butylethylene Ether,Hexanal",,CID:6184,CHEMBL280331,C6H12O,H0155 | H0851 | H0112 | H1030,4,6.841165542602539,114.65580124127378,False,False
283,727,O=c1c(O)c(-c2ccc(O)cc2)oc2c(O)c(O)cc(O)c12,7,C0495,Herbacetin,CAS:527-95-7,CID:5280544,CHEMBL611029,C15H10O7,H0201 | H0868 | H0200 | H0197 | H0198 | H0246 | H1009,7,6.838639259338379,114.45520474106205,False,False
284,726,O=c1cc(-c2ccccc2)oc2cc(O)cc(O)c12,33,C1237,Chrysin,CAS:480-40-0,CID:5281607,CHEMBL117,C15H10O4,H0821 | H0409 | H0580 | H0310 | H1253 | H1152 | H0065 | H1252 | H0583 | H0354 | H0530 | H0740 | H1161 | H0743 | H0574 | H1183 | H0816 | H1021 | H0582 | H0531 | H1026 | H0270 | H1251 | H0250 | H0853 | H0064 | H0581 | H1223 | H0527 | H1254 | H0092 | H0529 | H0219,33,6.836685657501221,114.3003219916485,False,False
285,725,O=c1c(O)c(-c2ccc(O)c(O)c2)oc2cc(O)cc(O)c12,278,C0352,Quercetin,CAS:117-39-5,CID:5280343,CHEMBL50,C15H10O7,H0567 | H0680 | H1141 | H0821 | H1051 | H0730 | H0558 | H0912 | H0484 | H0289 | H0580 | H0468 | H0300 | H0681 | H0779 | H0420 | H0419 | H0506 | H0714 | H0717 | H0601 | H1214 | H1020 | H0108 | H0909 | H0793 | H1015 | H0120 | H0958 | H0398 | H0698 | H0519 | H1222 | H1246 | H0411 | H0777 | H0134 | H0426 | H1061 | H1152 | H0201 | H0692 | H0249 | H1138 | H0315 | H1244 | H0486 | H0065 | H1127 | H1010 | H0583 | H1090 | H0275 | H0354 | H1169 | H0173 | H0111 | H0470 | H0758 | H1217 | H0194 | H0416 | H0626 | H0602 | H1221 | H0772 | H0913 | H0957 | H0374 | H0423 | H1225 | H0902 | H0153 | H1017 | H0288 | H0745 | H0938 | H1202 | H0463 | H0975 | H0941 | H1034 | H0485 | H0950 | H0570 | H1213 | H0399 | H0515 | H0068 | H0729 | H0139 | H0457 | H0243 | H0053 | H0960 | H1128 | H0805 | H1161 | H0949 | H0665 | H0607 | H0605 | H0141 | H0200 | H0764 | H0533 | H0016 | H1124 | H0656 | H0910 | H0239 | H0464 | H0218 | H0103 | H0978 | H1133 | H1120 | H1154 | H0462 | H0608 | H0908 | H0206 | H0750 | H0859 | H0190 | H0424 | H0816 | H0128 | H0379 | H0113 | H1021 | H1184 | H0067 | H0507 | H0069 | H0115 | H0360 | H0320 | H0819 | H0162 | H0381 | H1240 | H0227 | H0163 | H0396 | H1109 | H0385 | H0140 | H0085 | H0496 | H0612 | H0195 | H1201 | H1026 | H0855 | H0301 | H1188 | H1224 | H0047 | H0270 | H0804 | H0650 | H0269 | H1140 | H0691 | H0951 | H0453 | H0397 | H0565 | H0847 | H1046 | H0050 | H0166 | H1220 | H0384 | H0798 | H0071 | H1097 | H1055 | H0606 | H1045 | H0575 | H0043 | H0967 | H1232 | H0207 | H0380 | H0733 | H0746 | H0609 | H0690 | H0197 | H0418 | H0142 | H0383 | H0004 | H0813 | H0632 | H0446 | H0074 | H0365 | H0625 | H0250 | H0853 | H0181 | H0154 | H0557 | H1164 | H0425 | H0382 | H0198 | H0920 | H0060 | H0818 | H0015 | H0056 | H0358 | H1019 | H1117 | H0659 | H0064 | H0581 | H0302 | H0658 | H0826 | H0252 | H0246 | H0716 | H0642 | H0765 | H1223 | H0663 | H0242 | H1068 | H1092 | H0585 | H1016 | H1093 | H0421 | H0084 | H0901 | H0498 | H0897 | H0871 | H0304 | H0613 | H1029 | H0802 | H0357 | H0422 | H0734 | H0974 | H0427 | H1227 | H0152 | H0391 | H0109 | H0092 | H0214 | H0572 | H0848 | H0005 | H0226 | H0185 | H0314 | H0237 | H1036 | H0136 | H0179 | H0083 | H0679 | H0932 | H0696 | H0546 | H0591 | H0045 | H0219 | H0990,278,6.829606533050537,113.74083836232998,True,True
286,724,O=C1C[C@@H](c2ccc(O)c(O)c2)Oc2cc(O)cc(O)c21,13,C0050,Eriodictyol,CAS:552-58-9,CID:440735,CHEMBL8996,C15H12O6,H0310 | H0779 | H1253 | H0698 | H0777 | H0692 | H1252 | H0493 | H1251 | H0965 | H0494 | H0795 | H1254,13,6.8206610679626465,113.03776753144618,False,False
287,723,O=C1C[C@@H](c2ccccc2)Oc2cc(O)cc(O)c21,40,C0312,Pinocembrin,CAS:480-39-7,CID:68071,CHEMBL399910,C15H12O4,H0409 | H0236 | H0022 | H0437 | H1152 | H1075 | H0571 | H0438 | H1042 | H0463 | H1034 | H0515 | H0740 | H1066 | H0356 | H0743 | H0444 | H0464 | H0103 | H1067 | H0574 | H0462 | H1183 | H1074 | H1021 | H1073 | H0582 | H0270 | H1070 | H1072 | H0154 | H0240 | H0144 | H0042 | H1071 | H1069 | H0848 | H0235 | H0024 | H0219,40,6.818639755249023,112.8795049162076,False,False
288,722,Cc1ccc(C(C)C)c(O)c1,69,C0447,Thymol,CAS:89-83-8,CID:6989,CHEMBL29411,C10H14O,H0629 | H0892 | H0976 | H1051 | H0714 | H0551 | H0164 | H0150 | H0013 | H0201 | H1090 | H0450 | H0797 | H0530 | H0299 | H0745 | H0729 | H1161 | H0665 | H0868 | H0200 | H0675 | H0592 | H0764 | H0992 | H0590 | H0674 | H0750 | H0093 | H0667 | H0347 | H0360 | H1109 | H0678 | H0531 | H0650 | H0188 | H0565 | H0847 | H0647 | H0071 | H1097 | H1055 | H0763 | H0746 | H0197 | H0418 | H0452 | H0446 | H0088 | H0893 | H0198 | H0451 | H0659 | H0306 | H0246 | H0585 | H0084 | H0604 | H0554 | H0527 | H0035 | H0719 | H0676 | H0092 | H0529 | H1009 | H0822 | H0990,69,6.8182477951049805,112.84884129290435,True,True
289,721,COc1ccc(-c2cc(=O)c3c(O)cc(O)cc3o2)cc1,29,C0845,Acacetin,CAS:480-44-4,CID:5280442,CHEMBL243664,C16H12O5,H0310 | H1253 | H0426 | H1138 | H1010 | H1252 | H0073 | H0095 | H0438 | H0094 | H0729 | H0290 | H0053 | H1161 | H1124 | H1120 | H1183 | H0370 | H1251 | H0002 | H0004 | H0625 | H0425 | H0663 | H1254 | H0247 | H0092 | H0572 | H0005,29,6.791999816894531,110.81426632207516,False,False
290,720,COc1ccc(C(CN(C)C)C2(O)CCCCC2)cc1,2,C0480,Venlafaxine,CAS:93413-69-5,CID:5656,CHEMBL637,C17H27NO2,H0360 | H0847,2,6.791207790374756,110.75344698899117,False,False
291,719,O=c1c(-c2ccc(O)cc2)coc2cc(O)cc(O)c12,45,C0101,Genistein,CAS:446-72-0,CID:5280961,CHEMBL44,C15H10O5,H1094 | H1174 | H1096 | H0792 | H1222 | H1095 | H1075 | H0027 | H0571 | H0111 | H1225 | H0995 | H0950 | H0852 | H1066 | H0980 | H1080 | H0949 | H0026 | H0533 | H1124 | H0444 | H1067 | H1074 | H0360 | H1240 | H1073 | H1224 | H0951 | H1007 | H0847 | H1070 | H0129 | H0575 | H1072 | H0952 | H0240 | H0906 | H0979 | H0084 | H1227 | H1071 | H1069 | H0944 | H0031,45,6.787704944610596,110.48486517441542,False,False
292,718,CC(CO)CCC[C@@H](C)[C@H]1CC[C@H]2[C@@H]3CC=C4C[C@@H](O)CC[C@]4(C)[C@H]3CC[C@]12C,2,C0657,27-Hydroxycholesterol,,CID:99470,CHEMBL3217768,C27H46O2,H0360 | H0847,2,6.786687850952148,110.4070012804874,False,False
293,717,CN=C(O)Oc1ccccc1OC(C)C,1,C0326,Propoxur,CAS:114-26-1,CID:4944,CHEMBL446060,C11H15NO3,H0365,1,6.778131008148193,109.75409877902719,False,False
294,716,O=c1oc2ccccc2c(O)c1Cc1c(O)c2ccccc2oc1=O,1,C0017,Dicumarol,CAS:66-76-2,CID:54676038,CHEMBL1466,C19H12O6,H0709,1,6.773942947387695,109.43595094609287,False,False
295,715,COc1ccc([C@@H]2CC(=O)c3c(O)cc(O)cc3O2)cc1O,28,C0118,Hesperetin,CAS:520-33-2,CID:72281,CHEMBL399121,C16H14O6,H0072 | H0315 | H1244 | H0073 | H0111 | H0758 | H0153 | H0265 | H0937 | H0805 | H0651 | H0533 | H0093 | H0360 | H0804 | H0847 | H0137 | H0166 | H0575 | H0813 | H0088 | H0652 | H0131 | H0802 | H0263 | H0152 | H0314 | H0219,28,6.767063617706299,108.91536004990536,False,False
296,714,CC1(C)CC(=O)c2cc3ccc(=O)oc3cc2O1,1,C0678,Naphthalene,,CID:177751,,C14H12O4,H1104,1,6.766486644744873,108.87181054583729,False,False
297,713,O=C1c2ccccc2C(=O)c2ccccc21,8,C0912,Anthraquinone,CAS:84-65-1,CID:6780,CHEMBL55659,C14H8O2,H0928 | H0926 | H0173 | H0350 | H1213 | H0181 | H0472 | H0927,8,6.758729934692383,108.28802748939147,False,False
298,712,CC(C)=CCC1=C(O)C(O)(CC=C(C)C)C(=O)C(C(=O)CC(C)C)=C1O,1,C0127,Humulone,CAS:26472-41-3,CID:442911,CHEMBL1592914,C21H30O5,H0120,1,6.756606101989746,108.12873086302474,False,False
299,711,CC1(C)[C@@H]2CC[C@@]1(C)C(=O)C2,54,C1209,Camphor,CAS:76-22-2,CID:159055,CHEMBL504760,C10H16O,H0629 | H0204 | H1051 | H0673 | H0164 | H0398 | H1138 | H0173 | H0450 | H0902 | H0745 | H0463 | H0399 | H0515 | H0729 | H0139 | H0651 | H0844 | H0764 | H0464 | H0505 | H0103 | H0462 | H0750 | H0093 | H0403 | H0273 | H0028 | H0556 | H0968 | H0565 | H1055 | H0763 | H0002 | H0193 | H0746 | H0418 | H0452 | H0446 | H0088 | H0895 | H0625 | H0154 | H1005 | H0451 | H0056 | H0652 | H0303 | H0585 | H0576 | H0613 | H1029 | H0003 | H0410,54,6.75445556640625,107.96767017428812,False,False
300,710,CC[NH+]1C[C@]2(COC)[C@H](O)C[C@H](OC)[C@@]34[C@@H]5C[C@@]6(O)[C@H](OC(=O)c7ccccc7)[C@@H]5[C@@](OC(C)=O)([C@@H]([C@H](OC)[C@H]23)[C@@H]14)[C@@H](O)[C@@H]6OC,2,C0878,Aconitine,CAS:302-27-2,CID:24832676,,C34H47NO11,H0618 | H1062,2,6.75299072265625,107.85810058568303,False,False
301,709,CCCCC1OC(=O)c2ccccc21,1,C0610,Butylphthalide,CAS:6066-49-5,CID:61361,CHEMBL248594,C12H14O2,H0892,1,6.745560646057129,107.30404458598366,False,False
302,708,CC(C=CC=C(C)C=CC1=C(C)CCCC1(C)C)=CC=CC=C(C)C=CC=C(C)C=CC1=C(C)CC(O)CC1(C)C,1,C0743,?-Cryptoxanthin,CAS:472-70-8,CID:5281235,,C40H56O,H0095,1,6.736400127410889,106.62486667902712,False,False
303,707,Cc1cc2cc3c(C)cc(=O)oc3c(C)c2o1,5,C0460,Trioxsalen,CAS:3902-71-4,CID:5585,CHEMBL1475,C14H12O3,H0704 | H1231 | H1228 | H1115 | H1230,5,6.734583854675293,106.49071636973542,False,False
304,706,CC(C)c1cccc(O)c(=O)c1,2,C0122,Hinokitiol,CAS:499-44-5,CID:71773484,CHEMBL48310,C10H12O2,H1206 | H0480,2,6.724488258361816,105.74812391282508,False,False
305,705,Oc1ccc2c(c1)OCO2,17,C0400,Sesamol,CAS:533-31-3,CID:68289,CHEMBL1517998,C7H6O3,H0629 | H0912 | H1208 | H0909 | H0913 | H0535 | H0910 | H0597 | H0908 | H0806 | H1181 | H0573 | H0209 | H0808 | H0295 | H1207 | H0584,17,6.716394424438477,105.15651494665462,False,False
306,704,CC(C=CC1=C(C)CCCC1(C)C)=CC=CC(C)=CCO,16,C0366,Retinol,,CID:445354,CHEMBL986,C20H30O,H0224 | H0216 | H0720 | H0745 | H0217 | H1183 | H0360 | H0085 | H0847 | H0225 | H0746 | H0418 | H0881 | H0585 | H0427 | H0331,16,6.716350555419922,105.15331742892687,False,False
307,703,CC=Cc1ccc(O)c(OC)c1,39,C0148,Isoeugenol,CAS:97-54-1,CID:853433,CHEMBL193598,C10H12O2,H0551 | H0704 | H0956 | H0173 | H0758 | H0772 | H1170 | H0153 | H0941 | H1231 | H0104 | H0805 | H1198 | H0360 | H0085 | H0028 | H0195 | H0804 | H0968 | H0847 | H1171 | H1097 | H0631 | H0813 | H0446 | H1228 | H0365 | H0895 | H0181 | H1115 | H1235 | H1230 | H1029 | H0802 | H0955 | H0427 | H0152 | H0547 | H0990,39,6.7160797119140625,105.13357838556801,False,False
308,702,C/C=C(\CC[C@@H](C)[C@H]1CC[C@H]2[C@@H]3CC=C4C[C@@H](O)CC[C@]4(C)[C@H]3CC[C@]12C)C(C)C,1,C0748,Fucosterol,CAS:17605-67-3,CID:5281328,CHEMBL519971,C29H48O,H1154,1,6.715090751647949,105.0615345368059,False,False
309,701,NCC(=O)CCC(=O)O,2,C0892,Aminolevulinic Acid,CAS:106-60-5,CID:7048523,CHEMBL601,C5H9NO3,H0360 | H0847,2,6.712735652923584,104.89016884101228,False,False
310,700,Nc1ccccc1C(=O)O,2,C0911,Anthranilic Acid,CAS:118-92-3,CID:3734162,CHEMBL14173,C7H7NO2,H0360 | H0847,2,6.710443496704102,104.72365148728625,False,False
311,699,COc1ccc(-c2coc3cc(O)ccc3c2=O)cc1O,41,C1208,Calycosin,CAS:20575-57-9,CID:5280448,CHEMBL241608,C16H12O5,H0956 | H1152 | H0201 | H0402 | H1075 | H0561 | H0571 | H0111 | H0957 | H0401 | H1249 | H1066 | H0705 | H0200 | H0533 | H0444 | H1067 | H1074 | H0278 | H1021 | H1073 | H0981 | H1070 | H0575 | H0019 | H0197 | H1072 | H0198 | H0240 | H0277 | H0826 | H1142 | H0246 | H0017 | H1248 | H1247 | H0018 | H0955 | H1071 | H1069 | H1250,41,6.709627151489258,104.66441064526423,False,False
312,698,C[C@]12CCC(=O)C=C1CC[C@@H]1[C@@H]2CC[C@@]2(C)[C@H]1CC[C@]2(O)C(=O)CO,2,C1255,Cortodoxone,CAS:152-58-9,CID:440707,CHEMBL253144,C21H30O4,H0360 | H0847,2,6.704977989196777,104.32766683674637,False,False
313,697,COc1ccc(C2CC(=O)c3c(O)cc(O)cc3O2)cc1O,1,C0566,Hesperitin,CAS:520-33-2,CID:3593,CHEMBL88169,C16H14O6,H0813,1,6.700555801391602,104.00836846556177,False,False
314,696,C/C(=C/CC[C@]1(C)C2C[C@@H]3[C@H](C2)C31C)CO,1,C0544,Alpha-Santalol,,CID:11085337,CHEMBL512210,C15H24O,H0524,1,6.700223922729492,103.98444505333042,False,False
315,695,COc1c(C=O)c(O)cc2c1C(=O)c1ccccc1C2=O,2,C1282,Damnacanthal,CAS:477-84-9,CID:2948,CHEMBL212948,C16H10O5,H0227 | H1199,2,6.6994309425354,103.92730550148983,False,False
316,694,C=C1[C@@H](C)[C@H]2[C@H](Cc3ccccc3)N=C(O)[C@]23OC(=O)/C=C/[C@H](O)CCC[C@@H](C)C/C=C/[C@H]3[C@@H]1O,2,C1277,Cytochalasin B,CAS:14930-96-2,CID:5311281,CHEMBL411729,C29H37NO5,H0664 | H0884,2,6.699337005615234,103.92053879549995,False,False
317,693,CC=Cc1ccc(OC)cc1,48,C0905,Anethole,CAS:104-46-1,CID:637563,CHEMBL452630,C10H12O,H1099 | H1051 | H0673 | H1214 | H0164 | H0150 | H1075 | H1010 | H0571 | H0415 | H0080 | H0148 | H1066 | H0592 | H0844 | H0444 | H0184 | H0590 | H1067 | H1120 | H0750 | H1074 | H0273 | H0360 | H1073 | H1087 | H0085 | H1026 | H0847 | H1070 | H0071 | H1097 | H1055 | H0002 | H0004 | H1072 | H0250 | H0853 | H0240 | H1223 | H0554 | H0427 | H1071 | H1069 | H0214 | H0572 | H0005 | H0990,48,6.6980814933776855,103.83014079151216,False,False
318,692,CC1(C)C[C@H](O)C[C@@]2(C)OC(=O)C=C12,3,C0632,Loliolide,CAS:5989-02-6,CID:100332,CHEMBL227113,C11H16O3,H0108 | H0700 | H0221,3,6.697822093963623,103.81147360564199,False,False
319,691,C[C@H]1C[C@@H]2[C@H]([C@@H](O)C[C@@]3(C)[C@H]2CC[C@]3(O)C(=O)CO)[C@@]2(C)C=CC(=O)C=C12,1,C0220,Methylprednisolone,CAS:83-43-2,CID:6741,CHEMBL650,C22H30O5,H0181,1,6.693439960479736,103.49662845427282,False,False
320,690,CC(=O)/C=C/C1C(C)=CCCC1(C)C,1,C0760,?-Ionone,,CID:5282108,CHEMBL472877,C13H20O,H0838,1,6.674086570739746,102.11751820248402,False,False
321,689,O=C1C[C@@H](c2ccc(O)cc2)Oc2cc(O)cc(O)c21,56,C0242,Naringenin,CAS:480-41-1,CID:439246,CHEMBL9352,C15H12O5,H0629 | H1141 | H0601 | H0089 | H0164 | H1222 | H1075 | H0571 | H0758 | H1217 | H0602 | H1225 | H1034 | H0570 | H0457 | H1066 | H0053 | H0805 | H1161 | H0705 | H1124 | H0444 | H1133 | H1067 | H0574 | H1074 | H0278 | H0093 | H0360 | H1240 | H1073 | H0582 | H1224 | H0804 | H1140 | H0847 | H1070 | H1098 | H0166 | H0965 | H0002 | H0813 | H0446 | H0088 | H1072 | H0369 | H0240 | H0277 | H0663 | H0802 | H1227 | H1071 | H1069 | H0092 | H0932 | H0219,56,6.673433780670166,102.0713225611608,False,False
322,688,COc1cc(-c2cc(=O)c3c(O)cc(O)cc3o2)ccc1O,47,C1239,Chrysoeriol,CAS:491-71-4,CID:5280666,CHEMBL214321,C16H12O6,H1051 | H1108 | H1075 | H0065 | H0354 | H0571 | H1104 | H1112 | H1221 | H0536 | H0941 | H0950 | H1066 | H0949 | H0183 | H1124 | H0444 | H1067 | H0750 | H1074 | H0113 | H1073 | H0496 | H0951 | H0568 | H1070 | H1220 | H1218 | H1055 | H1072 | H1107 | H0638 | H0920 | H0240 | H0064 | H0614 | H1106 | H0766 | H1105 | H1190 | H0539 | H0035 | H1111 | H1071 | H1069 | H0214 | H1219,47,6.6711320877075195,101.90860658358382,False,False
323,687,O=c1cc(-c2ccc(O)cc2)oc2cc(O)cc(O)c12,159,C0914,Apigenin,CAS:520-36-5,CID:5280443,CHEMBL28,C15H10O5,H0710 | H1141 | H0821 | H0204 | H1051 | H1108 | H1174 | H0664 | H0889 | H0713 | H0580 | H0300 | H0310 | H0918 | H0089 | H0707 | H0164 | H1253 | H0072 | H1152 | H0890 | H0201 | H0692 | H1138 | H1075 | H0711 | H0065 | H0279 | H1010 | H1252 | H0073 | H0583 | H1090 | H0354 | H0100 | H0027 | H0095 | H0173 | H0571 | H0111 | H0758 | H1104 | H1112 | H0957 | H0153 | H0094 | H0975 | H1249 | H1213 | H0729 | H0457 | H1066 | H0053 | H1128 | H0805 | H1161 | H0183 | H0026 | H0200 | H0533 | H0016 | H1124 | H0444 | H0218 | H0103 | H0258 | H0668 | H1133 | H1067 | H1120 | H0727 | H0750 | H0859 | H1183 | H0816 | H1074 | H0113 | H1021 | H0360 | H1073 | H0496 | H0195 | H0370 | H0855 | H0270 | H0804 | H1140 | H0691 | H0568 | H1007 | H0847 | H1070 | H0166 | H1218 | H0071 | H1251 | H0965 | H1055 | H0575 | H0524 | H0193 | H0690 | H0197 | H0142 | H0004 | H0813 | H0074 | H1072 | H1107 | H0952 | H0154 | H0638 | H0198 | H0920 | H0240 | H0708 | H0064 | H0614 | H0581 | H1106 | H0826 | H0246 | H1105 | H0642 | H0663 | H1092 | H1093 | H0901 | H0498 | H0539 | H0886 | H0871 | H0613 | H0035 | H0802 | H1254 | H1248 | H1111 | H1247 | H0247 | H0003 | H0974 | H1071 | H1069 | H0887 | H0152 | H0092 | H0214 | H1250 | H0572 | H0005 | H0185 | H0237 | H0944 | H1219 | H0031 | H0696 | H0546 | H0219,159,6.6703667640686035,101.85456024661076,False,False
324,686,C[C@@]12CC[C@H]3c4ccc(O)cc4CC[C@H]3[C@@H]1CCC2=O,1,C0804,estrone,CAS:53-16-7,CID:6918970,,C18H22O2,H0112,1,6.655676364898682,100.82267765289062,False,False
325,685,COc1cc(-c2cc(=O)c3c(O)cc(O)cc3o2)cc(OC)c1O,40,C0457,Tricin,CAS:520-32-1,CID:5281702,CHEMBL454320,C17H14O7,H1051 | H0310 | H0801 | H1020 | H0785 | H1253 | H0065 | H1252 | H0354 | H0872 | H0416 | H0626 | H0729 | H0760 | H0705 | H0029 | H0218 | H0750 | H1243 | H0278 | H0682 | H0270 | H1004 | H1251 | H1055 | H0277 | H0358 | H1019 | H0064 | H0765 | H0901 | H0082 | H1254 | H0357 | H0639 | H0637 | H1242 | H0214 | H1110 | H1241,40,6.655248641967773,100.79279068580526,False,False
326,684,CC1(C)[C@H]2CC[C@]1(C)[C@H](O)C2,6,C0719,Borneol,CAS:507-70-0,CID:1201518,CHEMBL3186705,C10H18O,H0398 | H0817 | H0415 | H0446 | H0412 | H0092,6,6.651885986328125,100.55813488547913,False,False
327,683,O=c1c(O)c(-c2ccccc2)oc2cc(O)cc(O)c12,25,C0089,Galangin,CAS:548-83-4,CID:5281616,CHEMBL309490,C15H10O5,H1141 | H1075 | H0571 | H0457 | H1066 | H0053 | H1161 | H0444 | H1067 | H0574 | H1183 | H1074 | H1073 | H0582 | H1140 | H1070 | H0142 | H1072 | H0240 | H1092 | H1093 | H1071 | H1069 | H0092 | H0219,25,6.649713039398193,100.40679103806886,False,False
328,682,Nc1cccc(C(=O)O)c1,2,C0755,3-Aminobenzoic Acid,CAS:99-05-8,CID:7419,CHEMBL307782,C7H7NO2,H0360 | H0847,2,6.6484246253967285,100.3171617239554,False,False
329,681,OCC1(O)OCC(O)C(O)C1O,1,C0565,Fructose,CAS:57-48-7,CID:3426,CHEMBL23954,C6H12O6,H0195,1,6.647061824798584,100.2224447298717,False,False
330,680,C=CC(O)C#CC#CCC=CCCCCCCC,1,C0740,Panaxynol,CAS:21852-80-2,CID:5281149,CHEMBL71260,C17H24O,H1191,1,6.634467124938965,99.35131273723778,False,False
331,679,C[C@@H]1C(=O)O[C@H]2[C@H](O)[C@]34[C@@H]5OC(=O)[C@]3(O[C@@H]3OC(=O)[C@H](O)[C@@]34[C@H](C(C)(C)C)[C@H]5O)[C@@]12O,1,C0809,Ginkgolide C,,CID:9867869,,C20H24O11,H1051,1,6.627735137939453,98.88879385382931,False,False
332,678,O=c1cc(-c2cccc(O)c2O)oc2cc(O)cc(O)c12,1,C0777,"5,7,2',3'-Tetrahydroxyflavone",CAS:74805-70-2,CID:5321864,,C15H10O6,H1251,1,6.627674102783203,98.88461031875023,False,False
333,677,CC(=O)O[C@H]1C[C@H](O[C@H]2[C@@H](O)C[C@H](O[C@H]3[C@@H](O)C[C@H](O[C@H]4CC[C@@]5(C)[C@H](CC[C@@H]6[C@@H]5C[C@@H](O)[C@]5(C)[C@@H](C7=CC(=O)OC7)CC[C@]65O)C4)O[C@@H]3C)O[C@@H]2C)O[C@H](C)[C@H]1O[C@@H]1O[C@H](CO)[C@@H](O)[C@H](O)[C@H]1O,2,C0174,Lanatoside C,CAS:17575-22-3,CID:656630,CHEMBL506569,C49H76O20,H0553 | H0685,2,6.622930526733398,98.56001201095984,False,False
334,676,COc1ccc(-c2cc(=O)c3c(O)cc(O)cc3o2)cc1O,48,C0026,Diosmetin,CAS:520-34-3,CID:5281612,CHEMBL90568,C16H12O6,H1051 | H1108 | H0702 | H0801 | H0792 | H0782 | H0072 | H1194 | H1169 | H1104 | H1112 | H0233 | H0729 | H0980 | H0141 | H1124 | H0258 | H0750 | H0424 | H0113 | H0322 | H0819 | H0140 | H0933 | H0301 | H0931 | H1004 | H1192 | H1055 | H1193 | H0430 | H0930 | H0074 | H1107 | H1164 | H0920 | H0818 | H1106 | H0302 | H1105 | H0663 | H0979 | H0539 | H0304 | H1111 | H0637 | H0433 | H1110,48,6.62241268157959,98.52464094208061,False,False
335,675,COc1c2ccoc2cc2oc(C)cc(=O)c12,1,C0577,Visnagin,CAS:82-57-5,CID:6716,CHEMBL45176,C13H10O4,H0447,1,6.622185230255127,98.50910904308775,False,False
336,674,CNC[C@H](O)c1cccc(O)c1,3,C0301,Phenylephrine,CAS:59-42-7,CID:6041,CHEMBL1215,C9H13NO2,H0360 | H0847 | H0967,3,6.619474411010742,98.32418454134884,False,False
337,673,CCC(C)(C)C(=O)O[C@H]1C[C@@H](C)C=C2C=C[C@H](C)[C@H](CC[C@@H]3C[C@@H](O)CC(=O)O3)[C@H]21,2,C0406,Simvastatin,CAS:79902-63-9,CID:54454,CHEMBL1064,C25H38O5,H0360 | H0847,2,6.616975784301758,98.15404268542761,False,False
338,672,CC(C)=CC[C@H](O)C1=CC(=O)c2c(O)ccc(O)c2C1=O,2,C0511,Alkannin,CAS:23444-65-7,CID:72521,CHEMBL28457,C16H16O5,H0673 | H0844,2,6.616811752319336,98.14288337144332,False,False
339,671,CCCCCCC=CC=O,47,C0709,2-Nonenal,,CID:5283335,CHEMBL450072,C9H16O,H1051 | H1108 | H0714 | H0108 | H0164 | H1011 | H1054 | H0956 | H0201 | H0173 | H0416 | H1104 | H1112 | H1128 | H0665 | H0200 | H1198 | H0750 | H0113 | H0381 | H1109 | H0385 | H0650 | H0565 | H0384 | H1055 | H1232 | H0380 | H0197 | H0383 | H1107 | H1173 | H0382 | H0198 | H0920 | H0358 | H0659 | H1106 | H0246 | H1105 | H0539 | H0897 | H0357 | H1111 | H0955 | H0109 | H0679,47,6.615912914276123,98.08175674355346,False,False
340,670,COC(=O)c1cc(OC)c([C@H]2OC(=O)c3c(OC)cc(OC)cc32)c(OC)c1,1,C0780,"5-Hydroxy-6,7,8,3',4'-Pentamethoxyflavone",CAS:2174-59-6,CID:5324642,,C20H20O8,H0719,1,6.605602741241455,97.38331732918472,False,False
341,669,CC1(C)[C@@H](O)CC[C@]2(C)[C@H]3C(=O)C=C4[C@@H]5C[C@@](C)(C(=O)O)CC[C@]5(C)CC[C@@]4(C)[C@]3(C)CC[C@@H]12,15,C0044,Enoxolone,CAS:471-53-4,CID:10114,CHEMBL230006,C30H46O4,H1075 | H0571 | H1076 | H1066 | H0444 | H1067 | H1074 | H0360 | H1073 | H0847 | H1070 | H1072 | H0240 | H1071 | H1069,15,6.605401992797852,97.36976755688124,False,False
342,668,C[C@]12CCC(=O)C=C1CC[C@@H]1[C@@H]2[C@@H](O)C[C@]2(C=O)[C@@H](C(=O)CO)CC[C@@H]12,2,C0868,Aldosterone,CAS:6251-69-0,CID:5839,CHEMBL273453,C21H28O5,H0360 | H0847,2,6.593522071838379,96.57126508259812,False,False
343,667,C=C1[C@@H](O)[C@]2(O)OC[C@]34[C@H]2[C@@]2(C)[C@H](O)C(=O)C=C(C)[C@@H]2C[C@H]3OC(=O)C[C@@H]14,2,C0545,Ailanthone,CAS:981-15-7,CID:72965,CHEMBL161015,C20H24O7,H0902 | H0900,2,6.592759132385254,96.52020886630527,False,False
344,666,Cc1cc(O)c2c(c1)C(=O)c1cccc(O)c1C2=O,34,C1240,Chrysophanol,CAS:481-74-3,CID:10208,CHEMBL41092,C15H10O4,H0892 | H0928 | H0296 | H0102 | H0926 | H1011 | H0155 | H0439 | H0173 | H0450 | H1166 | H1213 | H0338 | H0408 | H0685 | H1184 | H0998 | H1000 | H1026 | H0925 | H0452 | H0689 | H0250 | H0853 | H0893 | H1173 | H0159 | H0472 | H0451 | H0927 | H0297 | H1223 | H0298 | H0540,34,6.5923991203308105,96.4961260889482,False,False
345,665,CC(C)=CCN1CC[C@]2(C)c3cc(O)ccc3C[C@H]1[C@H]2C,3,C0546,(+)-Pentazocine,CAS:7361-76-4,CID:12259685,CHEMBL60542,C19H27NO,H0757 | H0756 | H0248,3,6.579031944274902,95.60617815178914,False,False
346,664,O=C1C=CC(=O)C=C1,2,C1168,Benzoquinone,,CID:4650,CHEMBL8320,C6H4O2,H0360 | H0847,2,6.578132629394531,95.54659988774978,False,False
347,663,CC1=CC[C@](O)(C(C)C)CC1,1,C0723,Terpinen-4-Ol,CAS:562-74-3,CID:2724161,,C10H18O,H0662,1,6.567449569702148,94.84169684612691,False,False
348,662,Oc1cc(O)c2c(c1)OC(c1cc(O)c(O)c(O)c1)C(O)C2,55,C0046 | C0091,Epigallocatechin | Gallocatechin,CAS:970-74-1 | CAS:970-73-0,CID:72277 | CID:65084,CHEMBL47386 | CHEMBL125743,C15H14O7,H1141 | H1051 | H0361 | H0342 | H0420 | H0721 | H0419 | H0118 | H0692 | H1127 | H0343 | H0229 | H0463 | H0515 | H0457 | H0053 | H0408 | H0464 | H0462 | H0750 | H0424 | H0989 | H0819 | H1240 | H0396 | H0195 | H1140 | H0397 | H1004 | H0166 | H1055 | H0925 | H0733 | H1211 | H0181 | H0818 | H0020 | H0421 | H1029 | H0637 | H0422 | H0391,42,6.557825088500977,94.21109638836394,False,False
349,661,C[C@@]1(C(=O)[O-])CC[C@]2(C(=O)[O-])CC[C@]3(C)C(=CC[C@@H]4[C@@]5(C)CC[C@H](O)[C@@](C)(CO)C5CC[C@]43C)[C@H]2C1,1,C0680,Esculentic Acid,CAS:56283-68-2,CID:187898,,C30H46O6,H0428,1,6.543638706207275,93.28923491669994,False,False
350,660,CC(C)O,5,C0155,Isopropyl Alcohol,CAS:67-63-0,CID:3776,CHEMBL582,C3H8O,H0173 | H0938 | H0360 | H0847 | H1229,5,6.53114128112793,92.48460191267533,False,False
351,659,CNC[C@H](O)c1ccc(O)c(O)c1,2,C0048,Epinephrine,CAS:51-43-4,CID:5816,CHEMBL679,C9H13NO3,H0360 | H0847,2,6.528765678405762,92.33243816639967,False,False
352,658,CC1(C)[C@@H]2CC[C@@]1(C)[C@@H](O)C2,2,C0800,Borneol,CAS:507-70-0,CID:6552009,CHEMBL486208,C10H18O,H0812 | H0412,2,6.525160789489746,92.10201339006976,False,False
353,657,CC(O)C(=O)O,10,C0173,Lactic Acid,CAS:50-21-5,CID:612,CHEMBL1200559,C3H6O3,H0601 | H1010 | H0173 | H1217 | H0602 | H0341 | H1120 | H0004 | H0572 | H0005,10,6.510824203491211,91.19129470892665,False,False
354,656,C=C(CC[C@@H](C(=O)[O-])[C@H]1[C@H](O)C[C@@]2(C)C3=C(CC[C@]12C)[C@@]1(C)CC[C@H](O)C(C)(C)[C@@H]1CC3)C(C)C,1,C0834,Tumulosic Acid,CAS:508-24-7,CID:12314446,CHEMBL461484,C31H50O4,H1053,1,6.505878448486328,90.87921376972798,False,False
355,655,C=CC(C)(O)CCC=C(C)C,103,C0188,Linalool,CAS:78-70-6,CID:6549,CHEMBL25306,C10H18O,H0892 | H0821 | H1214 | H0164 | H0398 | H0155 | H0013 | H0439 | H0956 | H1204 | H0065 | H1090 | H0354 | H1169 | H0238 | H0173 | H0758 | H1176 | H0450 | H1050 | H1077 | H0745 | H0850 | H0399 | H0849 | H0729 | H0740 | H0139 | H0366 | H0338 | H1114 | H0805 | H0607 | H0605 | H0141 | H0651 | H0743 | H0764 | H1245 | H0239 | H0505 | H0103 | H0608 | H1198 | H0424 | H0816 | H0093 | H0403 | H0273 | H0360 | H0819 | H1240 | H0140 | H0028 | H0370 | H0301 | H1139 | H0368 | H0804 | H0269 | H0968 | H0847 | H1097 | H0606 | H0002 | H0746 | H0609 | H0418 | H0813 | H0452 | H0446 | H0088 | H0365 | H0895 | H0625 | H0893 | H0154 | H1164 | H0159 | H1005 | H0451 | H0818 | H0064 | H0652 | H0302 | H1235 | H1185 | H0642 | H0242 | H1101 | H0303 | H0585 | H0576 | H0084 | H1060 | H0304 | H0613 | H0035 | H0802 | H0955 | H0679 | H0410 | H0990,103,6.501984119415283,90.63423037646966,False,False
356,654,CN(C)C(=O)C(CCN1CCC(O)(c2ccc(Cl)cc2)CC1)(c1ccccc1)c1ccccc1,2,C0196,Loperamide,,CID:3955,CHEMBL841,C29H33ClN2O2,H0360 | H0847,2,6.4922614097595215,90.02547552212916,False,False
357,653,C[C@@H]1[C@H](C)[C@@H](c2ccc3c(c2)OCO3)O[C@@H]1c1ccc2c(c1)OCO2,1,C0008,D-Epigalbacin,CAS:84709-25-1,CID:12310041,CHEMBL2151191,C20H20O5,H0374,1,6.47906494140625,89.20575868941972,False,False
358,652,CC(C(=O)O)c1cccc(C(=O)c2ccccc2)c1,2,C0166,Ketoprofen,CAS:22071-15-4,CID:3825,CHEMBL571,C16H14O3,H0360 | H0847,2,6.477691650390625,89.12088477224388,False,False
359,651,CC(C)C(C)C=CC(C)C1CCC2C3=CC=C4CC(O)CCC4(C)C3CCC21C,23,C0049,Ergosterol,CAS:57-87-4,CID:444679,CHEMBL1232562,C28H44O,H0204 | H1035 | H0153 | H0995 | H0943 | H0850 | H1203 | H0495 | H0849 | H0465 | H0736 | H0360 | H1134 | H0831 | H0847 | H0476 | H0875 | H0500 | H0490 | H1226 | H0003 | H0152 | H0932,23,6.467130661010742,88.47087342412783,False,False
360,650,Cc1c[nH]c2ccccc12,6,C0763,3-Methyl-1H-Indole,CAS:83-34-1,CID:6736,CHEMBL1329793,C9H9N,H0424 | H0360 | H0819 | H0847 | H0818 | H0149,6,6.459944725036621,88.03130349269644,False,False
361,649,O=c1c(O)c(-c2ccc(O)cc2)oc2cc(O)cc(O)c12,188,C0164,Kaempferol,CAS:520-18-3,CID:5280863,CHEMBL150,C15H10O6,H0710 | H1051 | H0730 | H0580 | H0468 | H0420 | H0419 | H1028 | H0717 | H0918 | H0108 | H0707 | H0793 | H1015 | H0120 | H0958 | H1222 | H1246 | H0411 | H0725 | H0426 | H1061 | H1152 | H0201 | H1138 | H1075 | H0711 | H0065 | H1127 | H1010 | H0583 | H0275 | H0354 | H1169 | H0173 | H0571 | H0470 | H0758 | H0416 | H0772 | H0415 | H0423 | H1225 | H0902 | H0153 | H1017 | H0288 | H0938 | H1202 | H0463 | H0975 | H1034 | H0950 | H0570 | H1213 | H0515 | H0729 | H0243 | H1066 | H0960 | H0805 | H0949 | H0141 | H0200 | H0764 | H0016 | H1124 | H0656 | H0444 | H0464 | H0218 | H0978 | H1133 | H1067 | H1120 | H0462 | H0750 | H0190 | H1074 | H0128 | H0379 | H1021 | H0344 | H0115 | H0360 | H0345 | H0162 | H0227 | H0163 | H1073 | H0396 | H0140 | H0612 | H0195 | H1026 | H0301 | H1188 | H1224 | H0270 | H0804 | H0951 | H0453 | H0397 | H0565 | H0847 | H1046 | H1070 | H0166 | H0798 | H0071 | H1097 | H0014 | H1055 | H0434 | H1045 | H0043 | H1232 | H0002 | H0193 | H0733 | H0197 | H0142 | H0004 | H0813 | H0446 | H1072 | H0365 | H0250 | H1189 | H0853 | H0541 | H0181 | H1164 | H0425 | H0198 | H0015 | H0240 | H0708 | H0358 | H1117 | H0064 | H0581 | H0302 | H0440 | H0658 | H0246 | H0716 | H1187 | H1223 | H1068 | H1092 | H1016 | H1093 | H0421 | H0084 | H0901 | H0498 | H0897 | H0871 | H0304 | H1029 | H0802 | H0357 | H0422 | H0734 | H0974 | H1227 | H1071 | H1069 | H0152 | H0391 | H0109 | H0214 | H0572 | H0005 | H1082 | H0377 | H0413 | H0237 | H1036 | H0083 | H0679 | H0932 | H0696 | H0591 | H0045 | H0219 | H0990,188,6.4550580978393555,87.73363251196221,False,False
362,648,COc1cc(-c2oc3cc(O)cc(O)c3c(=O)c2O)ccc1O,62,C0157,Isorhamnetin,CAS:480-19-3,CID:5281654,CHEMBL379064,C16H12O7,H1141 | H1051 | H0558 | H0580 | H0010 | H0717 | H1222 | H0426 | H1152 | H0249 | H0583 | H1169 | H0423 | H1225 | H0745 | H1249 | H1034 | H0068 | H0729 | H0139 | H0457 | H0053 | H0141 | H1124 | H0750 | H0379 | H1021 | H0067 | H0069 | H0360 | H0396 | H0140 | H0195 | H0301 | H1224 | H1140 | H0397 | H0847 | H1055 | H0763 | H0002 | H0524 | H0193 | H0746 | H0418 | H0365 | H0557 | H1164 | H0425 | H0056 | H0581 | H0302 | H0716 | H0585 | H0304 | H1248 | H1247 | H1227 | H0391 | H0214 | H1250 | H0045,62,6.452724933624268,87.59186205141506,False,False
363,647,C#C[C@]1(O)CC[C@H]2[C@@H]3CCc4cc(O)ccc4[C@H]3CC[C@@]21C,2,C0059,Ethinyl Estradiol,,CID:5991,CHEMBL691,C20H24O2,H0360 | H0847,2,6.448461532592773,87.33339579179398,False,False
364,646,O=c1c2cc(O)ccc2oc2cc(O)cc(O)c12,5,C0494,"1,3,7-Trihydroxyxanthone",CAS:529-49-7,CID:5281635,CHEMBL361025,C13H8O5,H0288 | H0162 | H0227 | H0163 | H0604,5,6.432594299316406,86.37813721159583,False,False
365,645,C[C@]12CCC(=O)C=C1CC[C@@H]1[C@@H]2[C@@H](O)C[C@@]2(C)[C@H]1CC[C@]2(O)C(=O)CO,5,C0129,Hydrocortisone,CAS:50-23-7,CID:5754,CHEMBL389621,C21H30O5,H0697 | H1014 | H0360 | H0847 | H0482,5,6.4310197830200195,86.28391799512892,False,False
366,644,CCC(CCC(C)C1CCC2C3CC=C4CC(O)CCC4(C)C3CCC12C)C(C)C,331,C1178,Beta-Sitosterol,,CID:222284,CHEMBL221542,C29H50O,H0710 | H1099 | H0821 | H0429 | H1233 | H1051 | H1108 | H0409 | H0471 | H0289 | H0022 | H0362 | H0712 | H0779 | H0939 | H0296 | H0420 | H0842 | H0419 | H1208 | H0601 | H0551 | H1214 | H1020 | H0918 | H0108 | H0089 | H0707 | H1015 | H0785 | H1011 | H0704 | H0958 | H0398 | H0698 | H0519 | H0155 | H1222 | H0777 | H1049 | H0134 | H0439 | H0956 | H0755 | H0285 | H1152 | H1047 | H1138 | H0697 | H1075 | H0315 | H1244 | H0711 | H1127 | H0279 | H1010 | H1090 | H0894 | H0363 | H1169 | H0095 | H0715 | H0173 | H1035 | H0571 | H0111 | H0470 | H0758 | H1217 | H1052 | H0872 | H0735 | H0416 | H0626 | H0835 | H0602 | H1104 | H1112 | H0839 | H0530 | H1225 | H0633 | H0902 | H0153 | H0700 | H0688 | H1017 | H0094 | H0745 | H1179 | H0463 | H0975 | H0995 | H1249 | H1231 | H1034 | H0202 | H0950 | H0308 | H0570 | H1203 | H0399 | H0515 | H1180 | H0233 | H0740 | H0139 | H0760 | H0243 | H1066 | H0290 | H0617 | H0053 | H0960 | H0104 | H0323 | H1128 | H0338 | H0722 | H0805 | H0949 | H0566 | H0183 | H0141 | H0841 | H0743 | H0167 | H0592 | H0493 | H0533 | H0016 | H1124 | H0008 | H0444 | H0239 | H0029 | H0464 | H0341 | H0505 | H0590 | H0258 | H0337 | H1100 | H0336 | H0177 | H1067 | H1120 | H0574 | H0462 | H0693 | H0577 | H0750 | H1243 | H0424 | H1183 | H0816 | H1074 | H0113 | H0278 | H0093 | H1184 | H0196 | H0998 | H1000 | H0130 | H0327 | H1181 | H0115 | H0807 | H0360 | H0819 | H0381 | H0227 | H1073 | H0682 | H0385 | H0140 | H0085 | H0846 | H0028 | H0195 | H0526 | H1201 | H0582 | H0531 | H0784 | H0301 | H1188 | H1224 | H0270 | H0804 | H0556 | H0269 | H0691 | H0455 | H1210 | H0951 | H0968 | H0568 | H0453 | H0847 | H1046 | H0116 | H1070 | H0166 | H0384 | H1218 | H0071 | H1055 | H1045 | H0575 | H0043 | H0967 | H0646 | H0929 | H0380 | H0346 | H0494 | H0733 | H0264 | H0746 | H0690 | H0418 | H0873 | H1229 | H0671 | H0142 | H0430 | H0383 | H0004 | H0813 | H0632 | H1207 | H0446 | H0088 | H1228 | H1072 | H0203 | H0895 | H1107 | H1173 | H0638 | H1164 | H0382 | H0159 | H0920 | H0060 | H0818 | H0015 | H0240 | H0708 | H0056 | H0277 | H0358 | H1019 | H0158 | H0614 | H1115 | H0007 | H1106 | H0302 | H0297 | H0478 | H0875 | H1105 | H0502 | H0963 | H0663 | H0242 | H0147 | H1092 | H0741 | H0585 | H1016 | H1093 | H1158 | H0421 | H0738 | H0628 | H0339 | H0325 | H1030 | H1230 | H0539 | H0897 | H0871 | H0304 | H0082 | H0527 | H0035 | H1029 | H0802 | H0357 | H1248 | H1111 | H1247 | H0955 | H0422 | H0974 | H0427 | H1227 | H1071 | H0562 | H1069 | H0701 | H1033 | H0433 | H1242 | H0152 | H0061 | H0109 | H1250 | H0572 | H0848 | H0640 | H0005 | H0226 | H0314 | H0377 | H0529 | H0542 | H1219 | H0768 | H0024 | H1056 | H0932 | H0546 | H0045 | H1186 | H1241 | H1102,331,6.419844627380371,85.61814227034225,False,False
367,643,CC(C)=CCC[C@](C)(OC1OC(COC2OC(CO)C(O)C(O)C2O)C(O)C(O)C1O)C1CC[C@]2(C)C1C(O)CC1C3(C)CCC(OC4OC(CO)C(O)C(O)C4OC4OC(CO)C(O)C(O)C4O)C(C)(C)C3CCC12C,1,C0893,Ginsenoside Rb1,CAS:41753-43-9,CID:59070837,,C54H92O23,H0838,1,6.419445514678955,85.59445981432694,False,False
368,642,CC(C)(C)NCC(O)c1cc(O)cc(O)c1,5,C0434,Terbutaline,CAS:23031-25-6,CID:5403,CHEMBL1760,C12H19NO3,H0758 | H0805 | H0804 | H0813 | H0802,5,6.419058322906494,85.5714909797511,False,False
369,641,CC(C)=CCC[C@H](C)[C@@H]1C=CC(C)=CC1,2,C0630,Zingiberene,CAS:495-60-3,CID:92776,,C15H24,H0028 | H0446,2,6.417937755584717,85.50505186117122,False,False
370,640,CC(=O)c1c(O)c(C)c(O)c2c1OC1=CC(=O)C(C(C)=O)C(=O)C12C,1,C0631,"2,6-Diacetyl-7,9-Dihydroxy-8,9B-Dimethyldibenzofuran-1,3-Dione",CAS:125-46-2,CID:5646,CHEMBL1375951,C18H16O7,H1133,1,6.417476654052734,85.47772785340682,False,False
371,639,CCCCCCCCCCCC1=C(O)C(=O)C=C(O)C1=O,7,C0040,Embelin,CAS:550-24-3,CID:3218,CHEMBL221137,C17H26O4,H1011 | H0832 | H0592 | H0590 | H1173 | H0329 | H0848,7,6.401247978210449,84.52158860330078,False,False
372,638,CC1=CCC2C(C1)C2(C)C,3,C0603,"3,7,7-Trimethylbicyclo[4.1.0]Hept-3-Ene,3-Carene",,CID:26049,CHEMBL506854,C10H16,H1022 | H0398 | H0911,3,6.386682510375977,83.67255070971841,False,False
373,637,CC1=CC(=O)c2ccccc2C1=O,2,C0211,Menadione,CAS:58-27-5,CID:4055,CHEMBL590,C11H8O2,H0360 | H0847,2,6.374969482421875,82.99597585084096,False,False
374,636,C=C1C(=O)[C@]23[C@H](O)[C@H]1CC[C@H]2[C@@]12CO[C@@]3(O)[C@@H](O)[C@@H]1C(C)(C)CC[C@@H]2O,1,C0506,Oridonin,CAS:28957-04-2,CID:15923208,CHEMBL454570,C20H28O6,H0617,1,6.346177101135254,81.35601453528709,False,False
375,635,C/C=C(/C)C(=O)O[C@H]1[C@@H]2[C@H](C)C(=O)O[C@@H]2C[C@@H](C)[C@@H]2C=CC(=O)[C@]21C,2,C0535,Brevilin A,CAS:16503-32-5,CID:12302076,CHEMBL2262842,C20H26O5,H1020 | H1019,2,6.3442606925964355,81.24801676050843,False,False
376,634,COc1cc(O)cc2oc(=O)c3c4ccc(O)cc4oc3c12,1,C0769,Isotrifoliol,CAS:329319-08-6,CID:5318679,,C16H10O6,H1066,1,6.33803129196167,80.89795295329206,False,False
377,633,C=C[C@H](O)C#CC#CC/C=C\CCCCCCC,18,C0522,Falcarinol,CAS:21852-80-2,CID:5469789,CHEMBL368712,C17H24O,H0378 | H0956 | H0416 | H0239 | H0093 | H0381 | H0385 | H0384 | H0002 | H0380 | H0383 | H0088 | H0382 | H0358 | H0242 | H1030 | H0357 | H0955,18,6.333934307098389,80.66854374767809,False,False
378,632,CC1=C(/C=C/C(C)=C/C=C/C(C)=C/C=C/C=C(C)/C=C/C=C(C)/C=C/C2=C(C)C(=O)[C@@H](O)CC2(C)C)C(C)(C)C[C@H](O)C1=O,2,C0503,Astaxanthin,CAS:472-61-7,CID:5281224,CHEMBL1255871,C40H52O4,H0360 | H0847,2,6.332059860229492,80.56380178414233,False,False
379,631,O=C(O)C=Cc1ccccc1,72,C1243,Cinnamic Acid,CAS:621-82-9,CID:444539,CHEMBL27246,C9H8O2,H0928 | H0022 | H0510 | H0926 | H0164 | H1011 | H1118 | H0973 | H0940 | H1075 | H0065 | H0354 | H1169 | H0095 | H0173 | H0571 | H0688 | H0094 | H0941 | H1066 | H0366 | H0509 | H1114 | H0566 | H0141 | H0444 | H1067 | H1198 | H1074 | H0093 | H0360 | H1073 | H0396 | H0140 | H0778 | H0301 | H1135 | H1139 | H0368 | H0269 | H0691 | H0972 | H0397 | H0847 | H1070 | H0002 | H0690 | H0747 | H0446 | H0088 | H1072 | H1173 | H1164 | H0776 | H1079 | H0472 | H0240 | H0064 | H0302 | H0927 | H0718 | H0473 | H0304 | H1071 | H1069 | H0391 | H1156 | H0768 | H0024 | H0546 | H0514 | H0219,72,6.329090118408203,80.39813433156928,False,False
380,630,O=c1oc2c(O)c(O)cc3c(=O)oc4c(O)c(O)cc1c4c23,64,C0039,Ellagic Acid,CAS:476-66-4,CID:5281855,CHEMBL6246,C14H6O8,H0429 | H0342 | H0267 | H1091 | H0634 | H1035 | H0343 | H1221 | H0772 | H0070 | H1170 | H0288 | H0463 | H0975 | H0941 | H1034 | H0515 | H0068 | H0104 | H0868 | H0066 | H0016 | H0656 | H1137 | H0464 | H0462 | H0128 | H0344 | H0067 | H0069 | H0360 | H0345 | H0162 | H0227 | H0163 | H0396 | H0934 | H0195 | H0759 | H0784 | H0397 | H0847 | H1171 | H1220 | H1097 | H0967 | H1025 | H0461 | H0060 | H0959 | H0252 | H0635 | H0084 | H1130 | H0256 | H0974 | H0391 | H1082 | H0547 | H0237 | H1009 | H1056 | H0219 | H0990,64,6.326815128326416,80.2714541828848,False,False
381,629,O=c1c(O)c(-c2ccccc2)oc2ccccc12,8,C0078,Flavonol,CAS:577-85-5,CID:11349,CHEMBL294009,C15H10O3,H0758 | H0006 | H0805 | H1161 | H0804 | H0813 | H0802 | H0092,8,6.312352180480957,79.4707569275172,False,False
382,628,NCCc1cc(O)c(O)cc1O,2,C0273,Oxidopamine,CAS:1199-18-4,CID:4624,CHEMBL337702,C8H11NO3,H0360 | H0847,2,6.311277866363525,79.41160043678212,False,False
383,627,CC(C)C1=CC2=CC[C@@H]3[C@](C)(CCC[C@@]3(C)C(=O)O)[C@H]2CC1,11,C0841,Abietic Acid,CAS:514-10-3,CID:10569,CHEMBL71893,C20H30O2,H0506 | H0012 | H1049 | H1047 | H0103 | H0177 | H0206 | H0507 | H0603 | H0207 | H0154,11,6.289988994598389,78.24838086295463,False,False
384,626,OC(=NC1CCCCC1)NC1CCCCC1,1,C0515,"1,3-Dicyclohexylurea",CAS:2387-23-7,CID:4277,CHEMBL1458,C13H24N2O,H0195,1,6.276210784912109,77.50464035860634,False,False
385,625,Oc1cc(O)c2c(c1)OC(c1ccc(O)c(O)c1)C(O)C2,330,C0114 | C1241 | C1220,(-)-Epicatechin | Cianidanol | Catechin,,CID:72276 | CID:9064 | CID:1203,CHEMBL583912 | CHEMBL311498 | CHEMBL206452,C15H14O6,H0534 | H1141 | H1099 | H0429 | H1051 | H0928 | H0361 | H0342 | H0021 | H0362 | H0779 | H0939 | H0825 | H0420 | H0419 | H0601 | H1214 | H0926 | H0793 | H1015 | H0120 | H0660 | H0118 | H0773 | H0698 | H0519 | H1222 | H0777 | H1061 | H1152 | H0615 | H1075 | H0486 | H0220 | H1127 | H0363 | H1169 | H0173 | H0571 | H1217 | H0343 | H0626 | H0602 | H1221 | H0229 | H1225 | H0153 | H1017 | H0463 | H0941 | H1034 | H0485 | H0950 | H0570 | H1213 | H0515 | H0068 | H0457 | H1066 | H0617 | H0053 | H0980 | H0104 | H0856 | H1161 | H0949 | H0868 | H0141 | H0408 | H0764 | H0016 | H1137 | H0444 | H0464 | H1133 | H1067 | H0574 | H0462 | H0860 | H0750 | H0284 | H0424 | H1074 | H1184 | H0067 | H0989 | H0069 | H0360 | H0819 | H1240 | H0227 | H1073 | H0396 | H0140 | H0195 | H1201 | H0582 | H0351 | H0784 | H0301 | H1224 | H0857 | H0269 | H1140 | H0951 | H0397 | H0565 | H0847 | H1070 | H1053 | H1004 | H0166 | H1220 | H1162 | H1055 | H0925 | H0043 | H0733 | H0446 | H1211 | H1072 | H0365 | H0181 | H1164 | H0472 | H0818 | H0240 | H0959 | H0056 | H0007 | H0302 | H0927 | H0020 | H0765 | H0979 | H1212 | H1068 | H1016 | H0298 | H0421 | H0084 | H0304 | H0035 | H1029 | H0256 | H0637 | H0422 | H1227 | H1071 | H1069 | H0532 | H0152 | H0391 | H0092 | H0226 | H0237 | H1036 | H0023 | H0858 | H1009 | H0932 | H1102,162,6.274796485900879,77.42869844291562,False,False
386,624,O=C(C=Cc1ccc(O)c2c1C(C(=O)OC(Cc1ccc(O)c(O)c1)C(=O)[O-])C(c1ccc(O)c(O)c1)O2)OC(Cc1ccc(O)c(O)c1)C(=O)[O-],1,C0648,Salvianolic Acid B,CAS:121521-90-2,CID:119177,,C36H30O16,H0949,1,6.269453048706055,77.1424493560344,False,False
387,623,O=C1Nc2ccccc2C1=O,10,C0146,Isatin,CAS:91-56-5,CID:7054,CHEMBL326294,C8H5NO2,H0265 | H0937 | H0278 | H0360 | H0847 | H0137 | H0277 | H0131 | H0339 | H0263,10,6.268548488616943,77.09409671901233,False,False
388,622,CC(O)(CC(=O)O)CC(=O)O,7,C0209,Meglutol,CAS:503-49-1,CID:1662,CHEMBL50444,C6H10O5,H1010 | H1120 | H0360 | H0847 | H0004 | H0572 | H0005,7,6.262747764587402,76.78474254064925,False,False
389,621,NCC(O)c1ccc(O)cc1,7,C0260,Octopamine,CAS:104-14-3,CID:4581,CHEMBL53929,C8H11NO2,H0758 | H0805 | H0093 | H0804 | H0813 | H0088 | H0802,7,6.259398460388184,76.60668885640023,False,False
390,620,CC(C)=CCc1cc(/C=C/C(=O)O)cc(CC=C(C)C)c1O,8,C0923,Artepillin,,CID:5472440,CHEMBL456309,C19H24O3,H0111 | H0745 | H0533 | H1183 | H0575 | H0746 | H0418 | H0585,8,6.249046325683594,76.05896097698962,False,False
391,619,CC(C)=CCCC(C)CCO,47,C1247,Citronellol,CAS:106-22-9,CID:8842,CHEMBL395827,C10H20O,H0892 | H1214 | H0155 | H0439 | H0956 | H0065 | H1090 | H0354 | H0758 | H0745 | H0338 | H0805 | H0607 | H0605 | H0651 | H0103 | H0608 | H0093 | H0403 | H0028 | H0804 | H0763 | H0606 | H0524 | H0063 | H0746 | H0609 | H0418 | H0813 | H0446 | H0088 | H0365 | H0895 | H0893 | H0154 | H0159 | H1005 | H0064 | H0652 | H1235 | H0303 | H0585 | H0613 | H0802 | H0955 | H0237 | H0410,47,6.248940944671631,76.0534054872123,False,False
392,618,CCCCCCCCCC(=O)O[C@H]1CC[C@H]2[C@@H]3CCC4=CC(=O)CC[C@@H]4[C@H]3CC[C@]12C,2,C0239,Nandrolone Decanoate,CAS:360-70-3,CID:9677,CHEMBL1200946,C28H44O3,H0574 | H0582,2,6.24661111831665,75.93068500485981,False,False
393,617,CC(C)=CCOc1c2ccoc2cc2oc(=O)ccc12,22,C0151,Isoimperatorin,CAS:482-45-1,CID:68081,CHEMBL448060,C16H14O4,H0089 | H0792 | H0956 | H0387 | H0980 | H0868 | H0651 | H0774 | H0239 | H0424 | H0819 | H0881 | H0818 | H0652 | H0979 | H0242 | H1030 | H0256 | H0955 | H0331 | H1009 | H0219,22,6.244285583496094,75.80838804964105,False,False
394,616,Oc1cc(O)cc(Oc2c(O)cc(O)c3c2Oc2c(O)cc(O)cc2O3)c1,1,C0038,Eckol,CAS:88798-74-7,CID:145937,CHEMBL471187,C18H12O9,H0117,1,6.241245746612549,75.6488238189718,False,False
395,615,CC(=O)/C=C/[C@@H]1C(C)=CCCC1(C)C,1,C0715,?-Ionone,CAS:127-41-3,CID:638013,,C13H20O,H0274,1,6.2347002029418945,75.30638062755777,False,False
396,614,Cc1ncc(CO)c(CO)c1O,11,C0348,Pyridoxine,CAS:65-23-6,CID:1054,CHEMBL1364,C8H11NO3,H1040 | H0938 | H0617 | H0360 | H1087 | H0847 | H1088 | H0244 | H0763 | H0214 | H0257,11,6.232729434967041,75.20357991236983,False,False
397,613,O=c1c(O)c(-c2ccc(O)cc2O)oc2cc(O)cc(O)c12,20,C0225,Morin,CAS:480-16-0,CID:5281670,CHEMBL28626,C15H10O7,H0812 | H0236 | H0393 | H0437 | H0389 | H0879 | H0153 | H1161 | H0356 | H0394 | H0396 | H0397 | H0446 | H0395 | H1190 | H0532 | H0152 | H0391 | H0092 | H0235,20,6.232518196105957,75.19256943879668,False,False
398,612,CC(C)=CC1CC(C)(O)C2C3CCC4C5(C)CCC(OC6OCC(O)C(OC7OC(COC8OC(CO)C(O)C(O)C8O)C(O)C(O)C7OC7OCC(O)C(O)C7O)C6OC6OC(C)C(O)C(O)C6O)C(C)(C)C5CCC4(C)C34COC2(C4)O1,1,C0676,Jujuboside A,,CID:171446,,C58H94O26,H0941,1,6.225786209106445,74.84251887278731,False,False
399,611,Cc1cc(O)c2c(c1)C(=O)c1cc(O)cc(O)c1C2=O,39,C0041,Emodin,CAS:518-82-1,CID:3220,CHEMBL289277,C15H10O5,H0928 | H0102 | H0926 | H1011 | H1075 | H0571 | H0450 | H1166 | H1213 | H1066 | H0444 | H1100 | H1067 | H1074 | H1184 | H0998 | H1000 | H1073 | H1026 | H1070 | H0452 | H1072 | H0689 | H0250 | H0853 | H1173 | H0472 | H0451 | H0240 | H0056 | H0927 | H1235 | H1223 | H0298 | H0110 | H1071 | H1069 | H0540 | H0809,39,6.216277122497559,74.35083927737405,False,False
400,610,OCC1OC(OCCc2ccc(O)cc2)C(O)C(O)C1O,4,C0659,"Rhodioloside,Salidroside",,CID:159278,CHEMBL465208,C14H20O7,H0300 | H0939 | H0202 | H1189,4,6.194592475891113,73.24165447919405,False,False
401,609,CC(C)=CCCC(C)(OC1OC(CO)C(O)C(O)C1O)C1CCC2(C)C1C(O)CC1C3(C)CCC(O)C(C)(C)C3C(OC3OC(CO)C(O)C(O)C3O)CC12C,3,C0700,Ginsenoside Rg1,CAS:22427-39-0,CID:441923,CHEMBL501637,C42H72O14,H0378 | H0631 | H0357,3,6.193386077880859,73.18043457422743,False,False
402,608,C=C[C@@](C)(/C=C/c1ccc(O)cc1)CCC=C(C)C,1,C0509,Bakuchiol,CAS:10309-37-2,CID:5468522,CHEMBL262344,C18H24O,H0456,1,6.173889636993408,72.1981335870841,False,False
403,607,CC=Cc1cc(OC)c2c(c1)C(C)C(c1ccc(O)c(OC)c1)O2,2,C0184,Licarin A,CAS:51020-86-1,CID:5281836,CHEMBL463526,C20H22O4,H0374 | H0365,2,6.173558235168457,72.18155084113334,False,False
404,606,COc1ccc(-c2cc(=O)c3c(OC)c(OC)c(OC)c(OC)c3o2)cc1OC,11,C0249,Nobiletin,CAS:478-01-3,CID:72344,CHEMBL76447,C21H22O8,H0758 | H0805 | H0651 | H0093 | H0804 | H0813 | H0088 | H0652 | H0084 | H0604 | H0802,11,6.1577887535095215,71.39686158439667,False,False
405,605,O=C1c2c(O)cc(O)cc2OC(c2cc(O)c(O)c(O)c2)C1O,1,C0664,Ampelopsin,CAS:27200-12-0,CID:161557,CHEMBL3348861,C15H12O8,H1184,1,6.153360843658447,71.17806675380598,False,False
406,604,COc1cc(/C=C/c2ccccc2)oc(=O)c1,1,C0009,Desmethoxyyangonin,CAS:15345-89-8,CID:5273621,CHEMBL254218,C14H12O3,H0042,1,6.148021697998047,70.91513681233853,False,False
407,603,O=C(O)C=Cc1ccc(O)cc1,126,C1258,Coumaric Acid,CAS:25429-38-3,CID:637542,CHEMBL66879,C9H8O3,H0985 | H1051 | H0510 | H0420 | H0419 | H0108 | H1015 | H0164 | H1022 | H0970 | H0757 | H1061 | H0697 | H0315 | H1244 | H0486 | H0065 | H1127 | H0073 | H0057 | H0354 | H1169 | H0095 | H0173 | H0758 | H0626 | H1221 | H1148 | H0772 | H0423 | H0700 | H0688 | H1017 | H0094 | H0938 | H0463 | H0900 | H0075 | H0941 | H0485 | H1213 | H0515 | H0837 | H0006 | H0805 | H0172 | H0607 | H0566 | H0605 | H0141 | H0016 | H0464 | H1116 | H0462 | H0608 | H0756 | H0750 | H0424 | H1183 | H0093 | H0196 | H0327 | H0360 | H0819 | H0227 | H0396 | H1109 | H0140 | H0085 | H0195 | H0526 | H0301 | H1188 | H0804 | H0269 | H0397 | H0847 | H0248 | H0166 | H1220 | H1055 | H0606 | H0346 | H0733 | H0609 | H0747 | H0881 | H0813 | H0632 | H0074 | H0088 | H1129 | H1164 | H0818 | H0056 | H0064 | H1205 | H0302 | H0642 | H0765 | H0663 | H1068 | H1149 | H1016 | H0421 | H0897 | H1150 | H0304 | H0802 | H0422 | H0427 | H0686 | H0391 | H0109 | H0214 | H0226 | H0314 | H0377 | H0237 | H0255 | H0768 | H0331 | H0045 | H0219 | H0307 | H1147,126,6.144397735595703,70.73722583601787,False,False
408,602,CC(C=CC=C(C)C(=O)OC1OC(COC2OC(CO)C(O)C(O)C2O)C(O)C(O)C1O)=CC=CC=C(C)C=CC=C(C)C(=O)OC1OC(COC2OC(CO)C(O)C(O)C2O)C(O)C(O)C1O,1,C0742,Crocin,CAS:42553-65-1,CID:5281233,CHEMBL446785,C44H64O24,H0818,1,6.112818241119385,69.20566539257048,False,False
409,601,CC(C)NCC(O)COc1ccc(CC(=N)O)cc1,4,C0956,Atenolol,CAS:29122-68-7,CID:2249,CHEMBL24,C14H22N2O3,H0629 | H0360 | H0847 | H0365,4,6.109062194824219,69.02572327476544,False,False
410,600,COc1cc(C2Oc3cc(C4Oc5cc(O)cc(O)c5C(=O)C4O)ccc3OC2CO)ccc1O,4,C0403 | C0404,Silibinin | Silybin B,CAS:22888-70-6 | CAS:142797-34-0,CID:5213 | CID:1548994,CHEMBL1401508 | CHEMBL592675,C25H22O10,H0484 | H0095 | H0094,3,6.108366012573242,68.99242248048819,False,False
411,599,O=C(O)C=Cc1ccc(O)c(O)c1,177,C1203,Caffeic Acid,CAS:331-39-5,CID:689043,CHEMBL145,C9H8O4,H0892 | H0534 | H0680 | H1099 | H1051 | H0928 | H0289 | H0889 | H0681 | H0779 | H0601 | H1020 | H0926 | H0108 | H1015 | H1011 | H0757 | H0698 | H0817 | H0777 | H0956 | H1061 | H1152 | H0890 | H0697 | H0315 | H1244 | H0065 | H1010 | H1090 | H0894 | H0275 | H0354 | H0100 | H1169 | H0095 | H0173 | H1217 | H0416 | H0602 | H1221 | H0772 | H0839 | H0423 | H0447 | H0700 | H1017 | H0094 | H0745 | H0938 | H0463 | H0075 | H0941 | H1034 | H0950 | H0570 | H1213 | H0515 | H0729 | H0139 | H0243 | H0509 | H0006 | H0891 | H0649 | H0949 | H0566 | H0141 | H0844 | H0764 | H0016 | H1124 | H0239 | H0464 | H1100 | H1133 | H1120 | H0462 | H0756 | H0750 | H0424 | H1183 | H0379 | H0093 | H0327 | H0115 | H0648 | H0819 | H1240 | H0396 | H0140 | H0085 | H0496 | H0778 | H0612 | H0195 | H1201 | H0301 | H1188 | H0047 | H0269 | H0691 | H0951 | H0397 | H0116 | H0050 | H0248 | H0166 | H1220 | H1097 | H0965 | H1055 | H0043 | H0746 | H0690 | H0418 | H0671 | H0004 | H0632 | H0074 | H0088 | H0365 | H0448 | H0181 | H0893 | H1173 | H1164 | H0776 | H0472 | H0818 | H0436 | H0358 | H1019 | H0064 | H0614 | H0302 | H0927 | H0440 | H1235 | H0765 | H0242 | H1068 | H0147 | H0241 | H0741 | H0585 | H1195 | H1016 | H0576 | H0084 | H0954 | H0886 | H0897 | H0871 | H0304 | H0035 | H0357 | H0639 | H0955 | H0427 | H0887 | H0391 | H0109 | H0572 | H0005 | H0185 | H0314 | H0237 | H0083 | H0932 | H0546 | H0514 | H0045 | H0219 | H1186 | H0990 | H1102,177,6.107719421386719,68.96150818755206,False,False
412,598,CC(C)=CCCC1=C[C@H](c2c(O)cc3c(c2O)C(=O)C[C@@H](c2cc(O)ccc2O)O3)[C@@H](C(=O)c2ccc(O)cc2O)[C@H](c2ccc(O)cc2O)C1,3,C0387,Sanggenon G,CAS:85698-31-3,CID:44408701,CHEMBL382338,C40H38O11,H0396 | H0397 | H0391,3,6.103470802307129,68.75872092012014,False,False
413,597,CCCCC[C@H](O)/C=C/[C@H]1C(=O)C[C@H](O)[C@@H]1C/C=C\CCCC(=O)O,2,C0331,Prostaglandin D2,CAS:41598-07-6,CID:448457,CHEMBL1235252,C20H32O5,H0360 | H0847,2,6.0983428955078125,68.51475915038715,False,False
414,596,CC1(OC(=O)C=Cc2ccccc2)CC(O)C2(O)C=COC(OC3OC(CO)C(O)C(O)C3O)C12,2,C0116,Harpagoside,CAS:19210-12-9,CID:5281542,CHEMBL516702,C24H30O11,H0688 | H0768,2,6.094767093658447,68.34515169423793,False,False
415,595,COc1cc(CCC(=O)CC(=O)CCc2ccc(O)c(OC)c2)ccc1O,4,C0438,Tetrahydrocurcumin,CAS:36062-04-1,CID:124072,CHEMBL318743,C21H24O6,H0360 | H0028 | H0847 | H0895,4,6.091032028198242,68.16843835711602,False,False
416,594,CC(C)=CCCC(C)(O)C1CCC2(C)C1C(O)CC1C3(C)CCC(OC4OC(CO)C(O)C(O)C4O)C(C)(C)C3CCC12C,9,C0104,Ginsenoside Rh2,CAS:78214-33-2,CID:119307,CHEMBL1783834,C36H62O8,H0416 | H0381 | H0385 | H0384 | H0380 | H0383 | H0382 | H0358 | H0357,9,6.090935230255127,68.16386473409091,False,False
417,593,O=C(C=Cc1ccc(O)c(O)c1C=Cc1ccc(O)c(O)c1)OC(Cc1ccc(O)c(O)c1)C(=O)O,3,C0385,Salvianolic Acid A,CAS:96574-01-5,CID:5281793,CHEMBL457077,C26H22O10,H0950 | H0949 | H0951,3,6.086740493774414,67.96596139024999,False,False
418,592,COP(=O)(OC)OC=C(Cl)Cl,1,C0015,Dichlorvos,,CID:3039,CHEMBL167911,C4H7Cl2O4P,H0365,1,6.084589004516602,67.86467937913409,False,False
419,591,CC1CCC2N(C1)CC1C3CC4C(CC(=O)C5CC(O)CCC54C)C3CCC1C2(C)O,3,C0671,"Peiminine,Simperialine",,CID:167691,,C27H43NO3,H0311 | H0855 | H0794,3,6.08458137512207,67.86432049175318,False,False
420,590,COc1ccc([C@@]23Oc4cc(OC)cc(OC)c4[C@]2(O)[C@H](O)[C@H](C(=O)N(C)C)[C@H]3c2ccccc2)cc1,1,C0373,Rocaglamide,CAS:84573-16-0,CID:331783,CHEMBL438139,C29H31NO7,H0245,1,6.083208084106445,67.79975167017443,False,False
421,589,OCC1OC(OCC2OC(OC3(CO)OC(CO)C(O)C3O)C(O)C(O)C2O)C(O)C(O)C1O,4,C0690,Raffinose,CAS:512-69-6,CID:439242,CHEMBL603717,C18H32O16,H0713 | H0972 | H0397 | H0783,4,6.07723331451416,67.51954675817798,False,False
422,588,CC1CCC(C(C)C)C(O)C1,23,C0181,Levomenthol,CAS:2216-51-5,CID:16666,CHEMBL470670,C10H20O,H1214 | H0164 | H0398 | H0155 | H0013 | H0072 | H0439 | H1090 | H0399 | H0104 | H0338 | H0016 | H0103 | H0273 | H0360 | H1240 | H0847 | H0625 | H0154 | H0159 | H0614 | H0613 | H0035,23,6.065620422363281,66.97823354246448,False,False
423,587,CCC(C)=O,3,C1198,Butanone,CAS:78-93-3,CID:6569,CHEMBL15849,C4H8O,H0173 | H0360 | H0847,3,6.064959526062012,66.94755794707406,False,False
424,586,OCC1=CC(O)C2C=COC(OC3OC(CO)C(O)C(O)C3O)C12,18,C1030,Aucubin,CAS:479-98-1,CID:91458,CHEMBL514882,C15H22O9,H0713 | H1015 | H1118 | H0973 | H0715 | H0688 | H1017 | H1240 | H0867 | H0972 | H0193 | H1079 | H0964 | H0718 | H1016 | H0473 | H1156 | H0768,18,6.046725749969482,66.10675301206089,False,False
425,585,CC(C)(OC1OC(CO)C(O)C(O)C1O)C1Cc2cc3ccc(=O)oc3cc2O1,6,C0250,Nodakenin,CAS:495-31-8,CID:73191,CHEMBL459825,C20H24O9,H0956 | H0323 | H0239 | H0242 | H1030 | H0955,6,6.037822723388672,65.70005728694706,False,False
426,584,COc1c(O)cc(O)c2c(=O)cc(-c3ccccc3)oc12,47,C0485,Wogonin,CAS:632-85-9,CID:5281703,CHEMBL16171,C16H12O5,H0889 | H0310 | H0714 | H0551 | H1015 | H0785 | H0164 | H1253 | H1222 | H0890 | H1252 | H0872 | H0626 | H0530 | H1225 | H1017 | H1249 | H0760 | H0891 | H0665 | H0029 | H0744 | H1243 | H0424 | H0819 | H0682 | H0531 | H1224 | H0270 | H0650 | H1251 | H0818 | H0659 | H1016 | H1030 | H0886 | H0082 | H0527 | H1254 | H1248 | H1247 | H1227 | H0887 | H1242 | H1250 | H0529 | H1241,47,6.030758380889893,65.37913483584728,False,False
427,583,O=C1c2cccc(O)c2C(=O)c2c(O)cccc21,4,C1283,Danthron,CAS:117-10-2,CID:2950,CHEMBL53418,C14H8O4,H0102 | H1166 | H1213 | H0472,4,6.024735450744629,65.10676047097687,False,False
428,582,C=C1CCC2C(C)(C(=O)OC)CCCC2(C)C1CCC1=CCOC1=O,2,C0665,Pinusolide,CAS:31685-80-0,CID:161721,CHEMBL425068,C21H30O4,H0630 | H0107,2,6.021306037902832,64.95217978094013,False,False
429,581,OCC1OC(OC2OC=CC3C(O)C4OC4(CO)C23)C(O)C(O)C1O,12,C1219,Catalpol,CAS:2415-24-9,CID:91520,CHEMBL513223,C15H22O10,H0713 | H1015 | H0973 | H0715 | H1017 | H0867 | H0972 | H1079 | H0964 | H1016 | H0473 | H1156,12,6.003617286682129,64.16066931203979,False,False
430,580,O=C(/C=C/c1ccc(O)c(O)c1)O[C@H]1C[C@@](O)(C(=O)[O-])C[C@H](O)[C@@H]1O,1,C0833,Chlorogenic Acid,CAS:327-97-9,CID:12310830,CHEMBL366760,C16H18O9,H0908,1,6.00058650970459,64.02602369252453,False,False
431,579,CCCCCCCCCC([O-])=CC(=O)/C=C/c1ccc(O)c(OC)c1,1,C0873,10-Dehydrogingerdione,,CID:22608831,,C21H30O4,H0446,1,5.99424409866333,63.74516873237727,False,False
432,578,C=C(C)[C@@H]1CCC2=CC(=O)C[C@@H](C)[C@]2(C)C1,8,C0252,Nootkatone,CAS:4674-50-4,CID:1268142,CHEMBL446299,C15H22O,H0409 | H0740 | H0651 | H0743 | H0193 | H0652 | H0576 | H0640,8,5.987940788269043,63.4672658620669,False,False
433,577,OC(/C=C/c1ccc(O)c(O)c1)=NCCc1ccc(O)cc1,3,C0454,Trans-N-Caffeoyltyramine,CAS:103188-48-3,CID:9994897,CHEMBL206646,C17H17NO4,H0692 | H0095 | H0094,3,5.977544784545898,63.011567086052345,False,False
434,576,O=C(C=Cc1ccc(O)c(O)c1)OC(Cc1ccc(O)c(O)c1)C(=O)O,18,C0374,Rosmarinic Acid,CAS:20283-92-5,CID:5281792,CHEMBL324842,C18H16O8,H0673 | H0950 | H0570 | H0949 | H0016 | H0360 | H0496 | H0612 | H0951 | H0847 | H0002 | H0632 | H0074 | H0614 | H0035 | H0083 | H0932 | H0219,18,5.968701362609863,62.62650061895899,False,False
435,575,O=c1oc2cc(O)ccc2c2oc3cc(O)ccc3c12,17,C1260,Coumestrol,CAS:479-13-0,CID:5281707,CHEMBL30707,C15H8O5,H1094 | H1174 | H0516 | H1096 | H1095 | H0027 | H0941 | H1080 | H0026 | H0360 | H1007 | H0847 | H0952 | H0517 | H0944 | H0781 | H0031,17,5.959568023681641,62.23128035739921,False,False
436,574,CC1OC(OC2C(Oc3cc(O)c4c(c3)OC(c3ccc(O)cc3)CC4=O)OC(CO)C(O)C2O)C(O)C(O)C1O,48,C0243,Naringin,CAS:10236-47-2,CID:442428,CHEMBL451532,C27H32O14,H0976 | H0928 | H0601 | H0926 | H0089 | H0164 | H1222 | H0644 | H0052 | H0091 | H0758 | H1217 | H0602 | H1225 | H0153 | H1249 | H0467 | H0805 | H0192 | H0324 | H0651 | H0093 | H0667 | H1215 | H0130 | H0347 | H0396 | H0046 | H0195 | H1224 | H0804 | H0397 | H0813 | H0088 | H0472 | H0652 | H0927 | H0604 | H0802 | H1248 | H1247 | H0719 | H1227 | H0152 | H0391 | H1250 | H0219 | H1102,48,5.950787544250488,61.85368077642225,False,False
437,573,O=C1c2c(O)cc(O)cc2OC(c2ccc(O)c(O)c2)C1O,18,C0433,Taxifolin,CAS:480-18-2,CID:471,CHEMBL337309,C15H12O7,H0755 | H1169 | H0570 | H0141 | H0379 | H0396 | H0140 | H0301 | H0397 | H1164 | H0302 | H0304 | H0391 | H0214 | H0185 | H0932 | H0045 | H0219,18,5.950197219848633,61.828376559859066,False,False
438,572,c1ccc2[nH]ccc2c1,19,C0143,Indole,CAS:120-72-9,CID:798,CHEMBL15844,C8H7N,H0956 | H0065 | H0354 | H0745 | H0124 | H0495 | H0273 | H1134 | H1004 | H0476 | H0746 | H0418 | H0064 | H0500 | H0585 | H0490 | H0637 | H0955 | H0149,19,5.945268630981445,61.61751652174224,False,False
439,571,CC(C)=CCCC1=C[C@H](c2c(O)cc3c(c2O)C(=O)C[C@@H](c2ccc(O)cc2O)O3)[C@@H](C(=O)c2ccc(O)cc2O)[C@H](c2ccc(O)cc2O)C1,1,C0915,Sanggenone G,CAS:85698-31-3,CID:101420350,,C40H38O11,H0812,1,5.943059921264648,61.5232546864031,False,False
440,570,CCCCCC=CC=CC=O,54,C0839,"(2E,4E)-Deca-2,4-Dienal",CAS:25152-84-5,CID:5283349,CHEMBL443949,C10H16O,H0714 | H0551 | H0519 | H0155 | H0134 | H1054 | H0439 | H0956 | H0201 | H1090 | H0111 | H0416 | H0530 | H0153 | H0104 | H1128 | H0338 | H0665 | H0200 | H0675 | H0533 | H0239 | H0674 | H0424 | H0273 | H0819 | H0381 | H0385 | H0678 | H0531 | H0650 | H0565 | H0384 | H0575 | H1232 | H0380 | H0197 | H0383 | H0446 | H0382 | H0159 | H0198 | H0818 | H0358 | H0659 | H0246 | H0242 | H0527 | H0357 | H0955 | H0676 | H0152 | H0529 | H0679,54,5.942885875701904,61.5158330184046,False,False
441,569,O=CC(O)CO,7,C0607,"2,3-Dihydroxypropanal",CAS:56-82-6,CID:751,CHEMBL173813,C3H6O3,H1010 | H1120 | H0360 | H0847 | H0004 | H0572 | H0005,7,5.94207763671875,61.48137974284899,False,False
442,568,O=C1/C(=C2\Nc3ccccc3C2=O)Nc2ccccc21,10,C0141,Indigo,CAS:482-89-3,CID:5318432,CHEMBL599552,C16H10N2O2,H0669 | H0683 | H0265 | H0937 | H0278 | H0137 | H0277 | H0131 | H0339 | H0263,10,5.941959381103516,61.47634041006408,False,False
443,567,CC(C=CC=C(C)C=CC1=C(C)CCCC1(C)C)=CC=CC=C(C)C=CC=C(C)C=CC1=C(C)CCCC1(C)C,67,C1177,Beta Carotene,,CID:5280489,CHEMBL1293,C40H56,H0866 | H0393 | H0123 | H1222 | H0940 | H0065 | H0119 | H0354 | H0095 | H0758 | H0626 | H1225 | H0094 | H0276 | H0075 | H0941 | H0943 | H0850 | H0495 | H0849 | H0805 | H0621 | H0189 | H0705 | H0775 | H0736 | H0693 | H0332 | H0394 | H0278 | H0093 | H0360 | H1134 | H0227 | H0396 | H0122 | H0195 | H1145 | H1224 | H0121 | H0804 | H0269 | H0397 | H0847 | H1004 | H0476 | H0264 | H0813 | H0395 | H0088 | H0277 | H0064 | H0158 | H1205 | H1059 | H0500 | H0490 | H0604 | H0623 | H0035 | H1029 | H0802 | H0637 | H0719 | H1227 | H0391 | H0226,67,5.936985492706299,61.264757262011386,False,False
444,566,CC1(C)CCC2(C(=O)OC3OC(CO)C(O)C(O)C3O)CCC3(C)C(=CCC4C5(C)CCC(OC6OC(C(=O)[O-])C(O)C(O)C6O)C(C)(C)C5CCC43C)C2C1,1,C0842,Chikusetsusaponin Iva,CAS:51415-02-2,CID:13909679,,C42H66O14,H0838,1,5.92719841003418,60.850550518588946,False,False
445,565,COc1c(O)c(C)cc2c1C(=O)c1c(O)cccc1C2=O,1,C0729,Obtusifolin,CAS:477-85-0,CID:3083575,CHEMBL448400,C16H12O5,H0102,1,5.915327548980713,60.35191102030929,False,False
446,564,Oc1ccc2c(c1)OC[C@H]1c3cc4c(cc3O[C@@H]21)OCO4,15,C0202,Maackiain,CAS:2035-15-6,CID:91510,CHEMBL334918,C16H12O5,H1152 | H0201 | H0111 | H0957 | H0070 | H0200 | H0533 | H1021 | H0934 | H0575 | H0197 | H0198 | H0826 | H0246 | H0110,15,5.9085283279418945,60.06815004725571,False,False
447,563,CC1OC(OC2CCC3(C)C(CCC4(C)C3C=CC35OCC6(CCC(C)(C)CC63)C(O)CC45C)C2(C)CO)C(O)C(OC2OC(CO)C(O)C(O)C2O)C1O,2,C0672 | C0641,Saikosaponin A | Saikosaponin D,CAS:20736-09-8 | CAS:20874-52-6,CID:167928 | CID:107793,CHEMBL3542194 | CHEMBL3613719,C42H68O13,H0650,1,5.906876564025879,59.99941644572109,False,False
448,562,C=CCc1cccc(Oc2cc(CC=C)cc(O)c2O)c1,1,C0885,Obovatol,CAS:83864-78-2,CID:45270574,CHEMBL551850,C18H18O3,H1196,1,5.902524948120117,59.818712255105496,False,False
449,561,C=C1CCC=C(C)CCC2C1CC2(C)C,27,C0752 | C0783,"(1R,9S)-4,11,11-Trimethyl-8-Methylenebicyclo[7.2.0]Undec-4-Ene,Caryophellene,?-Caryophyllene | Caryophellene",,CID:5281515 | CID:5354499,CHEMBL445740,C15H24,H0342 | H0630 | H0378 | H1006 | H0551 | H1022 | H0398 | H0851 | H0072 | H0450 | H1191 | H0850 | H0605 | H0764 | H0103 | H0933 | H0911 | H0221 | H0631 | H0430 | H0446 | H0412 | H0084 | H0357 | H0219,25,5.891911506652832,59.38026006178137,False,False
450,560,CS(=O)CCCCN=C=S,7,C0421,Sulforaphane,CAS:4478-93-7,CID:5350,CHEMBL48802,C6H11NOS2,H0126 | H0958 | H0125 | H0960 | H0466 | H0360 | H0847,7,5.890714645385742,59.331018566115,False,False
451,559,O=C1C[C@@H]2OCC=C3CN4CC[C@]56c7ccccc7N1[C@H]5[C@H]2[C@H]3C[C@H]46,1,C0418,Strychnine,CAS:57-24-9,CID:441071,CHEMBL227934,C21H22N2O2,H0084,1,5.883899211883545,59.051393996375374,False,False
452,558,C=Cc1cncc2c1CCOC2=O,2,C0687,Gentianine,CAS:439-89-4,CID:354616,,C10H9NO2,H0336 | H0162,2,5.875051021575928,58.69033433915654,False,False
453,557,COc1ccc(C2CC(=O)c3c(O)cc(OC4OC(COC5OC(C)C(O)C(O)C5O)C(O)C(O)C4O)cc3O2)cc1O,42,C0119,Hesperidin,CAS:520-26-3,CID:10621,CHEMBL449317,C28H34O15,H0928 | H0601 | H1214 | H0926 | H0164 | H0958 | H1222 | H0072 | H0315 | H1244 | H0073 | H0758 | H1217 | H0961 | H0602 | H1225 | H0233 | H0139 | H0960 | H0805 | H1161 | H0651 | H1124 | H0113 | H0093 | H0195 | H1224 | H0804 | H0813 | H0074 | H0088 | H0920 | H0472 | H0652 | H0927 | H0766 | H0663 | H0604 | H0802 | H1227 | H0092 | H0314,42,5.8652143478393555,58.291529347228646,False,False
454,556,Cc1coc2c1C(=O)C(=O)c1c-2ccc2c1CCCC2(C)C,5,C0428,Tanshinone Iia,CAS:568-72-9,CID:164676,CHEMBL187266,C19H18O3,H0950 | H0323 | H0949 | H0951 | H0461,5,5.862597465515137,58.18589107633094,False,False
455,555,CCCCC/C=C\C/C=C\CCCCCCCC(=O)O,216,C0189,Linoleic Acid,CAS:60-33-3,CID:5280450,CHEMBL267476,C18H32O2,H0892 | H0821 | H0429 | H0204 | H1051 | H1108 | H0595 | H0484 | H0580 | H0010 | H0300 | H0310 | H0801 | H0420 | H0419 | H0714 | H0551 | H0108 | H1015 | H0869 | H0126 | H1011 | H0125 | H1253 | H0519 | H0155 | H1222 | H0973 | H0134 | H0695 | H0439 | H0956 | H0224 | H0697 | H0315 | H1244 | H1204 | H0065 | H0216 | H1127 | H1010 | H1252 | H0583 | H1090 | H0057 | H0522 | H0354 | H0888 | H1169 | H0095 | H0238 | H0173 | H0878 | H0416 | H0720 | H1104 | H1112 | H1148 | H1176 | H0450 | H1170 | H0530 | H1225 | H0153 | H1017 | H0094 | H1077 | H0745 | H0463 | H0995 | H1249 | H0941 | H0950 | H0308 | H1203 | H0515 | H0079 | H0740 | H0139 | H0771 | H0053 | H0104 | H0338 | H0509 | H0769 | H0949 | H0665 | H0466 | H0141 | H0651 | H0770 | H0743 | H0592 | H0844 | H0764 | H0239 | H0464 | H0218 | H0590 | H0258 | H1120 | H0462 | H0217 | H0750 | H0816 | H0093 | H0998 | H1000 | H0273 | H0360 | H0381 | H1240 | H0227 | H0396 | H0385 | H0140 | H0085 | H0028 | H0195 | H0531 | H0784 | H1026 | H0301 | H1188 | H1224 | H0650 | H0269 | H0951 | H0972 | H0397 | H0847 | H1171 | H0384 | H1251 | H0225 | H1055 | H0631 | H0967 | H1232 | H0002 | H0380 | H0733 | H0746 | H0418 | H0383 | H0004 | H0452 | H0446 | H0088 | H0054 | H0895 | H0250 | H0853 | H1107 | H0893 | H1173 | H1164 | H0382 | H0159 | H1079 | H0461 | H0451 | H0358 | H1117 | H0659 | H0064 | H0652 | H0581 | H1106 | H0302 | H0766 | H1105 | H1223 | H0242 | H0286 | H0585 | H1149 | H1016 | H0576 | H0421 | H0473 | H0901 | H0604 | H0539 | H0897 | H1150 | H0304 | H0527 | H0035 | H0086 | H1254 | H0357 | H1248 | H1111 | H1247 | H0955 | H0422 | H0003 | H0427 | H1227 | H0152 | H0391 | H0109 | H0214 | H1250 | H0572 | H0005 | H0314 | H0529 | H0547 | H0255 | H1156 | H1008 | H0679 | H0514 | H1147,216,5.861320495605469,58.13441189574486,False,False
456,554,c1ccncc1,15,C0344,Pyridine,,CID:1049,CHEMBL266158,C5H5N,H1051 | H0065 | H0354 | H0416 | H0326 | H0340 | H0334 | H0321 | H0750 | H0360 | H0847 | H1055 | H0358 | H0064 | H0357,15,5.853043556213379,57.80184171106057,False,False
457,553,CC(C=CC=C(C)C=CC1=C(C)CCCC1(C)C)=CC=O,5,C0365,Retinal,,CID:638015,CHEMBL81379,C20H28O,H0416 | H0360 | H0847 | H0358 | H0357,5,5.850966453552246,57.71868208995077,False,False
458,552,O=C1CCC[C@@H]2[C@H]3CCC[N@@+]4([O-])CCC[C@@H](CN12)[C@@H]34,2,C0929,Oxymatrine,,CID:124708617,,C15H24N2O2,H0111 | H0405,2,5.847716331481934,57.58879905153663,False,False
459,551,OCC1OC(Oc2cc(O)cc(C=Cc3ccc(O)cc3)c2)C(O)C(O)C1O,10,C0309,Piceid,CAS:27208-80-6,CID:5281718,CHEMBL142652,C20H22O8,H0626 | H1166 | H0570 | H1213 | H0270 | H0269 | H0472 | H0640 | H0226 | H0932,10,5.844773292541504,57.471439998863666,False,False
460,550,C=C1CC[C@@H](O)C(C)(C)[C@H]1CC/C(C)=C/COc1ccc2ccc(=O)oc2c1,1,C0798,Farnesiferol B,CAS:54990-68-0,CID:6443023,,C24H30O4,H0946,1,5.842831134796143,57.394123932525666,False,False
461,549,COc1ccc(-c2oc3c(CC=C(C)C)c(OC4OC(CO)C(O)C(O)C4O)cc(O)c3c(=O)c2OC2OC(C)C(O)C(O)C2O)cc1,5,C0135,Icariin,CAS:489-32-7,CID:5318997,CHEMBL553204,C33H40O15,H0751 | H0753 | H0218 | H0752 | H0901,5,5.840131759643555,57.286836239951114,False,False
462,548,Oc1ncnc2ccccc12,6,C0357,Quinazolinone,,CID:63112,CHEMBL266540,C8H6N2O,H0265 | H0937 | H0709 | H0137 | H0131 | H0263,6,5.838796138763428,57.23382566876607,False,False
463,547,COc1cc2ccc(=O)oc2cc1OC1OC(CO)C(O)C(O)C1O,1,C0686,Scopolin,CAS:531-44-2,CID:346340,,C16H18O9,H0090,1,5.836275100708008,57.133899729291755,False,False
464,546,CC(C)c1cc2c(cc1O)C1(C)CCCC(C)(C)C1CC2,4,C0533,Ferruginol,CAS:514-62-5,CID:442027,CHEMBL197308,C20H30O,H0600 | H0598 | H0599 | H0642,4,5.831754207611084,56.955142636705546,False,False
465,545,Nc1ncnc2nc[nH]c12,59,C0863,Adenine,CAS:73-24-5,CID:190,CHEMBL226345,C5H5N5,H0713 | H0825 | H0714 | H0773 | H0155 | H0973 | H0439 | H0956 | H0279 | H1169 | H0715 | H0317 | H0416 | H0153 | H0995 | H0941 | H0079 | H0243 | H0791 | H0338 | H0843 | H1161 | H0665 | H0141 | H0341 | H0316 | H0859 | H0115 | H0360 | H0396 | H0140 | H0195 | H0855 | H0301 | H1188 | H0650 | H0972 | H0397 | H0847 | H1053 | H0446 | H1164 | H0159 | H1079 | H0358 | H0659 | H0302 | H0473 | H0051 | H0304 | H0086 | H0357 | H0955 | H1033 | H0152 | H0391 | H0092 | H1156 | H0542,59,5.828625202178955,56.83174869293425,False,False
466,544,C=C(CC)C(=O)c1ccc(OCC(=O)O)c(Cl)c1Cl,1,C0058,Ethacrynic Acid,,CID:3278,CHEMBL456,C13H12Cl2O4,H0016,1,5.825927734375,56.7255872521258,False,False
467,543,CN(C)CCOC(c1ccccc1)c1ccccc1,2,C0028,Diphenhydramine,CAS:58-73-1,CID:3100,CHEMBL657,C17H21NO,H0360 | H0847,2,5.810074806213379,56.10567526433841,False,False
468,542,Oc1ncnc2n[nH]cc12,2,C0876,Allopurinol,CAS:315-30-0,CID:2094,CHEMBL1467,C5H4N4O,H0360 | H0847,2,5.806277275085449,55.9581854132408,False,False
469,541,O=c1c(-c2ccc(O)cc2)coc2cc(OC3OC(CO)C(O)C(O)C3O)ccc12,14,C1279,Daidzin,CAS:552-66-9,CID:107971,CHEMBL486422,C21H20O9,H1094 | H1174 | H1096 | H1095 | H0027 | H0852 | H0617 | H1080 | H0026 | H1007 | H0952 | H0084 | H0944 | H0031,14,5.800085067749023,55.71852136719598,False,False
470,540,COc1cc(/C=C/C(=O)/C=C(O)/C=C/c2ccc(O)c(OC)c2)ccc1O,7,C1265,Curcumin,CAS:458-37-7,CID:5281767,CHEMBL116438,C21H20O6,H0028 | H0556 | H0142 | H0895 | H1092 | H1093 | H0761,7,5.793792724609375,55.47603312015955,False,False
471,539,CC(C)=CCC[C@@H](C)CCO,6,C0638,Citronellol,CAS:106-22-9,CID:101977,CHEMBL1907993,C10H20O,H0851 | H0605 | H0446 | H0064 | H0084 | H0237,6,5.789970397949219,55.329247514573254,False,False
472,538,CCN(CC)CCOC(=O)c1ccc(N)cc1,2,C0324,Procaine,CAS:59-46-1,CID:4914,CHEMBL569,C13H20N2O2,H0360 | H0847,2,5.784885406494141,55.13457469924534,False,False
473,537,CC(=O)O[C@H]1CC(=O)OC(C)(C)[C@@H]2CC(=O)[C@]3(C)[C@H](CC[C@@]4(C)[C@H](c5ccoc5)OC(=O)[C@H]5O[C@]543)[C@@]12C,2,C0616,Nomilin,CAS:1063-77-0,CID:72320,,C28H34O9,H0813 | H0088,2,5.784217834472656,55.109068418190546,False,False
474,536,O=C(O)C1CCC(O)=N1,8,C0311,Pidolic Acid,CAS:98-79-3,CID:499,CHEMBL284718,C5H7NO3,H0173 | H0265 | H0937 | H0360 | H0847 | H0137 | H0131 | H0263,8,5.783504486083984,55.08182617597172,False,False
475,535,C[C@H]1CC[C@@H](C(C)(C)O)CC2=C1CC[C@@H]2C,7,C0683,Guaiol,CAS:489-86-1,CID:227829,CHEMBL226915,C15H26O,H0551 | H0398 | H0450 | H0221 | H0210 | H0331 | H1009,7,5.7758355140686035,54.789803107247046,False,False
476,534,C=C1CC[C@H](O)C/C1=C/C=C1\CCC[C@]2(C)[C@@H]([C@H](C)CCCC(C)(C)O)CC[C@@H]12,2,C0655,25-Hydroxycholecalciferol,CAS:19356-17-3,CID:5283731,CHEMBL1040,C27H44O2,H0360 | H0847,2,5.769951820373535,54.566810752850024,False,False
477,533,CC1=C[C@H]2[C@@]3(O)[C@H](C)[C@@H](O)[C@]4(O)[C@H]([C@@H]3C=C(CO)C[C@]2(O)C1=O)C4(C)C,3,C0701,Phorbol,CAS:17673-25-5,CID:442070,CHEMBL124518,C20H28O6,H0869 | H0878 | H0933,3,5.769655227661133,54.55559392983567,False,False
478,532,COc1c(O)cc2occ(-c3ccc(O)cc3)c(=O)c2c1O,1,C0759,Tectorigenin,CAS:548-77-6,CID:5281811,CHEMBL242740,C16H12O6,H0432,1,5.7670464515686035,54.45703205539168,False,False
479,531,OCC1OC(OC2C(O)C(CO)OC(OC3C(O)C(O)OC(CO)C3O)C2O)C(O)C(O)C1O,1,C0692,Laminarin,,CID:439306,,C18H32O16,H1154,1,5.762592792510986,54.28918016892031,False,False
480,530,CC1OC(OCC2OC(Oc3c(-c4ccc(O)c(O)c4)oc4cc(O)cc(O)c4c3=O)C(O)C(O)C2O)C(O)C(O)C1O,215,C0377,Rutin,CAS:153-18-4,CID:5280805,CHEMBL226335,C27H30O16,H1141 | H1099 | H1051 | H0928 | H0730 | H1108 | H0580 | H0468 | H0702 | H0272 | H0420 | H0419 | H0714 | H0601 | H1214 | H0926 | H0108 | H1015 | H0294 | H0120 | H0398 | H1222 | H0411 | H0134 | H0426 | H1061 | H0201 | H1138 | H1075 | H0315 | H1244 | H0065 | H1127 | H0279 | H0583 | H1194 | H0354 | H1169 | H0095 | H0173 | H1035 | H0571 | H0111 | H0758 | H1217 | H0602 | H1104 | H1112 | H1221 | H0957 | H0374 | H0423 | H1225 | H0902 | H0153 | H1017 | H0094 | H0745 | H1202 | H0463 | H0975 | H1249 | H0941 | H1034 | H0308 | H0570 | H1213 | H0399 | H0515 | H0139 | H0457 | H0243 | H1066 | H0617 | H0053 | H0006 | H0805 | H0665 | H0607 | H0605 | H0141 | H0651 | H0200 | H0764 | H0533 | H0016 | H1124 | H0444 | H0239 | H0464 | H0978 | H1133 | H1067 | H0574 | H0462 | H0608 | H0750 | H0190 | H0424 | H1074 | H0128 | H0655 | H0093 | H0998 | H1000 | H0115 | H0320 | H0819 | H0227 | H1073 | H0396 | H1109 | H0140 | H0496 | H0612 | H0195 | H0603 | H0582 | H0301 | H1188 | H1224 | H0047 | H0804 | H0650 | H0269 | H1140 | H0691 | H0397 | H1046 | H0050 | H1070 | H0166 | H1220 | H1192 | H0454 | H1055 | H0606 | H1045 | H0575 | H1232 | H1193 | H0002 | H0733 | H0746 | H0359 | H0609 | H0690 | H0197 | H0418 | H0813 | H0632 | H0446 | H0088 | H1072 | H0625 | H1107 | H0181 | H1164 | H0425 | H0198 | H0818 | H0015 | H0240 | H0056 | H0659 | H0064 | H0652 | H0581 | H1106 | H0302 | H0927 | H0658 | H0826 | H0252 | H0246 | H1105 | H0642 | H0765 | H0663 | H0242 | H1068 | H0585 | H1016 | H0421 | H0084 | H0539 | H0135 | H0897 | H0304 | H0802 | H1248 | H0110 | H1111 | H1247 | H0422 | H0974 | H1227 | H1071 | H1069 | H0540 | H0152 | H0391 | H0109 | H1250 | H0848 | H0314 | H0377 | H0237 | H0555 | H0083 | H0679 | H0932 | H0546 | H0045 | H0219,215,5.760843276977539,54.22338511525571,False,False
481,529,OC[C@@]1(O)OC[C@@H](O)[C@@H](O)[C@@H]1O,2,C0601,Fructose,CAS:57-48-7,CID:24310,,C6H12O6,H0958 | H0357,2,5.759034156799316,54.155432334421924,False,False
482,528,CCCCCc1cc(O)c2c(c1)OC(C)(C)C1CCC(C)=CC21,2,C0035,Dronabinol,CAS:1972-08-3,CID:16078,CHEMBL465,C21H30O2,H0204 | H0003,2,5.755563735961914,54.0253173287693,False,False
483,527,CCCCC(CC)COC(=O)c1ccccc1C(=O)OCC(CC)CCCC,1,C1191,Bis(2-Ethylhexyl) Phthalate,CAS:117-81-7,CID:8343,CHEMBL1242017,C24H38O4,H0253,1,5.751096725463867,53.85829767384841,False,False
484,526,CC1(C(=O)O)CCC2(C)CCC3(C)C(=CC(=O)C4C5(C)CCC(OC6OC(C(=O)O)C(O)C(O)C6OC6OC(C(=O)O)C(O)C(O)C6O)C(C)(C)C5CCC43C)C2C1,16,C0110,Glycyrrhizin,CAS:103000-77-7,CID:14982,CHEMBL441687,C42H62O16,H0928 | H0926 | H1075 | H0571 | H1066 | H0444 | H1067 | H1074 | H1073 | H1070 | H1072 | H0472 | H0240 | H0927 | H1071 | H1069,16,5.746577262878418,53.68984232341725,False,False
485,525,C=CCc1ccc(O)cc1,1,C0613,Chavicol,CAS:501-92-8,CID:68148,CHEMBL108862,C9H10O,H0990,1,5.74359130859375,53.57883506151092,False,False
486,524,CC1CCC2(OC1)OC1CC3C4CC=C5CC(O)CCC5(C)C4CCC3(C)C1C2C,14,C0031,Disogenin,,CID:99474,CHEMBL412437,C27H42O3,H0866 | H0956 | H0570 | H0705 | H0278 | H0874 | H0829 | H0277 | H0502 | H1226 | H0955 | H0542 | H0932 | H0809,14,5.743408679962158,53.572053025292455,False,False
487,523,Cc1nn(C)cc1N,1,C0734,Histamine,CAS:51-45-6,CID:4431056,,C5H9N3,H0006,1,5.743063449859619,53.55923501998562,False,False
488,522,CC1(C)C=Cc2c(ccc3c2OC[C@@H](c2ccc(O)cc2O)C3)O1,12,C0105,Glabridin,,CID:124052,CHEMBL480477,C20H20O4,H1075 | H0571 | H1066 | H0444 | H1067 | H1074 | H1073 | H1070 | H1072 | H0240 | H1071 | H1069,12,5.73329496383667,53.19781050086671,False,False
489,521,C[C@@H]1C[C@@H]([C@H](O)CC2CC(=O)N=C(O)C2)C(=O)[C@@H](C)C1,2,C1271,Cycloheximide,CAS:66-81-9,CID:6197,CHEMBL123292,C15H23NO4,H1202 | H0320,2,5.722170829772949,52.78919751912339,False,False
490,520,C=CCc1ccc(O)c(OC)c1,140,C0064,Eugenol,CAS:97-53-0,CID:3314,CHEMBL42710,C10H12O2,H0629 | H0567 | H0204 | H1051 | H0993 | H0673 | H0595 | H0653 | H1089 | H0714 | H0601 | H1214 | H0267 | H0785 | H0164 | H0790 | H0155 | H0851 | H0439 | H1204 | H0065 | H1010 | H1090 | H0354 | H1217 | H0872 | H0416 | H0602 | H0350 | H1176 | H0772 | H0450 | H0530 | H0261 | H0688 | H1077 | H0745 | H0941 | H0850 | H0080 | H0495 | H0788 | H0849 | H0148 | H0787 | H0760 | H0338 | H0891 | H0665 | H0675 | H0844 | H0992 | H0029 | H0789 | H0505 | H0184 | H0103 | H1120 | H0674 | H1198 | H0750 | H1243 | H0403 | H0508 | H0273 | H0360 | H1134 | H1240 | H0396 | H0682 | H0085 | H0477 | H0678 | H0531 | H1135 | H0650 | H0269 | H0968 | H0397 | H0847 | H0647 | H1097 | H0476 | H1055 | H0763 | H0002 | H0746 | H0418 | H0142 | H0004 | H0452 | H0446 | H0365 | H0994 | H0786 | H0154 | H0159 | H1005 | H0451 | H0358 | H0659 | H0064 | H1027 | H0614 | H0306 | H1235 | H1185 | H0303 | H1092 | H0500 | H0286 | H0585 | H0749 | H1093 | H0084 | H0490 | H0364 | H0082 | H0613 | H0527 | H0035 | H0357 | H0003 | H0427 | H0528 | H0676 | H1242 | H0391 | H0572 | H0005 | H0529 | H0260 | H0237 | H0768 | H1008 | H0822 | H0410 | H0990 | H1241 | H0512,140,5.718306064605713,52.6479723654126,True,True
491,519,C=C1CCC2C(C)(CO)C(O)CCC2(C)C1CC=C1C(=O)OCC1O,11,C0899,Andrographolide,CAS:5508-58-7,CID:5318517,CHEMBL186141,C20H30O5,H0889 | H0890 | H1169 | H0141 | H0140 | H0301 | H1164 | H0302 | H0886 | H0304 | H0887,11,5.718093395233154,52.64021203788679,False,False
492,518,Oc1cc(O)cc(/C=C/c2ccc(O)cc2O)c1,7,C0279,Oxyresveratrol,CAS:29700-22-9,CID:5281717,CHEMBL43065,C14H12O4,H0570 | H0740 | H0743 | H0396 | H0397 | H0391 | H0932,7,5.717654228210449,52.624190407344116,False,False
493,517,O=C1CC(c2ccc(OC3OC(CO)C(O)C(O)C3O)cc2)Oc2cc(O)ccc21,13,C0193,Liquiritin,CAS:551-15-5,CID:503737,CHEMBL511995,C21H22O9,H1075 | H0571 | H1066 | H0444 | H1067 | H1074 | H1073 | H0195 | H1070 | H1072 | H0240 | H1071 | H1069,13,5.715638160705566,52.550703064370715,False,False
494,516,CC1OC(OC2C(OC(=O)C34CCC(C)(C)CC3C3=CCC5C6(C)CC(O)C(OC7OC(CO)C(O)C(O)C7O)C(CO)(CO)C6CCC5(C)C3(C)CC4O)OCC(O)C2O)C(O)C(O)C1OC1OCC(O)C(OC2OCC(O)(CO)C2O)C1O,1,C0668,Platycodin D,CAS:58479-68-8,CID:162859,CHEMBL1641859,C57H92O28,H0036,1,5.711368560791016,52.395411204075806,False,False
495,515,COc1cc(-c2cc(=O)c3c(O)c(OC)c(OC)cc3o2)ccc1O,1,C0667,Cirsilineol,CAS:41365-32-6,CID:162464,CHEMBL487213,C18H16O7,H0103,1,5.708884239196777,52.30526391844334,False,False
496,514,CC(C)CCCC(C)C1CCC2C3CC=C4CC(O)CCC4(C)C3CCC12C,1,C0554,Cholesterol,CAS:57-88-5,CID:304,CHEMBL3184306,C27H46O,H0838,1,5.706150054931641,52.20622926920318,False,False
497,513,COC(=O)[C@]12OC[C@]34[C@H]([C@@H](O)[C@@H]1O)[C@@]1(C)CC(=O)C(O)=C(C)[C@@H]1C[C@H]3OC(=O)[C@H](OC(=O)C=C(C)C)[C@@H]24,1,C0520,Brusatol,CAS:14907-98-3,CID:12302104,CHEMBL450464,C26H32O11,H0695,1,5.69351053237915,51.750845646491015,False,False
498,512,C=CCc1ccc(O)c(-c2cc(CC=C)ccc2O)c1,14,C0203,Magnolol,CAS:528-43-8,CID:72300,CHEMBL180920,C18H18O2,H0928 | H1196 | H0926 | H1197 | H0675 | H0880 | H0674 | H0998 | H1000 | H0678 | H0968 | H0472 | H0927 | H0676,14,5.688226222991943,51.56163915882773,False,False
499,511,C=CCc1ccc(O)c(-c2ccc(O)c(CC=C)c2)c1,9,C0126,Honokiol,CAS:35354-74-6,CID:72303,CHEMBL16901,C18H18O2,H0928 | H1196 | H0926 | H1197 | H0880 | H0998 | H1000 | H0472 | H0927,9,5.685149192810059,51.45178389394871,False,False
500,510,COc1ccc(-c2coc3cc(O)c(OC)c(O)c3c2=O)cc1,1,C0756,irisolidone,CAS:2345-17-7,CID:5281781,CHEMBL265945,C17H14O6,H1120,1,5.678408145904541,51.211934285747425,False,False
501,509,O=c1cccc2n1CC1CCCN3CCCC2C13,1,C0674,Sophoramine,CAS:6882-66-2,CID:169014,CHEMBL3590540,C15H20N2O,H0111,1,5.677816867828369,51.19094974719221,False,False
502,508,O=C1CCCC2C3CCCN4CCCC(CN12)C34,1,C0669,Sophoridine,CAS:6882-68-4,CID:165549,CHEMBL1824581,C15H24N2O,H0111,1,5.675260066986084,51.10030747811747,False,False
503,507,Oc1cc(O)c2c(c1)OC(c1ccc(O)c(O)c1)C(O)C2c1c(O)cc(O)c2c1OC(c1ccc(O)c(O)c1)C(O)C2,40,C0532,Procyanidin B2,CAS:29106-49-8,CID:122738,CHEMBL38714,C30H26O12,H1099 | H0420 | H0419 | H0120 | H0790 | H0519 | H0615 | H1127 | H1169 | H0626 | H0941 | H0308 | H0788 | H0787 | H0366 | H1114 | H0141 | H0408 | H0764 | H1137 | H0789 | H0140 | H0301 | H1139 | H0368 | H0269 | H0925 | H0967 | H0733 | H0786 | H0181 | H1164 | H0056 | H0302 | H0478 | H1212 | H0421 | H0304 | H0422 | H0226,40,5.662723064422607,50.658170286184934,False,False
504,506,C=CCc1ccc(OC)c(OC)c1,66,C0219,Methyleugenol,CAS:93-15-2,CID:7127,CHEMBL108861,C11H14O2,H0629 | H0892 | H1051 | H0673 | H1006 | H1214 | H0164 | H0155 | H0150 | H0439 | H0956 | H1090 | H0111 | H0450 | H0745 | H0080 | H0148 | H0771 | H0338 | H0769 | H0948 | H0770 | H0675 | H0592 | H0844 | H0533 | H0239 | H0505 | H0184 | H0590 | H0103 | H0674 | H1198 | H0750 | H0508 | H0273 | H0360 | H0518 | H0085 | H0477 | H0678 | H0269 | H0968 | H0847 | H0647 | H1055 | H0575 | H0746 | H0418 | H0452 | H0446 | H0365 | H0893 | H0154 | H0159 | H0451 | H1185 | H0242 | H0953 | H0585 | H0554 | H0955 | H0427 | H0676 | H0237 | H0822,66,5.659217834472656,50.5352385567236,False,False
505,505,CCC(=O)CCCCC[C@@H]1NC(=O)[C@H]2CCCCN2C(=O)[C@H]([C@@H](C)CC)NC(=O)[C@H](Cc2cn(OC)c3ccccc23)NC1=O,1,C0803,Apicidin,CAS:183506-66-3,CID:6918328,CHEMBL430060,C34H49N5O6,H0794,1,5.655456066131592,50.40364162945426,False,False
506,504,C[NH+]1C[C@H](O)[C@@H](O)[C@H](O)[C@H]1CO,1,C0628,Morin,,CID:92381,CHEMBL75971,C7H15NO4,H0397,1,5.652005195617676,50.283222152762015,False,False
507,503,CC(=O)O[C@H]1CC(=O)OC(C)(C)[C@@H]2CC(=O)[C@]3(C)[C@H](CC[C@@]4(C)[C@@H](c5ccoc5)OC(=O)[C@H]5O[C@]543)[C@@]12C,5,C0496,Nomilin,CAS:1063-77-0,CID:12313416,CHEMBL500167,C28H34O9,H0651 | H0093 | H0088 | H0652 | H0719,5,5.65114688873291,50.25331590168616,False,False
508,502,CC([13CH3])C[13CH2]C[C@@H]([13CH3])C[13CH2]C[C@@H]([13CH3])C[13CH2]C/C([13CH3])=C/[13CH2]O,1,C0819,Phytol,CAS:150-86-7,CID:11301173,,C20H40O,H1104,1,5.651124000549316,50.25251864518769,False,False
509,501,CC(=O)OC(C)(C)/C=C/C(=O)[C@](C)(O)[C@H]1[C@H](O)C[C@@]2(C)[C@@H]3CC=C4[C@H](C[C@H](O)C(=O)C4(C)C)[C@]3(C)C(=O)C[C@]12C,2,C1264,Cucurbitacin B,CAS:6199-67-3,CID:15944763,CHEMBL507237,C32H46O8,H0538 | H1103,2,5.64985990524292,50.20850646707788,False,False
510,500,CC1CCC2(OC1)OC1CC3C4CCC5CC(O)CCC5(C)C4CCC3(C)C1C2C,1,C0682,Tigogenin,CAS:77-60-1,CID:219836,,C27H44O3,H0949,1,5.646244525909424,50.08284197511865,False,False
511,499,CC1OC(OC2C(O)C(OCCc3ccc(O)c(O)c3)OC(CO)C2OC(=O)C=Cc2ccc(O)c(O)c2)C(O)C(O)C1O,38,C0853,Acetoside,,CID:5281800,CHEMBL444478,C29H36O15,H0713 | H0300 | H0310 | H1208 | H1253 | H0155 | H0973 | H0940 | H0439 | H1010 | H1252 | H0715 | H0688 | H1203 | H0139 | H0290 | H0338 | H1120 | H0854 | H1181 | H0972 | H0568 | H1251 | H0193 | H0004 | H1207 | H0159 | H1079 | H0147 | H0473 | H0364 | H1254 | H0247 | H0572 | H0005 | H0237 | H1156 | H0768,38,5.6389594078063965,49.83057815690916,False,False
512,498,CC1CCC(C(C)C)C(=O)C1,3,C0604,Menthone,CAS:89-80-5,CID:26447,CHEMBL276311,C10H18O,H0072 | H0850 | H0436,3,5.637873649597168,49.79309025834285,False,False
513,497,CN(C)C(N)=NCCCC(N)C(=O)O,2,C1186,(2S)-2-Amino-5-[[Amino(Dimethylamino)Methylidene]Amino]Pentanoic Acid,CAS:30315-93-6,CID:123831,CHEMBL457530,C8H18N4O2,H0360 | H0847,2,5.633955955505371,49.65805862382212,False,False
514,496,O=c1c(-c2ccc(O)cc2)coc2cc(OC3OC(CO)C(O)C(O)C3O)cc(O)c12,17,C0815,"5-Hydroxy-3-(4-Hydroxyphenyl)-7-[3,4,5-Trihydroxy-6-(Hydroxymethyl)Oxan-2-Yl]Oxychromen-4-One",,CID:5284639,CHEMBL1364260,C21H20O10,H1094 | H1174 | H1096 | H0398 | H1222 | H1095 | H0027 | H1225 | H0399 | H1080 | H0026 | H1224 | H1007 | H0952 | H1227 | H0944 | H0031,17,5.632863521575928,49.62047090574334,False,False
515,495,CC(Cc1ccc(O)c(O)c1)C(C)Cc1ccc(O)c(O)c1,5,C0254,Nordihydroguaiaretic Acid,CAS:500-38-9,CID:4534,CHEMBL52,C18H22O4,H0607 | H0605 | H0608 | H0606 | H0609,5,5.628603935241699,49.47418152763429,False,False
516,494,O=C1C=CC(=O)c2c(O)cccc21,6,C0163,Juglone,CAS:481-39-0,CID:3806,CHEMBL43612,C10H6O3,H1221 | H1168 | H1220 | H0002 | H0562 | H1167,6,5.62442684173584,49.331144092841086,False,False
517,493,O=C(O)C1OC(Oc2cc3oc(-c4ccc(O)cc4)cc(=O)c3c(O)c2O)C(O)C(O)C1O,10,C0395,Scutellarin,CAS:27740-01-8,CID:185617,CHEMBL487805,C21H18O12,H0310 | H0164 | H1253 | H1252 | H0195 | H1251 | H0965 | H0614 | H0035 | H1254,10,5.621057510375977,49.21606846930917,False,False
518,492,OCCOCCN1CCN(C2=Nc3ccccc3Sc3ccccc32)CC1,2,C0355,Quetiapine,CAS:111974-69-7,CID:5002,CHEMBL716,C21H25N3O2S,H0360 | H0847,2,5.613809585571289,48.96943296618167,False,False
519,491,Cc1cccc2c3c(ccc12)C1=C(C(=O)C3=O)[C@@H](C)CO1,5,C0023,Dihydrotanshinone I,CAS:87205-99-0,CID:11425923,CHEMBL227075,C18H14O3,H0950 | H0949 | H0951 | H0845 | H1186,5,5.605053901672363,48.673138585432035,False,False
520,490,O=C1C=CC2(CCC23C=CC(=O)O3)O1,2,C0588,Anemonin,CAS:508-44-1,CID:10496,CHEMBL1972777,C10H8O4,H1200 | H0042,2,5.603008270263672,48.60417269716978,False,False
521,489,O=C(O)CC(=O)O,14,C0204,Malonic Acid,CAS:141-82-2,CID:867,CHEMBL7942,C3H4O4,H0956 | H1010 | H0416 | H1120 | H0215 | H0360 | H0847 | H0034 | H0004 | H0358 | H0357 | H0955 | H0572 | H0005,14,5.5995774269104,48.48872544123506,False,False
522,488,N=C(O)c1cccnc1,9,C0246,Niacinamide,CAS:98-92-0,CID:936,CHEMBL1140,C6H6N2O,H0155 | H0439 | H0338 | H0360 | H0847 | H0159 | H0364 | H0623 | H0809,9,5.593955993652344,48.30015767647688,False,False
523,487,C[S@@](=O)/C=C/CCN=C=S,1,C0904,Raphanin,CAS:592-95-0,CID:90479303,,C6H9NOS2,H0126,1,5.588001728057861,48.1012249136354,False,False
524,486,C=CCc1ccc2c(c1)OCO2,40,C0381,Safrole,CAS:94-59-7,CID:5144,CHEMBL242273,C10H10O2,H0629 | H1089 | H0790 | H0155 | H0439 | H0956 | H0758 | H0450 | H0080 | H0788 | H0148 | H0787 | H0338 | H0805 | H0789 | H0505 | H0184 | H0403 | H1087 | H0085 | H0804 | H0968 | H0071 | H0813 | H0452 | H0446 | H0365 | H0786 | H0159 | H1005 | H0451 | H0303 | H0286 | H0802 | H0955 | H0427 | H0528 | H0214 | H1008 | H0410,40,5.580310821533203,47.84548291937387,False,False
525,485,C[C@H]1COC2=C1C(=O)C(=O)c1c2ccc2c1CCCC2(C)C,3,C1263,Cryptotanshinone,CAS:35825-57-1,CID:160254,CHEMBL187460,C19H20O3,H0950 | H0949 | H0951,3,5.564157962799072,47.312777862713155,False,False
526,484,CC(C)=CCC/C(C)=C/C=C/C(C)=C/C=C/C(C)=C/C=C/C=C(C)/C=C/C=C(C)/C=C/C=C(\C)CCC=C(C)C,10,C0200,Lycopene,CAS:502-65-8,CID:446925,CHEMBL501174,C40H56,H0626 | H0621 | H0093 | H0360 | H0269 | H0847 | H0264 | H0088 | H0604 | H0226,10,5.557138442993164,47.08313381264848,False,False
527,483,C=CC1CN2CCC3(C(=O)Nc4ccccc43)C2CC1C(=COC)C(=O)OC,1,C0727,Isocorynoxeine,CAS:51014-29-0,CID:3037448,CHEMBL481359,C22H26N2O4,H1099,1,5.554257392883301,46.98920300309904,False,False
528,482,COc1ccnc(CS(=O)c2nc3ccc(OC(F)F)cc3[nH]2)c1OC,2,C0289,Pantoprazole,CAS:102625-70-7,CID:4679,CHEMBL1502,C16H15F2N3O4S,H0360 | H0847,2,5.551929473876953,46.913442811127766,False,False
529,481,COc1cc(C=CC(=O)O)cc(OC)c1O,35,C0407,Sinapinate,,CID:637775,CHEMBL109341,C11H12O5,H0558 | H0249 | H1169 | H0173 | H0758 | H0626 | H1221 | H0447 | H0938 | H0075 | H0243 | H0771 | H0769 | H0805 | H0141 | H0770 | H0093 | H0115 | H0360 | H0140 | H0301 | H0804 | H0269 | H0847 | H1220 | H0813 | H0088 | H0557 | H1164 | H0302 | H0765 | H0304 | H0035 | H0802 | H0226,35,5.549228668212891,46.82570038193576,False,False
530,480,C=CCSS(=O)CC=C,6,C0872,Allicin,CAS:539-86-6,CID:65036,CHEMBL359965,C6H10OS2,H0669 | H0915 | H0914 | H0938 | H0499 | H0916,6,5.548977851867676,46.817560317792655,False,False
531,479,CC(=O)C=O,1,C0556,Methylglyoxal,CAS:78-98-8,CID:880,CHEMBL170721,C3H4O2,H0446,1,5.547748565673828,46.77768517686741,False,False
532,478,C1CC[NH2+]CC1,1,C0581,Piperidine,,CID:8082,CHEMBL15487,C5H11N,H0295,1,5.544769287109375,46.68118525744589,False,False
533,477,Cc1cc2c(C(C)C)c(O)c(O)c(C=O)c2c(O)c1-c1c(C)cc2c(C(C)C)c(O)c(O)c(C=O)c2c1O,1,C0112,Gossypol,CAS:303-45-7,CID:3503,CHEMBL51483,C30H30O8,H0253,1,5.542381763458252,46.603996205048105,False,False
534,476,CC1=CC(=O)CC(C)(C)[C@@]1(O)/C=C/C(C)=C\C(=O)[O-],1,C0737,Abscisic Acid,CAS:21293-29-8,CID:5280896,CHEMBL288040,C15H20O4,H0417,1,5.540674209594727,46.54886899112313,False,False
535,475,CC(CCC(=O)O)C1CCC2C3C(O)CC4CC(O)CCC4(C)C3CCC12C,2,C1228,Chenodiol,CAS:474-25-9,CID:10133,CHEMBL240597,C24H40O4,H0360 | H0847,2,5.537278175354004,46.43942407294471,False,False
536,474,CC1=CC(=O)c2c(O)cccc2C1=O,2,C0317,Plumbagin,CAS:481-42-5,CID:10205,CHEMBL295316,C11H8O3,H0252 | H0231,2,5.532412528991699,46.28306586644467,True,True
537,473,CC12CCC3c4ccc(O)cc4CCC3C1CC(O)C2O,2,C0056,Estriol,CAS:50-27-1,CID:5756,CHEMBL193482,C18H24O3,H0360 | H0847,2,5.519659519195557,45.875739832390146,False,False
538,472,CCC1CN2CCC3(C(=O)Nc4ccccc43)C2CC1C(=COC)C(=O)OC,1,C0370,Rhynchophylline,CAS:76-66-4,CID:5281408,CHEMBL519266,C22H28N2O4,H1099,1,5.517423629760742,45.80469665539056,False,False
539,471,O=C1/C(=C/c2ccc(O)c(O)c2)Oc2cc(O)ccc21,1,C0422,Sulfuretin,CAS:120-05-8,CID:5281295,CHEMBL490355,C15H10O5,H0214,1,5.503569602966309,45.36694487053698,False,False
540,470,O=C(O)CC(O)(CC(=O)O)C(=O)O,66,C1246,Citric Acid,CAS:77-92-9,CID:311,CHEMBL1261,C6H8O7,H0420 | H0419 | H0714 | H0601 | H0958 | H0757 | H0940 | H0956 | H1127 | H1010 | H0758 | H1217 | H0416 | H0626 | H0602 | H0463 | H0941 | H1213 | H0515 | H0243 | H0960 | H0006 | H0805 | H0665 | H0607 | H0605 | H0651 | H0464 | H1120 | H0462 | H0608 | H0756 | H0115 | H0360 | H0227 | H0612 | H0804 | H0650 | H0269 | H0847 | H0248 | H0606 | H1232 | H0733 | H0609 | H0670 | H0004 | H0813 | H0461 | H0060 | H0358 | H0659 | H0652 | H0421 | H0802 | H0357 | H0955 | H0422 | H0610 | H0572 | H0005 | H0226 | H1036 | H0542 | H0083 | H0679,66,5.497215747833252,45.167581070062425,False,False
541,469,CC1(C)CCC[C@]2(C)[C@@H](C=O)C(C=O)=CC[C@@H]12,3,C0320,Polygodial,CAS:6754-20-7,CID:72503,CHEMBL254550,C15H22O2,H0491 | H0748 | H0666,3,5.49483585357666,45.093133282801965,False,False
542,468,O=C(O)c1cc(O)c2c(c1)C(=O)c1cccc(O)c1C2=O,18,C0369,Rhein,CAS:478-43-3,CID:10168,CHEMBL418068,C15H8O6,H0928 | H0102 | H0926 | H1011 | H0173 | H0387 | H1166 | H1213 | H0774 | H0685 | H0998 | H1000 | H1240 | H0632 | H1173 | H0472 | H0927 | H0540,18,5.484617710113525,44.77488153748662,False,False
543,467,Nc1ccccc1C(=O)CC(N)C(=O)O,5,C0171,Kynurenine,CAS:2922-83-0,CID:846,CHEMBL1377927,C10H12N2O3,H1040 | H0360 | H0847 | H0244 | H0257,5,5.478064060211182,44.571946472507314,False,False
544,466,Oc1cc(O)cc(/C=C/c2ccccc2)c1,5,C0314,Pinosylvin,CAS:22139-77-1,CID:5280457,CHEMBL101506,C14H12O2,H1015 | H1081 | H1017 | H0270 | H1016,5,5.478063583374023,44.57193174066436,False,False
545,465,COc1ccc(-c2cc(=O)c3c(O)c(OC)c(OC)cc3o2)cc1O,18,C0067,Eupatorin,CAS:855-96-9,CID:97214,CHEMBL487402,C18H16O7,H1174 | H0702 | H1194 | H0027 | H0075 | H0649 | H0026 | H0424 | H0648 | H0819 | H1007 | H1192 | H1193 | H0952 | H0818 | H0944 | H0031 | H1186,18,5.471706867218018,44.37597360115708,False,False
546,464,COc1cc2ccc(=O)oc2cc1O,106,C0392,Scopoletin,CAS:92-61-5,CID:5280460,CHEMBL71851,C10H8O4,H0730 | H0812 | H0712 | H0506 | H0393 | H0793 | H1222 | H0956 | H0755 | H0201 | H1138 | H0315 | H1244 | H1090 | H0095 | H0111 | H0389 | H0957 | H1041 | H1225 | H0902 | H0094 | H0536 | H0862 | H0745 | H0975 | H0941 | H1034 | H1203 | H0495 | H0617 | H0323 | H0868 | H0651 | H0705 | H0200 | H0764 | H0533 | H0239 | H0754 | H0984 | H0103 | H0206 | H0394 | H0424 | H0379 | H0344 | H0507 | H0819 | H0345 | H1134 | H1240 | H0396 | H0612 | H1224 | H0251 | H0691 | H0188 | H0397 | H0166 | H0476 | H1237 | H0575 | H0207 | H0746 | H0690 | H0197 | H0418 | H0142 | H0983 | H0395 | H0222 | H0988 | H0181 | H0154 | H0198 | H0818 | H0652 | H0826 | H0246 | H1235 | H0642 | H0242 | H1092 | H0500 | H0585 | H1093 | H0726 | H0084 | H0490 | H0865 | H1030 | H0863 | H0613 | H0955 | H0974 | H1227 | H0223 | H0391 | H0214 | H1082 | H0314 | H0083 | H1009 | H0546 | H0219,106,5.468462944030762,44.27630559967764,True,True
547,463,CN1[C@@H]2CC[C@H]1C[C@@H](OC(=O)C(CO)c1ccccc1)C2,4,C1019,Atropine,CAS:51-55-8,,CHEMBL517712,C17H23NO3,H1041 | H0222 | H0863 | H0223,4,5.456418514251709,43.90820080419494,False,False
548,462,CC1=CC2C(O)(CC(CO)=CC3C4C(C)(C)C4(O)C(O)C(C)C32O)C1=O,1,C0685,Phorbol,CAS:17673-25-5,CID:290670,,C20H28O6,H0869,1,5.456048011779785,43.89692606648102,False,False
549,461,c1ccc2c(Cc3c[nH]c4ccccc34)c[nH]c2c1,1,C0925,Arundine,CAS:1968-05-4,CID:3071,CHEMBL446452,C17H14N2,H0180,1,5.45427131652832,43.84289977962718,False,False
550,460,O=C(O)O,2,C1182,Bicarbonate,,CID:767,CHEMBL1161632,CH2O3,H0360 | H0847,2,5.446817874908447,43.616976900395144,False,False
551,459,N=c1nc(O)c2nc(CNc3ccc(C(=O)N[C@@H](CCC(=O)O)C(=O)O)cc3)cnc2[nH]1,11,C0081,Folic Acid,CAS:59-30-3,CID:6037,CHEMBL1622,C19H19N7O6,H0956 | H0495 | H0360 | H1134 | H0227 | H0847 | H0476 | H0002 | H0500 | H0490 | H0955,11,5.446596622467041,43.61028829164689,False,False
552,458,O=C(O)CC[C@H](O)C(=O)O,2,C0172,L-2-Hydroxyglutarate,CAS:13095-48-2,CID:439939,CHEMBL1615211,C5H8O5,H0360 | H0847,2,5.4405059814453125,43.42656635632482,False,False
553,457,CN1[C@@H](CC(=O)c2ccccc2)CCC[C@H]1C[C@H](O)c1ccccc1,2,C0233,(-)-Lobeline,CAS:90-69-7,CID:101616,CHEMBL122270,C22H27NO2,H0113 | H0920,2,5.421499729156494,42.858211130618585,False,False
554,456,Oc1cc(Cl)ccc1Oc1ccc(Cl)cc1Cl,4,C0458,Triclosan,,CID:5564,CHEMBL849,C12H7Cl3O2,H0308 | H0899 | H1084 | H0898,4,5.417460918426514,42.73839777197135,False,False
555,455,COC(=O)[C@@]12OC[C@]34[C@H]([C@@H](O)[C@@H]1O)[C@@]1(C)CC(=O)C(O)=C(C)[C@@H]1C[C@H]3OC(=O)[C@H](OC(=O)C=C(C)C)[C@@H]24,1,C0622,Brusatol,CAS:14907-98-3,CID:73432,,C26H32O11,H0695,1,5.411196708679199,42.553229116791904,False,False
556,454,CC1OC(OC2C(=O)c3c(O)cc(O)cc3OC2c2ccc(O)c(O)c2)C(O)C(O)C1O,1,C0649,Astilbin,CAS:29838-67-3,CID:119258,CHEMBL486017,C21H22O11,H0570,1,5.410038471221924,42.51907985906671,False,False
557,453,COc1cc(CNC(=O)CCCCC=CC(C)C)ccc1O,8,C1214,Capsaicin,CAS:404-86-4,CID:1548943,CHEMBL294199,C18H27NO3,H0123 | H0119 | H0239 | H0854 | H0227 | H0122 | H0121 | H0242,8,5.405208587646484,42.3769716344817,False,False
558,452,Oc1cc(O)cc(/C=C/c2ccc(O)c(O)c2)c1,13,C0308,Piceatannol,CAS:10083-24-6,CID:667639,CHEMBL69863,C14H12O4,H0928 | H0926 | H0416 | H0626 | H0570 | H1213 | H0269 | H0472 | H0358 | H0927 | H0357 | H0226 | H0932,13,5.399266242980957,42.20278328191203,False,False
559,451,CC(C)=CCc1cc(/C=C/C(=O)O)ccc1OC(=O)CCc1ccccc1,1,C1103,Baccharin,CAS:107389-85-5,CID:9947201,CHEMBL511708,C23H24O4,H1183,1,5.39001989364624,41.933167145349444,False,False
560,450,C[n+]1cccc(C(=O)[O-])c1,29,C0459,Trigonelline,CAS:535-83-1,CID:5570,CHEMBL350675,C7H7NO2,H0204 | H0812 | H0393 | H0155 | H0439 | H0279 | H0389 | H0791 | H0338 | H0649 | H0705 | H0333 | H1143 | H0394 | H0278 | H0998 | H1000 | H0360 | H0648 | H0396 | H0397 | H0847 | H0999 | H0395 | H0159 | H0461 | H0277 | H0003 | H0391,29,5.388787746429443,41.89736902010024,False,False
561,449,COc1ccc(Cc2nccc3cc(OC)c(OC)cc23)cc1OC,4,C0290,Papaverine,CAS:58-74-2,CID:4680,CHEMBL19224,C20H21NO4,H0757 | H0276 | H0756 | H0248,4,5.3853960037231445,41.7989849682434,False,False
562,448,O=c1cc(-c2ccc(O)c(-c3c(O)cc(O)c4c(=O)cc(-c5ccc(O)cc5)oc34)c2)oc2cc(O)cc(O)c12,14,C0891,Amentoflavone,CAS:1617-53-4,CID:5281600,CHEMBL63354,C30H18O10,H1051 | H0630 | H0919 | H0100 | H0467 | H0750 | H0320 | H0107 | H0071 | H1055 | H0625 | H0181 | H0642 | H0214,14,5.384423732757568,41.77082499872403,False,False
563,447,COc1ccc(/C=C/c2cc(O)cc(O)c2)cc1,4,C0364,Resveratrol 4'-Methyl Ether,CAS:33626-08-3,CID:6255462,CHEMBL291501,C15H14O3,H0928 | H0926 | H0472 | H0927,4,5.381974697113037,41.69997741295556,False,False
564,446,COc1cc(O)c(C(=O)[C@@H]2[C@H](CC=C(C)C)C(C)=CC[C@H]2c2ccccc2)c(O)c1,1,C0514,Panduratin A,CAS:89837-52-5,CID:6483648,CHEMBL379110,C26H30O4,H0042,1,5.380932807922363,41.66987328837042,False,False
565,445,CC(C)(O)CCC(O)C(C)(O)C1CCC2(O)C3=CC(=O)C4CC(O)C(O)CC4(C)C3CCC12C,22,C0653,20-Hydroxyecdysone,CAS:5289-74-7,CID:5459840,CHEMBL224128,C27H44O7,H0296 | H0793 | H0782 | H0261 | H0495 | H0820 | H0337 | H0336 | H0322 | H1134 | H0169 | H0476 | H0254 | H0297 | H0765 | H0500 | H0490 | H0498 | H0051 | H0871 | H0260 | H0696,22,5.380832672119141,41.66698113077112,False,False
566,444,CC1OC(Oc2c(-c3cc(O)c(O)c(O)c3)oc3cc(O)cc(O)c3c2=O)C(O)C(O)C1O,8,C0230,Myricitrin,CAS:17912-87-7,CID:5281673,CHEMBL522983,C21H20O12,H0692 | H1034 | H0379 | H0320 | H0396 | H0397 | H0071 | H0391,8,5.369383335113525,41.337617471899804,False,False
567,443,O=C(OC1OC2COC(=O)c3cc(O)c(O)c(O)c3-c3c(cc(O)c(O)c3O)C(=O)OC(C2O)C1O)c1cc(O)c(O)c(O)c1,16,C1252,Corilagin,CAS:23094-69-1,CID:73568,CHEMBL449392,C27H22O18,H1170 | H0463 | H0975 | H0515 | H1137 | H0464 | H0569 | H0462 | H0128 | H0344 | H0345 | H1171 | H0060 | H0974 | H1082 | H0547,16,5.366627216339111,41.25872163971189,False,False
568,442,O=c1ccc2ccccc2o1,41,C1259,Coumarin,CAS:91-64-5,CID:323,CHEMBL6466,C9H6O2,H1075 | H0571 | H0350 | H0745 | H1066 | H0053 | H0323 | H0366 | H1114 | H0444 | H1067 | H0332 | H1074 | H0655 | H0360 | H1073 | H0085 | H1201 | H1139 | H0368 | H0847 | H1070 | H0454 | H0967 | H0746 | H0418 | H0430 | H1072 | H0541 | H0240 | H1187 | H0585 | H0325 | H0427 | H1071 | H1069 | H0433 | H0413 | H0559 | H0179 | H0932,41,5.366518020629883,41.25559893896868,True,True
569,441,CN1CCCC1c1cccnc1,11,C0639,(+/-)Nicotine,,CID:942,CHEMBL440464,C10H14N2,H0958 | H1204 | H0275 | H1176 | H1077 | H0960 | H0408 | H0258 | H0360 | H0847 | H0925,11,5.349320888519287,40.766745662863094,False,False
570,440,COc1cc(CN=C(O)CCCCCCC(C)C)ccc1O,4,C0022,Dihydrocapsaicin,CAS:19408-84-5,CID:107982,CHEMBL311158,C18H29NO3,H0123 | H0119 | H0122 | H0121,4,5.3488335609436035,40.7529774001648,False,False
571,439,CNc1ccc2oc(C[C@H]3O[C@@]4(CC[C@H]3C)O[C@H]([C@H](C)C(=O)c3ccc[nH]3)[C@H](C)C[C@H]4C)nc2c1C(=O)O,2,C1206,Calcimycin,CAS:52665-69-7,CID:11957499,CHEMBL1256686,C29H37N3O6,H0239 | H0242,2,5.325695991516113,40.10460481609646,False,False
572,438,COc1ccc(-c2cc(=O)c3c(O)cc(O)cc3o2)cc1-c1c(O)cc(O)c2c(=O)cc(-c3ccc(O)cc3)oc12,4,C1187,Bilobetin,CAS:521-32-4,CID:5315459,CHEMBL378188,C31H20O10,H1051 | H0100 | H0750 | H1055,4,5.325582504272461,40.101450177090044,False,False
573,437,COc1ccc2cc([C@H](C)C(=O)O)ccc2c1,2,C0241,Naproxen,CAS:22204-53-1,CID:156391,CHEMBL154,C14H14O3,H0360 | H0847,2,5.322709083557129,40.02165946581961,False,False
574,436,C[C@@H]1CC[C@@]2(OC1)O[C@H]1C[C@H]3[C@@H]4CC=C5C[C@@H](O[C@@H]6O[C@H](CO)[C@@H](O[C@@H]7O[C@@H](C)[C@H](O)[C@@H](O)[C@H]7O)[C@H](O)[C@H]6O[C@@H]6O[C@@H](C)[C@H](O)[C@@H](O)[C@H]6O)CC[C@]5(C)[C@H]4CC[C@]3(C)[C@H]1[C@@H]2C,11,C0025,Dioscin,CAS:19057-60-4,CID:119245,CHEMBL507001,C45H72O16,H0866 | H0570 | H0820 | H0372 | H0705 | H0278 | H0874 | H0537 | H0277 | H0543 | H0932,11,5.309242248535156,39.649815524880026,False,False
575,435,C[C@@]1(C(=O)[O-])CC[C@]2(C)CC[C@]3(C)C4=CC=C5C=C(O)C(=O)C=C5[C@]4(C)CC[C@@]3(C)[C@@H]2C1,1,C0792,Celastrol,,CID:5701992,,C28H36O4,H0130,1,5.298290252685547,39.34995968885026,False,False
576,434,C[C@H]1CC[C@@]2(OC1)O[C@H]1C[C@H]3[C@@H]4CC=C5C[C@@H](O[C@@H]6O[C@H](CO)[C@@H](O[C@@H]7O[C@@H](C)[C@H](O)[C@@H](O)[C@H]7O)[C@H](O)[C@H]6O[C@@H]6O[C@@H](C)[C@H](O)[C@@H](O)[C@H]6O)CC[C@]5(C)[C@H]4CC[C@]3(C)[C@H]1[C@@H]2C,1,C0814,Collettiside Iii,CAS:19057-60-4,CID:10653210,CHEMBL2036082,C45H72O16,H0172,1,5.298217296600342,39.34796983905937,False,False
577,433,NCCc1ccccc1,12,C0299,Phenethylamine,CAS:64-04-0,CID:1001,CHEMBL610,C8H11N,H0704 | H0201 | H1231 | H0200 | H0360 | H0847 | H0197 | H1228 | H0198 | H1115 | H0246 | H1230,12,5.2961835861206055,39.292541629601075,False,False
578,432,CC(C)=CC[C@]12Oc3cc(O)c([C@H]4C=C(C)C[C@H](c5ccc(O)cc5O)[C@H]4C(=O)c4ccc(O)cc4O)c(O)c3C(=O)[C@@]1(O)Oc1cc(O)ccc12,3,C0386,Sanggenon C,CAS:80651-76-9,CID:15479638,CHEMBL204813,C40H36O12,H0396 | H0397 | H0391,3,5.293537139892578,39.22053037320257,False,False
579,431,O=c1c(OC2OC(CO)C(O)C(O)C2O)c(-c2ccc(O)c(O)c2)oc2cc(O)cc(O)c12,102,C0133,Hyperoside,CAS:482-36-0,CID:5281643,CHEMBL251254,C21H20O12,H0567 | H0342 | H0730 | H0580 | H0272 | H0420 | H0419 | H0714 | H1214 | H0958 | H1246 | H0411 | H0315 | H1244 | H0065 | H1127 | H1010 | H0583 | H0354 | H1169 | H1035 | H0470 | H0343 | H1221 | H0772 | H0423 | H0751 | H0753 | H0745 | H0975 | H0941 | H0308 | H1213 | H0139 | H0243 | H0980 | H0960 | H0665 | H0607 | H0605 | H0141 | H0764 | H1124 | H0239 | H0218 | H0103 | H1120 | H0608 | H0128 | H0379 | H0327 | H0115 | H1240 | H0396 | H0140 | H0085 | H0301 | H0047 | H0650 | H0691 | H0453 | H0397 | H0565 | H0050 | H1220 | H0606 | H0967 | H0002 | H0733 | H0746 | H0609 | H0690 | H0418 | H0004 | H0632 | H0181 | H0154 | H1164 | H0659 | H0064 | H0581 | H0302 | H0252 | H0979 | H0242 | H0585 | H0752 | H0421 | H0901 | H0304 | H0613 | H0422 | H0974 | H0427 | H0391 | H0572 | H0005 | H0314 | H0237 | H0136 | H0546 | H0219,102,5.293047904968262,39.207232483083686,False,False
580,430,CCCCC[C@H](O)/C=C/[C@H]1C=CC(=O)[C@@H]1C/C=C\CCCC(=O)O,2,C0330,Prostaglandin A2,CAS:13345-50-1,CID:5280880,CHEMBL1084643,C20H30O4,H0360 | H0847,2,5.292494297027588,39.19219030811298,False,False
581,429,CCCCC/C=C\C\C=C/C=C/C=C/[C@@H](SC[C@H](N)C(O)=NCC(=O)O)[C@@H](O)CCCC(=O)O,2,C0177,Leukotriene D4,CAS:73836-78-9,CID:5280878,CHEMBL288943,C25H40N2O6S,H0360 | H0847,2,5.285487174987793,39.002296664478095,False,False
582,428,c1ccc2ncccc2c1,1,C0358,Quinoline,,CID:7047,CHEMBL14474,C9H7N,H0013,1,5.278603553771973,38.816645819347265,False,False
583,427,NCC(O)c1ccc(O)c(O)c1,13,C0255,Norepinephrine,CAS:51-41-2,CID:439260,CHEMBL1437,C8H11NO3,H0292 | H0291 | H0293 | H0488 | H0360 | H0195 | H0847 | H0489 | H0643 | H0084 | H0732 | H0487 | H0214,13,5.275835990905762,38.74225412203324,False,False
584,426,CCCCCCCCCCCCCC(=O)O[C@@H]1[C@@H](C)[C@@]2(O)[C@@H](C=C(CO)C[C@]3(O)C(=O)C(C)=C[C@@H]23)[C@@H]2C(C)(C)[C@]12OC(C)=O,9,C0305,Phorbol Myristate Acetate,CAS:16561-29-8,CID:27924,CHEMBL279115,C36H56O8,H0484 | H0869 | H0888 | H0878 | H1168 | H0574 | H0582 | H0269 | H1167,9,5.275611877441406,38.736236227620964,False,False
585,425,NC(Cc1ccc(O)c(O)c1)C(=O)O,4,C0033 | C0571,Dopa,CAS:59-92-7,CID:836 | CID:6047,CHEMBL351042 | CHEMBL1009,C9H11NO4,H0360 | H0195 | H0847,3,5.262740135192871,38.39216824074138,False,False
586,424,COc1c(O)cc2oc(-c3ccc(O)c(O)c3)cc(=O)c2c1O,17,C0065,Eupafolin,CAS:520-11-6,CID:5317284,CHEMBL172350,C16H12O7,H0730 | H0416 | H0745 | H0495 | H1134 | H0476 | H0524 | H0746 | H0418 | H0747 | H0358 | H0500 | H0585 | H1190 | H0490 | H0357 | H0045,17,5.251077651977539,38.083064018982064,False,False
587,423,CC(CCC(=O)O)C1CCC2C3CCC4CC(O)CCC4(C)C3CC(O)C12C,2,C0006,Deoxycholic Acid,CAS:83-44-3,CID:222528,CHEMBL406393,C24H40O4,H0360 | H0847,2,5.233729839324951,37.62787311223281,False,False
588,422,CC(C)=CCCC(C)(O)C1CCC2(C)C1C(O)CC1C3(C)CCC(O)C(C)(C)C3CCC12C,10,C0813,(20S)-Protopanaxadiol,CAS:30636-90-9,CID:11213350,CHEMBL375563,C30H52O3,H0416 | H0381 | H0385 | H0384 | H0380 | H0034 | H0383 | H0382 | H0358 | H0357,10,5.232198238372803,37.587947622586924,False,False
589,421,CC1(C)C2CC=C(C=O)C1C2,1,C0609,Myrtenal,CAS:564-94-3,CID:61130,,C10H14O,H0103,1,5.23097038269043,37.55597070475965,False,False
590,420,O=C(O)[C@@H]1CCC(O)=N1,10,C0350,Pyroglutamic Acid,CAS:98-79-3,CID:7405,CHEMBL397976,C5H7NO3,H1010 | H0173 | H1120 | H0396 | H0397 | H0004 | H0339 | H0391 | H0572 | H0005,10,5.230837345123291,37.552507655070634,False,False
591,419,CC(=O)OC(C)(C)/C=C/C(=O)[C@](C)(O)C1[C@H](O)C[C@@]2(C)C3CC=C4[C@@H](C[C@H](O)C(=O)C4(C)C)[C@]3(C)C(=O)C[C@]12C,1,C0882,Cucurbitacin B,CAS:6199-67-3,CID:25245488,,C32H46O8,H1104,1,5.225229263305664,37.406815919000515,False,False
592,418,C=C(C)C1CCC(C)=CC1c1c(O)cc(CCCCC)cc1O,2,C1211,Cannabidiol,CAS:13956-29-1,CID:644019,CHEMBL190461,C21H30O2,H0204 | H0003,2,5.219996452331543,37.271383114445136,False,False
593,417,COc1c(O)cc2oc(-c3ccccc3)cc(=O)c2c1O,15,C0267,Oroxylin A,CAS:480-11-5,CID:5320315,CHEMBL183513,C16H12O5,H0310 | H1015 | H1253 | H1252 | H0626 | H0530 | H1017 | H0891 | H0531 | H0270 | H1251 | H1016 | H0527 | H1254 | H0529,15,5.214692115783691,37.134599554004275,False,False
594,416,COc1ccc2c3c1O[C@H]1C(=O)CC[C@@]4(O)[C@@H](C2)N(C)CC[C@]314,3,C0276,Oxycodone,CAS:76-42-6,CID:5284603,CHEMBL656,C18H21NO4,H0757 | H0756 | H0248,3,5.2105326652526855,37.027690555721044,False,False
595,415,C[C@@H]1CC[C@@]2([NH2+]C1)O[C@H]1C[C@H]3[C@@H]4CC=C5C[C@@H](O[C@@H]6O[C@H](CO)[C@@H](O[C@@H]7O[C@@H](C)[C@H](O)[C@@H](O)[C@H]7O)[C@H](O)[C@H]6O[C@@H]6O[C@@H](C)[C@H](O)[C@@H](O)[C@H]6O)CC[C@]5(C)[C@H]4CC[C@]3(C)[C@H]1[C@@H]2C,2,C0623,Solamargine,CAS:20311-51-7,CID:73611,CHEMBL443114,C45H73NO15,H0119 | H0166,2,5.209841251373291,37.00994922809688,False,False
596,414,CC1=C(O)C(=O)C=C2C1=CC=C1C2(C)CCC2(C)C3CC(C)(C(=O)O)CCC3(C)CCC12C,6,C1222,Celastrol,,CID:122724,CHEMBL301982,C29H38O4,H0315 | H1244 | H0016 | H0284 | H0130 | H0314,6,5.206517219543457,36.92477486327156,False,False
597,413,COc1cc(O)c2c(=O)cc(-c3ccc(OC)c(-c4c(O)cc(O)c5c(=O)cc(-c6ccc(O)cc6)oc45)c3)oc2c1,5,C0497,Ginkgetin,CAS:481-46-9,CID:5271805,CHEMBL377324,C32H22O10,H1051 | H0467 | H0750 | H1055 | H0809,5,5.200331687927246,36.76679938986547,False,False
598,412,COc1ccc(C=CC(=O)O)cc1O,15,C0149,Isoferulic Acid,CAS:537-73-5,CID:736186,CHEMBL233295,C10H10O4,H0173 | H0839 | H0447 | H0950 | H0243 | H0949 | H0113 | H0115 | H0360 | H0951 | H0847 | H0116 | H0671 | H0074 | H0920,15,5.191827774047852,36.550716289733444,False,False
599,411,CCCC(CCC)C(=O)O,2,C0477,Valproic Acid,CAS:99-66-1,CID:3121,CHEMBL109,C8H16O2,H0360 | H0847,2,5.187646865844727,36.44494620600727,False,False
600,410,CCCCCCCCCCCCCC(=O)O[C@@H]1[C@@H](C)[C@@]2(O)[C@@H](C=C(CO)C[C@@]3(O)C(=O)C(C)=C[C@@H]23)[C@@H]2C(C)(C)[C@]12OC(C)=O,2,C0651,Phorbol-12-Myristate-13-Acetate,,CID:122634,CHEMBL2373592,C36H56O8,H0869 | H0878,2,5.183574676513672,36.342220779066245,False,False
601,409,C=C1CCC2C(C)(COC3OC(CO)C(O)C(O)C3O)CCCC2(C)C1CCC1=CCOC1=O,1,C0661,Neoandrographolide,CAS:27215-14-1,CID:160143,,C26H40O8,H0886,1,5.170872688293457,36.02365568157924,False,False
602,408,COc1ccc(-c2cc(=O)c3c(O)cc(O)c(-c4cc(-c5cc(=O)c6c(O)cc(OC)cc6o5)ccc4OC)c3o2)cc1,4,C0516,Sciadopitisin,,CID:5281696,CHEMBL208908,C33H24O10,H1051 | H0750 | H1055 | H0642,4,5.1684370040893555,35.96288869949348,False,False
603,407,COc1cc2ncnc(Nc3ccc(F)c(Cl)c3)c2cc1OCCCN1CCOCC1,1,C0100,Gefitinib,,CID:123631,CHEMBL939,C22H24ClFN4O3,H0629,1,5.151183128356934,35.53535306648779,False,False
604,406,c1cc2c(cc1OC1OCC3C(c4ccc5c(c4)OCO5)OCC13)OCO2,1,C0637,Sesamolin,CAS:526-07-8,CID:101746,CHEMBL2059646,C20H18O7,H1181,1,5.137720584869385,35.20529642509168,False,False
605,405,C=C1/C(=C\C=C2/CCC[C@]3(C)[C@@H]([C@H](C)CCCC(C)(C)O)CC[C@@H]23)C[C@@H](O)C[C@@H]1O,2,C1207,Calcitriol,CAS:32222-06-3,CID:5280453,CHEMBL846,C27H44O3,H0360 | H0847,2,5.131678581237793,35.058165029770095,False,False
606,404,C[C@@]12C[C@@]3(O)O[C@@H](O1)[C@]1(COC(=O)c4ccccc4)[C@@H]3C[C@]12O[C@@H]1O[C@H](CO)[C@@H](O)[C@H](O)[C@H]1O,4,C0282,Paeoniflorin,CAS:23180-57-6,CID:46882877,CHEMBL1078549,C23H28O11,H0021 | H1162 | H1036 | H0023,4,5.1189703941345215,34.750706268031855,False,False
607,403,C[C@@H]1CC[C@@]2(OC1)O[C@H]1C[C@@H]3[C@@H]4CC=C5C[C@@H](O[C@@H]6O[C@H](CO)[C@@H](OC7O[C@@H](C)[C@H](O)[C@@H](O)[C@H]7O)[C@H](O)[C@H]6O[C@@H]6O[C@@H](C)[C@H](O)[C@@H](O)[C@H]6O)CC[C@]5(C)[C@H]4CC[C@]3(C)[C@H]1[C@@H]2C,1,C0886,Dioscin,CAS:19057-60-4,CID:45358125,,C45H72O16,H0882,1,5.114445209503174,34.64187731028635,False,False
608,402,CC1=C(C=O)C(C)(C)CC=C1,2,C0608,Safranal,CAS:116-26-7,CID:61041,CHEMBL3183495,C10H14O,H0095 | H0182,2,5.108578681945801,34.501296742130585,False,False
609,401,CC1=CCC(O)(C(C)C)CC1,101,C0523,Terpineol,,CID:11230,CHEMBL507795,C10H18O,H0629 | H0892 | H0821 | H1006 | H0510 | H1214 | H1022 | H0398 | H0155 | H0439 | H0956 | H1204 | H0065 | H0216 | H1090 | H0894 | H0354 | H0758 | H1176 | H0450 | H0839 | H1077 | H0745 | H0463 | H0399 | H0515 | H0729 | H0740 | H0139 | H0338 | H0805 | H0607 | H0605 | H0651 | H0743 | H0262 | H0764 | H0239 | H0464 | H0505 | H0103 | H0574 | H0462 | H0608 | H0217 | H0816 | H0093 | H0403 | H0273 | H0360 | H1240 | H0518 | H0028 | H0370 | H0582 | H1026 | H0804 | H0968 | H0847 | H0116 | H1097 | H0606 | H0002 | H0746 | H0609 | H0418 | H0671 | H0881 | H0813 | H0452 | H0446 | H0088 | H0365 | H0895 | H0625 | H0250 | H0853 | H1129 | H0893 | H0154 | H0159 | H1005 | H0451 | H0064 | H0652 | H1235 | H1185 | H0642 | H1223 | H0242 | H0303 | H0585 | H0576 | H0613 | H0802 | H0955 | H0640 | H0331 | H0410 | H0990 | H0307,101,5.101816654205322,34.339964771534554,False,False
610,400,COc1c(O)cc2oc(-c3ccc(O)cc3)cc(=O)c2c1O,49,C0124,Hispidulin,CAS:1447-88-7,CID:5281628,CHEMBL293776,C16H12O6,H1174 | H0713 | H1020 | H0164 | H0757 | H1075 | H0027 | H0571 | H0495 | H1066 | H0969 | H0649 | H0026 | H0444 | H0103 | H1100 | H1067 | H0756 | H0727 | H1074 | H0648 | H1134 | H1073 | H0496 | H0933 | H0691 | H1007 | H1070 | H0931 | H0248 | H0476 | H0524 | H0690 | H0930 | H1072 | H0952 | H0154 | H0240 | H1019 | H0663 | H0500 | H1190 | H0490 | H1071 | H1069 | H0686 | H0944 | H0031 | H0546,49,5.1016411781311035,34.335788230001405,False,False
611,399,NCCCC(=O)O,58,C0094,Gamma-Aminobutyric Acid,CAS:56-12-2,CID:119,CHEMBL96,C4H9NO2,H0292 | H1108 | H0714 | H0155 | H0973 | H0439 | H0956 | H0095 | H0173 | H1104 | H1112 | H0450 | H0291 | H0094 | H0265 | H0677 | H1078 | H0338 | H0293 | H0937 | H0579 | H0665 | H0868 | H0488 | H0442 | H0360 | H0396 | H0650 | H0972 | H0397 | H0847 | H0137 | H1088 | H0489 | H0881 | H0452 | H1107 | H0159 | H1079 | H0451 | H0659 | H0441 | H1106 | H1105 | H0620 | H0131 | H0473 | H0539 | H0487 | H1226 | H1111 | H0955 | H0263 | H0391 | H1156 | H0331 | H1009 | H1024,58,5.098519325256348,34.26156922738945,False,False
612,398,O=C(/C=C/c1ccc(O)cc1)CC(=O)/C=C/c1ccc(O)cc1,3,C1192,Bisdemethoxycurcumin,CAS:33171-05-0,CID:5315472,CHEMBL105350,C19H16O4,H0028 | H0556 | H0895,3,5.083263874053955,33.90118679049265,False,False
613,397,O=c1c2cc(O)c(O)cc2oc2cc(O)c(C3OC(CO)C(O)C(O)C3O)c(O)c12,3,C0753,Mangiferin,CAS:4773-96-0,CID:5281647,CHEMBL464825,C19H18O11,H0468 | H0432 | H0809,3,5.076532363891602,33.74337477389155,False,False
614,396,CC(C)CCC[C@@H](C)CCC[C@@H](C)CCCC(C)CC(=O)O,5,C0307,Phytanic Acid,CAS:14721-66-5,CID:468706,CHEMBL1215869,C20H40O2,H0607 | H0605 | H0608 | H0606 | H0609,5,5.056713104248047,33.28298918266173,False,False
615,395,CC(C)=CC(=O)CC(C)c1ccc(C)cc1,3,C0924,Ar-Turmerone,CAS:532-65-0,CID:160512,CHEMBL1668333,C15H20O,H0273 | H0028 | H0895,3,5.053480625152588,33.20849933877141,False,False
616,394,NCC1(CC(=O)O)CCCCC1,2,C0088,Gabapentin,CAS:60142-96-3,CID:3446,CHEMBL940,C9H17NO2,H0360 | H0847,2,5.04034948348999,32.9076131427754,False,False
617,393,CCCCC/C=C\C/C=C\C/C=C\C/C=C\CCCC(=O)OC(CO)CO,2,C0675,2-Arachidonoylglycerol,,CID:5282280,CHEMBL122972,C23H38O4,H0360 | H0847,2,5.031310081481934,32.70207061643613,False,False
618,392,O=c1cc(-c2ccc(O)c(O)c2)oc2cc(O)c(C3OC(CO)C(O)C(O)C3O)c(O)c12,31,C0153,Isoorientin,CAS:4261-42-1,CID:114776,CHEMBL239559,C21H20O11,H0362 | H0468 | H1138 | H0363 | H1169 | H1221 | H0423 | H1034 | H0950 | H1128 | H0649 | H0949 | H0141 | H0705 | H1124 | H0337 | H0336 | H0278 | H0648 | H1240 | H0140 | H0301 | H0951 | H1220 | H0524 | H0632 | H1164 | H0277 | H0302 | H0954 | H0304,31,5.0207037925720215,32.46253574964174,False,False
619,391,CCCCC/C=C\C/C=C\C/C=C\C/C=C\CCCC(O)=NCCO,6,C0898,Anandamide,CAS:94421-68-8,CID:5281969,CHEMBL15848,C22H37NO2,H0943 | H0850 | H0849 | H0736 | H0360 | H0847,6,5.019495010375977,32.435347951955166,False,False
620,390,O=c1nc(O)ccn1[C@@H]1O[C@H](CO)[C@@H](O)[C@H]1O,45,C0471,Uridine,,CID:6029,CHEMBL100259,C9H12N2O6,H1089 | H1208 | H0714 | H0155 | H0973 | H0439 | H0755 | H1052 | H0735 | H0153 | H0941 | H0243 | H0311 | H0338 | H0843 | H0665 | H0566 | H0841 | H0859 | H1181 | H0115 | H0360 | H0381 | H0385 | H0846 | H0855 | H1188 | H0650 | H0972 | H0847 | H0384 | H0380 | H0383 | H1207 | H0638 | H0382 | H0159 | H1079 | H0659 | H0473 | H0528 | H0152 | H0214 | H1156 | H0542,45,5.013462066650391,32.299995675493605,False,False
621,389,CC1=CCC(C(C)(C)O)CC1,143,C0528,Alpha-Terpineol,,CID:443162,CHEMBL447597,C10H18O,H0629 | H0892 | H0821 | H1051 | H0420 | H0419 | H1214 | H1015 | H0785 | H0164 | H0398 | H0155 | H0150 | H1049 | H0439 | H0956 | H0201 | H1047 | H1204 | H0065 | H0216 | H1127 | H1090 | H0354 | H1169 | H0111 | H0758 | H0872 | H1176 | H0450 | H1017 | H1077 | H0745 | H0463 | H0399 | H0515 | H0729 | H0139 | H0760 | H0548 | H0112 | H0338 | H0805 | H1161 | H0481 | H0141 | H0651 | H0200 | H0675 | H0592 | H0764 | H0533 | H0016 | H0239 | H0029 | H0464 | H0505 | H0590 | H0103 | H0177 | H0462 | H0674 | H0217 | H0750 | H1243 | H0816 | H0113 | H0093 | H0403 | H0344 | H0196 | H0508 | H0273 | H0345 | H1240 | H0682 | H0140 | H0518 | H0085 | H0028 | H0477 | H0370 | H0678 | H0301 | H0804 | H0968 | H0647 | H0071 | H1097 | H1055 | H0575 | H0346 | H0733 | H0746 | H0197 | H0418 | H0813 | H0452 | H0446 | H0088 | H0365 | H0895 | H0625 | H0893 | H0154 | H1164 | H0159 | H1005 | H0198 | H0920 | H0451 | H0064 | H0306 | H0652 | H0302 | H0246 | H0642 | H0242 | H0303 | H0585 | H1016 | H0576 | H0421 | H0084 | H0304 | H0082 | H0613 | H0554 | H0035 | H0802 | H0719 | H0955 | H0422 | H0427 | H0676 | H1242 | H0092 | H0640 | H1082 | H0822 | H0410 | H0990 | H1241,143,5.01231050491333,32.274224048580386,False,False
622,388,O=C(O)c1cccnc1,56,C0245,Niacin,CAS:59-67-6,CID:938,CHEMBL573,C6H5NO2,H0133 | H1208 | H0108 | H0958 | H0956 | H0755 | H0479 | H0279 | H0371 | H0095 | H0811 | H1052 | H0416 | H0423 | H0748 | H0094 | H0995 | H0941 | H0740 | H0960 | H0566 | H0189 | H0841 | H0743 | H0215 | H0834 | H0998 | H1000 | H1181 | H0161 | H0360 | H1240 | H0846 | H0830 | H0847 | H1004 | H0209 | H0808 | H0999 | H0666 | H0596 | H1207 | H0358 | H1205 | H0897 | H0099 | H1029 | H0357 | H0637 | H0955 | H0305 | H0840 | H0657 | H0271 | H0109 | H0809,56,5.010439395904541,32.23239299907074,False,False
623,387,CCOc1ccccc1OCCN[C@H](C)Cc1ccc(OC)c(S(N)(=O)=O)c1,3,C0424,Tamsulosin,CAS:106133-20-4,CID:129211,CHEMBL836,C20H28N2O5S,H1204 | H1176 | H1077,3,4.981354713439941,31.589095280912108,False,False
624,386,CC(C)=CCC[C@]1(C)C=Cc2c(O)c3c(c(CC=C(C)C)c2O1)O[C@]12C(=C[C@@H]4C[C@H]1C(C)(C)O[C@@]2(C/C=C(/C)C(=O)O)C4=O)C3=O,4,C0093,Gambogic Acid,CAS:2752-65-0,CID:9852185,CHEMBL555017,C38H44O8,H0258 | H0160 | H0532 | H0114,4,4.980140686035156,31.562524248896107,False,False
625,385,O=c1cc(-c2ccc(O)cc2)oc2cc(O)c(C3OC(CO)C(O)C(O)C3O)c(O)c12,44,C0159,Isovitexin,CAS:38953-85-4,CID:162350,CHEMBL465360,C21H20O10,H0361 | H0362 | H0468 | H0234 | H1138 | H0315 | H1244 | H0363 | H1169 | H0758 | H0416 | H1221 | H0229 | H0700 | H0941 | H1034 | H0950 | H1128 | H0805 | H0949 | H0141 | H1124 | H0854 | H0989 | H1240 | H0140 | H0301 | H0804 | H0951 | H1220 | H0524 | H0813 | H1211 | H1164 | H0358 | H0302 | H0020 | H0765 | H0954 | H0339 | H0304 | H0802 | H0357 | H0314,44,4.972679138183594,31.399705831954034,False,False
626,384,C=C[C@](C)(O)CC/C=C(\C)CCC=C(C)C,1,C0818,Nerolidol,CAS:7212-44-4,CID:11241545,,C15H26O,H1120,1,4.971275806427002,31.36917770294948,False,False
627,383,COC(=O)[C@]1(C)CC[C@]2(C)CC[C@]3(C)C4=CC=C5C(=CC(=O)C(O)=C5C)[C@]4(C)CC[C@@]3(C)[C@@H]2C1,5,C0521,Pristimerin,,CID:159516,CHEMBL54804,C30H40O4,H0977 | H0991 | H0982 | H0738 | H0987,5,4.963860988616943,31.208367530883958,False,False
628,382,CC(O)=N[C@@H](Cc1c[nH]c2ccccc12)C(=O)O,2,C0857,Acetyltryptophan,CAS:1218-34-4,CID:700653,CHEMBL54170,C13H14N2O3,H0360 | H0847,2,4.957789897918701,31.077313686818684,False,False
629,381,O=C([O-])CCCCCCCC(=O)[O-],2,C0563,Azelaic Acid,CAS:123-99-9,CID:2266,CHEMBL1238,C9H16O4,H0958 | H0955,2,4.9561028480529785,31.04099392844661,False,False
630,380,CC/C=C\C/C=C\C/C=C\C/C=C\C/C=C\CCCC(=O)O,6,C0138,Icosapent,CAS:10417-94-4,CID:446284,CHEMBL460026,C20H30O2,H0740 | H0743 | H0093 | H0360 | H0847 | H0088,6,4.93758487701416,30.645107850366973,False,False
631,379,CC(C)=CCC[C@](C)(O)[C@H]1CC[C@]2(C)[C@@H]1[C@H](O)C[C@@H]1[C@@]3(C)CC[C@H](O)C(C)(C)[C@@H]3[C@@H](O[C@@H]3O[C@H](CO)[C@@H](O)[C@H](O)[C@H]3O[C@@H]3O[C@@H](C)[C@H](O)[C@@H](O)[C@H]3O)C[C@]12C,1,C0866,Ginsenoside Rg2,CAS:52286-74-5,CID:21599924,CHEMBL505747,C42H72O13,H1191,1,4.936840057373047,30.6292907950291,False,False
632,378,NCCc1ccc(O)cc1,17,C0466,Tyramine,CAS:51-67-2,CID:5610,CHEMBL11608,C8H11NO,H0484 | H0758 | H0961 | H0423 | H0153 | H0006 | H0805 | H0215 | H0093 | H0360 | H0874 | H0804 | H0847 | H0813 | H0088 | H0802 | H0152,17,4.934872150421143,30.587539418730636,False,False
633,377,CC(C)=CCCC1(C)C(CC=C(C)C)CC2(CC=C(C)C)C(=O)C1(C(=O)C(C)C)C(=O)C(CC=C(C)C)=C2O,1,C0132,Hyperforin,CAS:11079-53-1,CID:441298,CHEMBL1237210,C35H52O4,H0181,1,4.929896831512451,30.48223604591989,False,False
634,376,O=c1ccc2ccc(O)c(O)c2o1,5,C1284,Daphnetin,CAS:486-35-1,CID:5280569,CHEMBL244948,C9H6O4,H0127 | H1180 | H0269 | H0325 | H0179,5,4.929280757904053,30.469222005161527,True,True
635,375,CC(=CCO)CCCC(C)CCCC(C)CCCC(C)C,46,C0455,Trans-Phytol,CAS:150-86-7,CID:5280435,CHEMBL1644111,C20H40O,H1051 | H0889 | H1020 | H0164 | H0890 | H0697 | H0315 | H1244 | H1169 | H0416 | H0745 | H1034 | H0729 | H1128 | H0141 | H0764 | H0239 | H0025 | H0258 | H0750 | H0093 | H0140 | H0301 | H0071 | H1055 | H0746 | H0418 | H0632 | H0446 | H0088 | H1164 | H0358 | H1019 | H0302 | H0642 | H0242 | H0585 | H0886 | H0304 | H0035 | H1029 | H0357 | H0887 | H0640 | H0314 | H0219,46,4.926352024078369,30.407430896761714,False,False
636,374,CN1CCC[C@H]1c1cccnc1,11,C0247,Nicotine,CAS:54-11-5,CID:89594,CHEMBL3,C10H14N2,H1204 | H1176 | H1077 | H0495 | H1133 | H0360 | H1134 | H0847 | H0476 | H0500 | H0490,11,4.915645599365234,30.182608705714404,False,False
637,373,C=C(C)[C@H]1CCC(C)=C[C@@H]1c1c(O)cc(CCCCC)cc1O,1,C0883,Cannabidiol,CAS:13956-29-1,CID:36688143,CHEMBL3810140,C21H30O2,H0003,1,4.9044013023376465,29.948281233447794,False,False
638,372,CC1CCC2(C)CCC3(C)C(=CCC4C5(C)CCC(O)C(C)(C)C5CCC43C)C2C1C,19,C0884,Alpha-Amyrin,,CID:73170,CHEMBL455357,C30H50O,H0471 | H0721 | H0120 | H0216 | H0570 | H1203 | H0008 | H0103 | H0217 | H0854 | H0344 | H0327 | H0345 | H0227 | H0085 | H0154 | H0642 | H0427 | H1082,19,4.88010311126709,29.44810943898015,False,False
639,371,C[C@H](N)C(=O)N1CCC[C@H]1C(=O)O,2,C0913,Ap,,CID:11892823,CHEMBL414828,C8H14N2O3,H0360 | H0847,2,4.87990665435791,29.444099658316798,False,False
640,370,C[C@@H]1O[C@@H](O[C@H]2[C@H](O[C@H]3[C@H](O[C@H]4CC[C@@]5(C)[C@@H](CC[C@]6(C)[C@@H]5CC=C5[C@@H]7CC(C)(C)C[C@@H](O)[C@]7(C)CC[C@]56C)[C@@]4(C)CO)O[C@H](C(=O)[O-])[C@@H](O)[C@@H]3O)O[C@H](CO)[C@H](O)[C@@H]2O)[C@H](O)[C@H](O)[C@H]1O,3,C0650,Soyasaponin I,CAS:51330-27-9,CID:122097,CHEMBL511016,C48H78O18,H0111 | H1175 | H0009,3,4.868207931518555,29.206304751403316,False,False
641,369,COC(=O)[C@@]12OC[C@]34[C@H]([C@@H](O)[C@@H]1O)[C@@]1(C)CC(=O)C(O)=C(C)[C@@H]1C[C@H]3OC(=O)[C@H](OC(=O)/C=C(\C)C(C)(C)OC(C)=O)[C@@H]24,1,C0745,Bruceantinol,CAS:53729-52-5,CID:5281305,,C30H38O13,H0695,1,4.866558074951172,29.17292370404435,False,False
642,368,O=c1cc(-c2ccc(O)c(O)c2)oc2c(C3OC(CO)C(O)C(O)C3O)c(O)cc(O)c12,1,C0754,Orientin,CAS:28608-75-5,CID:5281675,CHEMBL520866,C21H20O11,H0628,1,4.849466800689697,28.82935791884826,False,False
643,367,CCOC(=O)N1CCC(=C2c3ccc(Cl)cc3CCc3cccnc32)CC1,3,C0197,Loratadine,,CID:3957,CHEMBL998,C22H23ClN2O2,H1208 | H1181 | H1207,3,4.848836421966553,28.81676381995422,False,False
644,366,CC(C)=CCC[C@](C)(O)[C@@H]1CC[C@]2(C)[C@@H]1[C@H](O)C[C@@H]1[C@@]3(C)CC[C@H](O)C(C)(C)[C@@H]3[C@@H](O[C@@H]3O[C@H](CO)[C@@H](O)[C@H](O)[C@H]3O[C@@H]3O[C@@H](C)[C@H](O)[C@@H](O)[C@H]3O)C[C@]12C,2,C0932,Ginsenoside Rg2,CAS:52286-74-5,CID:124893126,,C42H72O13,H0631 | H0357,2,4.846506118774414,28.770255312774598,False,False
645,365,O=c1nc2[nH][nH]cc-2c(O)n1,2,C0278,Oxypurinol,CAS:2465-59-0,CID:4644,CHEMBL859,C5H4N4O2,H0360 | H0847,2,4.838857173919678,28.618123537022324,False,False
646,364,N=C1N[C@H](O)[C@H]2[C@H]3O[C@]4(O)O[C@@H]([C@@H](O)[C@@]2(N1)[C@@H]4O)[C@]3(O)CO,1,C0440,Tetrodotoxin,,CID:11174599,CHEMBL507974,C11H17N3O8,H1205,1,4.833255767822266,28.50722626778706,False,False
647,363,C[C@H]1[C@H](C)CC[C@]2(C(=O)O[C@@H]3O[C@H](CO[C@@H]4O[C@H](CO)[C@@H](O[C@@H]5O[C@@H](C)[C@H](O)[C@@H](O)[C@H]5O)[C@H](O)[C@H]4O)[C@@H](O)[C@H](O)[C@H]3O)CC[C@]3(C)C(=CC[C@@H]4[C@@]5(C)C[C@@H](O)[C@H](O)[C@@](C)(CO)[C@@H]5CC[C@]43C)[C@H]12,1,C0829,Asiaticoside,CAS:16830-15-2,CID:11954171,,C48H78O19,H0016,1,4.826913356781006,28.38217717937579,False,False
648,362,C=CC(=N)O,3,C0860,Acrylamide,CAS:79-06-1,CID:6579,CHEMBL348107,C3H5NO,H0372 | H0537 | H0543,3,4.82578182220459,28.35992519761007,False,False
649,361,OC[C@H]1O[C@H](O[C@H]2[C@H](O)[C@@H](O)[C@H](O)O[C@@H]2CO)[C@H](O)[C@@H](O)[C@@H]1O,2,C0574,Maltose,CAS:69-79-4,CID:6255,CHEMBL1908365,C12H22O11,H0971 | H0397,2,4.815433025360107,28.157220559708392,False,False
650,360,C=C1CCC(O)CC1=CC=C1CCCC2(C)C1CCC2C(C)CCCC(C)C,2,C1233,Cholecalciferol,CAS:67-97-0,CID:5280795,CHEMBL1042,C27H44O,H0360 | H0847,2,4.81348991394043,28.119322191290422,False,False
651,359,O=c1cc(-c2ccc(O)cc2)oc2c(C3OC(CO)C(O)C(O)C3O)c(O)cc(O)c12,54,C0483,Vitexin,CAS:3681-93-4,CID:5280441,CHEMBL487417,C21H20O10,H0985 | H0204 | H0361 | H0468 | H0420 | H0419 | H1246 | H0552 | H0216 | H1127 | H1169 | H0416 | H1221 | H0423 | H0229 | H0941 | H1203 | H0233 | H0837 | H0722 | H0141 | H0705 | H0764 | H1124 | H0337 | H0668 | H0336 | H0217 | H0278 | H0989 | H0327 | H1240 | H0140 | H0195 | H0301 | H0188 | H1210 | H1220 | H0524 | H0733 | H0034 | H1211 | H1164 | H0277 | H0358 | H0302 | H0020 | H0765 | H0421 | H0954 | H0304 | H0357 | H0422 | H0003,54,4.810066223144531,28.05267073707793,False,False
652,358,C=C(C)C(CC=C(C)C)Cc1c(O)cc(O)c2c1O[C@H](c1ccc(O)cc1O)[C@@H](O)C2=O,3,C0529,Kushenol X,CAS:254886-77-6,CID:10599228,CHEMBL517073,C25H28O7,H0111 | H0533 | H0575,3,4.80839204788208,28.020135900340716,False,False
653,357,CN(C)CCC(c1ccc(Cl)cc1)c1ccccn1,1,C1232,Chlorpheniramine,,CID:2725,CHEMBL505,C16H19ClN2,H0313,1,4.804265975952148,27.94011349425648,False,False
654,356,CC1(C)C2CCC1(C)[C@H](O)C2,1,C0695,Borneol,CAS:507-70-0,CID:439569,,C10H18O,H0817,1,4.802156925201416,27.89929816988806,False,False
655,355,C=CCN1CC[C@]23c4c5ccc(O)c4O[C@H]2C(=O)CC[C@@]3(O)[C@H]1C5,3,C0236,Naloxone,CAS:465-65-6,CID:5284596,CHEMBL80,C19H21NO4,H0757 | H0756 | H0248,3,4.798145294189453,27.82182772523508,False,False
656,354,CC12CCC3c4ccc(O)cc4CCC3C1CCC2O,25,C0055 | C0869,Estradiol | Alfatradiol,CAS:50-28-2 | CAS:57-91-0,CID:5757 | CID:68570,CHEMBL135 | CHEMBL286452,C18H24O2,H0236 | H0437 | H0661 | H0356 | H0520 | H0077 | H0521 | H0360 | H0381 | H0385 | H0847 | H0384 | H0380 | H0383 | H0382 | H0235 | H1102,17,4.797872066497803,27.816559131550434,False,False
657,353,COc1cc(-c2cc(=O)c3c(O)c(OC)c(O)cc3o2)ccc1O,15,C0161,Jaceosidine,,CID:5379096,CHEMBL487601,C17H14O7,H0730 | H0495 | H0103 | H1100 | H1134 | H0691 | H0476 | H0524 | H0690 | H0154 | H0500 | H1190 | H0490 | H0613 | H0546,15,4.788643836975098,27.639197771852412,False,False
658,352,COC(=O)C1=COC(OC2OC(CO)C(O)C(O)C2O)C2C(CO)=CCC12,3,C0642,Geniposide,CAS:24512-63-8,CID:107848,CHEMBL462894,C17H24O10,H1015 | H0972 | H0818,3,4.779200553894043,27.458873858900287,False,False
659,351,C[C@@H](O)CCc1ccc(O)cc1,1,C0718,Rhododendrol,CAS:501-96-2,CID:919205,CHEMBL1086681,C10H14O2,H0219,1,4.777838706970215,27.432966000487323,False,False
660,350,CC1OC(C[N+](C)(C)C)CC1O,2,C0227,Muscarine,CAS:300-54-9,CID:9308,CHEMBL12587,C9H20NO2,H0204 | H0003,2,4.776798248291016,27.413188724758957,False,False
661,349,COc1cc2ccc(=O)oc2cc1OC,41,C0391,Scoparone,CAS:120-08-1,CID:8417,CHEMBL325864,C11H10O4,H1094 | H0730 | H1096 | H0506 | H0458 | H1095 | H0536 | H0745 | H1034 | H0233 | H0139 | H1080 | H0324 | H0651 | H0754 | H0103 | H0877 | H0577 | H0206 | H0727 | H0424 | H0113 | H0344 | H0507 | H0819 | H0345 | H0612 | H0207 | H0746 | H0418 | H0154 | H0920 | H0818 | H0652 | H1235 | H0963 | H0585 | H1060 | H0613 | H1082 | H0083,41,4.77076530456543,27.29879385208909,False,False
662,348,C[C@H]1[C@H](C)CC[C@]2(C(=O)O[C@@H]3O[C@H](CO[C@@H]4O[C@H](CO)[C@@H](O[C@@H]5O[C@@H](C)[C@H](O)[C@@H](O)[C@H]5O)[C@H](O)[C@H]4O)[C@@H](O)[C@H](O)[C@H]3O)CC[C@]3(C)C(=CC[C@@H]4[C@@]5(C)C[C@@H](O)[C@H](O)[C@@](C)(CO)[C@@H]5[C@H](O)C[C@]43C)[C@H]12,1,C0877,Madecassoside,CAS:34540-22-2,CID:24825675,,C48H78O20,H0016,1,4.76359748840332,27.163500218444206,False,False
663,347,CC(=O)C1CCC2C3CCC4=CC(=O)CCC4(C)C3CCC12C,8,C0325,Progesterone,CAS:57-83-0,CID:5994,CHEMBL103,C21H30O2,H0697 | H0065 | H0354 | H0360 | H0370 | H0847 | H0064 | H0035,8,4.753641128540039,26.976684223136242,False,False
664,346,CC(=O)OC(C)(C)/C=C/C(=O)[C@](C)(O)[C@H]1[C@H](O)C[C@@]2(C)[C@@H]3CC=C4[C@@H](C=C(O)C(=O)C4(C)C)[C@]3(C)C(=O)C[C@]12C,1,C0747,Cucurbitacin E,CAS:18444-66-1,CID:5281319,CHEMBL455056,C32H44O8,H0564,1,4.751514434814453,26.93694687152684,False,False
665,345,OC[C@H]1O[C@H](O[C@H]2[C@H](O)[C@@H](O)[C@@H](O)O[C@@H]2CO)[C@H](O)[C@@H](O)[C@@H]1O,1,C0693,Maltose,CAS:69-79-4,CID:439341,,C12H22O11,H0357,1,4.750114440917969,26.91081988808601,False,False
666,344,[NH3+]CCCC(=O)[O-],1,C0806,gamma-aminobutyric acid,CAS:56-12-2,CID:6992099,,C4H9NO2,H0549,1,4.727428913116455,26.490972707883856,False,False
667,343,COc1cc(CC[NH3+])cc(OC)c1OC,1,C0567,Tmpea,CAS:54-04-6,CID:4076,CHEMBL26687,C11H17NO3,H0365,1,4.726799011230469,26.479408884002012,False,False
668,342,C=C1C(=O)O[C@@H]2C[C@@]3(C)CCCC(=C)[C@@H]3C[C@H]12,2,C0147,Isoalantolactone,CAS:470-17-7,CID:73285,CHEMBL137803,C15H20O2,H0576 | H0045,2,4.720035076141357,26.355553325456007,False,False
669,341,N[C@@H](CS)C(=O)O,9,C0232,(R)-Cysteine,CAS:52-90-4,CID:5862,CHEMBL863,C3H7NO2S,H0484 | H1152 | H1168 | H0360 | H0847 | H0043 | H0151 | H1167 | H1110,9,4.706854343414307,26.11586064851853,False,False
670,340,C=C(CCC(C(=O)O)C1C(O)CC2(C)C3=C(CCC12C)C1(C)CCC(OC(C)=O)C(C)(C)C1CC3)C(C)C,1,C0790,Pachymic Acid,CAS:29070-92-6,CID:5484385,CHEMBL468034,C33H52O5,H1053,1,4.701880931854248,26.02598628140687,False,False
671,339,Cc1ncc(C[n+]2csc(CCO)c2C)c(=N)[nH]1,8,C0444,Thiamine,,CID:1130,CHEMBL1547,C12H17N4OS,H0705 | H0278 | H0360 | H0847 | H0277 | H0614 | H0035 | H0256,8,4.685125827789307,25.725475309282547,False,False
672,338,CC(=O)/C=C/C1=C(C)CCCC1(C)C,3,C0716,?-Ionone,CAS:79-77-6,CID:638014,CHEMBL559945,C13H20O,H0095 | H0112 | H0274,3,4.6848859786987305,25.72119878596446,False,False
673,337,c1ccc2nc3c(cc2c1)[nH]c1ccccc13,5,C0536,Quindoline,CAS:243-58-3,CID:98912,CHEMBL224248,C15H10N2,H0265 | H0937 | H0137 | H0131 | H0263,5,4.67099142074585,25.474667670625372,False,False
674,336,O=C1CCC[C@@H]2[C@H]3CCC[NH+]4CCC[C@@H](CN12)[C@@H]34,2,C0627,Matrine,CAS:519-02-8,CID:91466,CHEMBL204860,C15H24N2O,H0111 | H0405,2,4.65640115737915,25.218335617055263,False,False
675,335,CCC/C=C1\OC(=O)C2=C1CCC=C2,14,C0186,Ligustilide,CAS:4431-01-0,CID:5319022,CHEMBL481246,C12H14O2,H0892 | H0825 | H0773 | H0155 | H0439 | H0956 | H0672 | H1090 | H0338 | H0273 | H1053 | H0893 | H0159 | H0955,14,4.656088829040527,25.21287670292209,False,False
676,334,N[C@@H](Cc1c[nH]c2ccc(O)cc12)C(=O)O,2,C0275,Oxitriptan,CAS:4350-09-8,CID:439280,CHEMBL350221,C11H12N2O3,H0360 | H0847,2,4.648639678955078,25.083029123155058,False,False
677,333,CC(C)c1cc2c(c(O)c1O)[C@@]1(C(=O)O)CCCC(C)(C)[C@@H]1CC2,1,C1217,Carnosic Acid,CAS:3650-09-7,CID:65126,CHEMBL484853,C20H28O4,H1054,1,4.637386322021484,24.888136751999184,False,False
678,332,COc1cc([C@@H]2Oc3c(O)cc([C@H]4Oc5cc(O)cc(O)c5C(=O)[C@@H]4O)cc3[C@H]2CO)ccc1O,1,C0405,Silychristin,CAS:33889-69-9,CID:441764,CHEMBL130493,C25H22O10,H0484,1,4.606560707092285,24.362000607137063,False,False
679,331,c1ccc2c(c1)-c1cccc3cccc-2c13,8,C0079,Fluoranthene,,CID:9154,CHEMBL355014,C16H10,H1051 | H0155 | H0439 | H0338 | H0750 | H1201 | H1055 | H0159,8,4.603005886077881,24.30204618719288,False,False
680,330,N[C@@H](CC(=O)O)C(=O)O,25,C0931,Aspartic Acid,CAS:56-84-8,CID:5960,CHEMBL274323,C4H7NO4,H0714 | H1152 | H1010 | H0173 | H0450 | H0938 | H0243 | H0665 | H1120 | H0115 | H0360 | H0085 | H0650 | H0847 | H0043 | H0524 | H0004 | H0452 | H0451 | H0659 | H1226 | H0427 | H0572 | H1110 | H0005,25,4.600301265716553,24.256529819838903,False,False
681,329,CC(C)=CC[C@@H](O)C1=CC(=O)c2c(O)ccc(O)c2C1=O,3,C0401,Shikonin,CAS:517-89-5,CID:479503,CHEMBL9470,C16H16O5,H0673 | H0986 | H0844,3,4.594357967376709,24.15680863864518,False,False
682,328,COc1ccc(-c2cc(=O)c3c(O)c(OC)c(O)cc3o2)cc1OC,8,C0066,Eupatilin,CAS:22368-21-4,CID:5273755,CHEMBL312750,C18H16O7,H0073 | H0729 | H0103 | H0093 | H0088 | H0154 | H0604 | H0613,8,4.577336311340332,23.873469000573085,False,False
683,327,COc1cc2ccc(=O)oc2c(O)c1O,4,C0085,Fraxetin,CAS:574-84-5,CID:5273569,CHEMBL54909,C10H8O5,H0612 | H1236 | H0335 | H0083,4,4.559203147888184,23.575282407540637,False,False
684,326,CCN=c1nc(Cl)[nH]c(=NC(C)C)[nH]1,1,C1008,Atrazine,,CID:2256,CHEMBL15063,C8H14ClN5,H0075,1,4.558561325073242,23.56479662334382,False,False
685,325,C=CCN1CC[C@]23c4c5ccc(O)c4O[C@H]2[C@@H](O)C=C[C@H]3[C@H]1C5,3,C0235,Nalorphine,CAS:62-67-9,CID:5284595,CHEMBL415284,C19H21NO3,H0757 | H0756 | H0248,3,4.558205604553223,23.55898704603464,False,False
686,324,N=C(N)NOCC[C@H](N)C(=O)O,1,C1210,Canavanine,CAS:543-38-4,CID:46224610,CHEMBL443732,C5H12N4O3,H0962,1,4.554635524749756,23.50076026804392,False,False
687,323,CN1CCC23c4c5ccc(O)c4OC2C(O)C=CC3C1C5,3,C0226,Morphine,CAS:57-27-2,CID:5288826,CHEMBL70,C17H19NO3,H0757 | H0756 | H0248,3,4.553439617156982,23.481287620331134,False,False
688,322,CC(=O)OC(C)(C)C=CC(=O)C(C)(O)C1C(O)CC2(C)C3CC=C4C(CC(O)C(=O)C4(C)C)C3(C)C(=O)CC12C,1,C0746,Cucurbitacin B,CAS:6199-67-3,CID:5281316,CHEMBL508185,C32H46O8,H0497,1,4.551588535308838,23.451178753864824,False,False
689,321,CC(C)=CCC[C@](C)(O)[C@H]1CC[C@]2(C)[C@@H]1[C@H](O)C[C@@H]1[C@@]3(C)CC[C@H](O)C(C)(C)[C@@H]3[C@@H](O[C@@H]3O[C@H](CO)[C@@H](O)[C@H](O)[C@H]3O[C@@H]3O[C@H](CO)[C@@H](O)[C@H](O)[C@H]3O)C[C@]12C,1,C0699,Ginsenoside Rf,CAS:52286-58-5,CID:441922,CHEMBL1773987,C42H72O14,H1191,1,4.547385215759277,23.382952733938374,False,False
690,320,C=C(C)C1CCC2(C)CCC3(C)C(CCC4C5(C)CCC(O)C(C)(C)C5CCC43C)C12,60,C0198,Lupeol,CAS:545-47-1,CID:259846,CHEMBL289191,C30H50O,H0710 | H0289 | H0300 | H0296 | H0918 | H0707 | H0120 | H0762 | H0315 | H1244 | H0711 | H0216 | H0279 | H0111 | H0153 | H1179 | H0463 | H0975 | H1034 | H0950 | H0570 | H1203 | H0495 | H0515 | H0949 | H0533 | H0016 | H1124 | H0464 | H1133 | H0462 | H0217 | H0859 | H1184 | H0327 | H1134 | H0227 | H0195 | H0370 | H0855 | H0270 | H0951 | H0968 | H0476 | H0575 | H0689 | H0060 | H0708 | H0297 | H0663 | H0500 | H0490 | H0738 | H0974 | H0318 | H0152 | H0214 | H0314 | H0885 | H0045,60,4.543053150177002,23.312844672618223,False,False
691,319,O=C(/C=C/c1ccc(O)c(O)c1)O[C@@H]1C[C@@](OC(=O)/C=C/c2ccc(O)c(O)c2)(C(=O)O)C[C@@H](O)[C@@H]1O,16,C0498,Cynarin,CAS:30964-13-7,CID:5281769,CHEMBL487258,C25H24O12,H0664 | H0289 | H0729 | H0509 | H0016 | H0656 | H0103 | H0691 | H0965 | H0002 | H0690 | H0154 | H0613 | H0546 | H0514 | H0045,16,4.5427117347717285,23.307328314438255,False,False
692,318,COc1cc2c(c(OC)c1OC)-c1c(cc(OC)c(OC)c1OC)C[C@H](C)[C@H](C)C2,6,C0389,Schisandrin A,CAS:61281-38-7,CID:155256,CHEMBL253908,C24H32O6,H0607 | H0605 | H0608 | H0606 | H0609 | H0610,6,4.542131423950195,23.297955041105826,False,False
693,317,NCCCCN,21,C0340,Putrescine,CAS:110-60-1,CID:1045,CHEMBL46257,C4H12N2,H1174 | H0713 | H1010 | H0027 | H0194 | H0416 | H0962 | H0026 | H1120 | H0215 | H0360 | H1007 | H0847 | H0004 | H0952 | H0358 | H0357 | H0572 | H0005 | H0944 | H0031,21,4.540982723236084,23.27941215760669,False,False
694,316,C=C1C(=O)OC2C1CCC(=C)C1CC(O)C(=C)C12,3,C0531,Zaluzanin C,CAS:16838-87-2,CID:72646,CHEMBL462318,C15H18O3,H0691 | H0690 | H0546,3,4.532556056976318,23.143835306706357,False,False
695,315,CN1C(=O)CC[C@H]1c1cccnc1,2,C1257,Cotinine,CAS:486-56-6,CID:854019,CHEMBL578211,C10H12N2O,H0360 | H0847,2,4.530219554901123,23.106383279416512,False,False
696,314,C[C@@H]1O[C@@H](O[C@H]2C[C@@H](O)[C@]3(CO)[C@H]4[C@H](O)C[C@]5(C)[C@@H](C6=CC(=O)OC6)CC[C@]5(O)[C@@H]4CC[C@]3(O)C2)[C@H](O)[C@H](O)[C@H]1O,1,C0272,Ouabain,CAS:630-60-4,CID:439501,CHEMBL222863,C29H44O12,H0232,1,4.528347969055176,23.076427162642858,False,False
697,313,CC(C)C1=Cc2ccc3c(c2C(=O)C1=O)CCCC3(C)C,4,C0223,Miltirone,CAS:27210-57-7,CID:160142,CHEMBL45830,C19H22O2,H0950 | H0949 | H0951 | H0461,4,4.525959014892578,23.038246600033638,False,False
698,312,COC(=O)[C@@]1(C)CC[C@]2(C(=O)[O-])CC[C@]3(C)C(=CC[C@@H]4[C@@]5(C)C[C@H](O)[C@H](O[C@@H]6OC[C@@H](O[C@@H]7O[C@H](CO)[C@@H](O)[C@H](O)[C@H]7O)[C@H](O)[C@H]6O)[C@@](C)(CO)[C@@H]5CC[C@]43C)[C@@H]2C1,1,C0822,Esculentoside A,CAS:65497-07-6,CID:11657924,CHEMBL237885,C42H66O16,H0428,1,4.51973819732666,22.93912087907816,False,False
699,311,CC(=O)OC1C(=O)C2=C(C(=O)CC3C(C)(C)C(=O)CCC23C)C2(C)C(=O)CC(C(C)CC(=O)CC(C)C(=O)O)C12C,2,C0097,Ganoderic Acid F,CAS:98665-15-7,CID:23247895,CHEMBL453981,C32H42O9,H0153 | H0152,2,4.513672828674316,22.842882826947058,False,False
700,310,CC1(C)CCC2(C(=O)O)CCC3(C)C(=CCC4C5(C)CCC(O)C(C)(C)C5CCC43C)C2C1,135,C0262,Oleanolic_Acid,,CID:10494,CHEMBL168,C30H48O3,H0361 | H0037 | H0912 | H0713 | H0702 | H0300 | H0779 | H0296 | H0801 | H0420 | H0419 | H0909 | H0698 | H0777 | H1049 | H1047 | H1138 | H1075 | H1127 | H0279 | H1010 | H0894 | H0715 | H0571 | H0470 | H0416 | H0626 | H0913 | H0038 | H0229 | H0153 | H0463 | H0941 | H0950 | H0308 | H0570 | H1203 | H0040 | H0515 | H0068 | H0139 | H1066 | H0290 | H0617 | H0949 | H0844 | H0910 | H0444 | H0464 | H1116 | H0337 | H0336 | H0177 | H1067 | H1120 | H0212 | H0462 | H0908 | H0211 | H0854 | H1074 | H0379 | H1184 | H0067 | H0989 | H0273 | H0069 | H0360 | H0320 | H0381 | H1073 | H0396 | H1109 | H0385 | H0085 | H0496 | H0269 | H0951 | H0453 | H0397 | H0847 | H1070 | H1004 | H0384 | H1097 | H0039 | H0002 | H0380 | H0524 | H0193 | H0733 | H0747 | H0383 | H0004 | H0632 | H1211 | H0074 | H1072 | H0365 | H0036 | H0638 | H0382 | H0060 | H0240 | H0358 | H1117 | H0614 | H0213 | H0297 | H0020 | H0210 | H0875 | H0421 | H0349 | H0871 | H0035 | H0357 | H0639 | H0637 | H0422 | H0427 | H1071 | H1069 | H0152 | H0391 | H0572 | H0848 | H0005 | H0226 | H0555 | H0932 | H0591 | H0219 | H1186 | H0990,135,4.509047508239746,22.76976518038466,False,False
701,309,COc1ccc(CC2COC(=O)C2Cc2ccc(OC3OC(CO)C(O)C(O)C3O)c(OC)c2)cc1OC,2,C0633,Arctiin,CAS:20362-31-6,CID:100528,CHEMBL388452,C27H34O11,H0289 | H0185,2,4.48879861831665,22.452413329579038,False,False
702,308,C=CCSCC=C,11,C0011,Diallyl Sulfide,CAS:592-88-1,CID:11617,CHEMBL170458,C6H10S,H0669 | H0717 | H0390 | H0915 | H0914 | H0938 | H0360 | H0847 | H0499 | H0916 | H0716,11,4.484598159790039,22.38713739295626,False,False
703,307,CCCCC[C@H](O)CC(=O)CCc1ccc(O)c(OC)c1,1,C0707,[6]-Gingerol,CAS:23513-14-6,CID:442793,CHEMBL402978,C17H26O4,H0446,1,4.478354454040527,22.290459534674444,False,False
704,306,O=C1c2c(O)cc(O)cc2O[C@H](c2ccc(O)c(O)c2)[C@H]1O,16,C0587,(+)-Taxifolin,CAS:480-18-2,CID:439533,CHEMBL66,C15H12O7,H1141 | H0570 | H0457 | H0053 | H0379 | H0396 | H1140 | H0397 | H0369 | H0642 | H0391 | H0214 | H0185 | H0932 | H0045 | H0219,16,4.469620227813721,22.15591844196269,False,False
705,305,CC1CCC2(C(=O)O)CCC3(C)C(=CCC4C5(C)CCC(O)C(C)(C)C5CCC43C)C2C1C,99,C0476,Ursolic Acid,CAS:77-52-1,CID:64945,CHEMBL169,C30H48O3,H1099 | H0361 | H0289 | H0300 | H0801 | H0420 | H0419 | H1015 | H0519 | H1049 | H0072 | H1047 | H1138 | H0065 | H0216 | H1127 | H0073 | H0894 | H0354 | H0715 | H0470 | H0423 | H0229 | H0902 | H1017 | H0463 | H0941 | H0950 | H0308 | H0570 | H1203 | H0515 | H0068 | H0139 | H0053 | H1128 | H0949 | H0844 | H0493 | H0016 | H0656 | H0464 | H0177 | H0462 | H0217 | H0693 | H0577 | H0859 | H0854 | H0067 | H0989 | H0327 | H0069 | H0320 | H1109 | H0085 | H0496 | H0169 | H0855 | H0269 | H0951 | H0453 | H0565 | H1004 | H1097 | H0967 | H0646 | H0193 | H0494 | H0063 | H0733 | H0747 | H0632 | H1211 | H0074 | H0365 | H0638 | H0087 | H0060 | H0503 | H0064 | H0158 | H0614 | H0020 | H0963 | H1016 | H0421 | H0871 | H0622 | H0035 | H0637 | H0422 | H0427 | H0701 | H0226 | H0237 | H0591 | H1186 | H0990,99,4.459173679351807,21.996066974056255,False,False
706,304,[NH3+]CC(=O)[O-],1,C0735,GLY,,CID:5257127,,C2H5NO2,H0549,1,4.45733642578125,21.96807309450727,False,False
707,303,C=CC1=C(C)/C(=C/c2[nH]c(Cc3[nH]c(/C=C4\N=C(O)C(C)=C4C=C)c(C)c3CCC(=O)O)c(CCC(=O)O)c2C)N=C1O,2,C1185,Bilirubin,CAS:635-65-4,CID:5280352,CHEMBL501680,C33H36N4O6,H0360 | H0847,2,4.456187725067139,21.95058866639445,False,False
708,302,CCCCC1OC(=O)C2=C1CCC=C2,3,C0677 | C0732,"Senkyunolide | 3(S)-3-Butyl-4,5-Dihydrophthalide",CAS:63038-10-8,CID:173843 | CID:3085257,CHEMBL2288883,C12H16O2,H0892 | H0955,2,4.452791213989258,21.89897157334914,False,False
709,301,O=C(O)[C@H](O)[C@@H](O)C(=O)O,25,C0429,Tartrate,,CID:444305,CHEMBL1236315,C4H6O6,H0601 | H0958 | H1177 | H1010 | H0173 | H1217 | H0626 | H0602 | H1213 | H0960 | H1120 | H1184 | H0360 | H0227 | H0085 | H0269 | H0847 | H0004 | H0427 | H0572 | H0005 | H0226 | H0513 | H1186 | H0414,25,4.449949741363525,21.855882709461397,False,False
710,300,N[C@@H](Cc1ccc(O)c(O)c1)C(=O)O,4,C0179,Levodopa,CAS:59-92-7,CID:6971033,CHEMBL1009,C9H11NO4,H0360 | H0195 | H0847 | H0325,4,4.442827224731445,21.748247172946268,False,False
711,299,COc1cc(/C=C/C(=O)O)ccc1O,158,C0073,Ferulic Acid,CAS:1135-24-6,CID:445858,CHEMBL32749,C10H10O4,H0892 | H1051 | H0928 | H0889 | H0310 | H1208 | H0717 | H1020 | H0926 | H0108 | H1015 | H0126 | H0785 | H1011 | H0704 | H0125 | H1253 | H0155 | H0973 | H0439 | H0956 | H0755 | H0890 | H1138 | H0697 | H0315 | H1244 | H0065 | H1252 | H1090 | H0275 | H0354 | H0100 | H1169 | H0095 | H0173 | H0758 | H1052 | H0872 | H1221 | H0447 | H0633 | H0688 | H1017 | H0094 | H0938 | H0463 | H0900 | H0075 | H0941 | H1231 | H0950 | H0308 | H0570 | H1213 | H0515 | H0139 | H0760 | H0243 | H0338 | H0509 | H0006 | H0805 | H0949 | H0566 | H0466 | H0868 | H0141 | H0841 | H0016 | H1124 | H0239 | H0029 | H0464 | H1116 | H0462 | H0693 | H0750 | H1243 | H1183 | H0093 | H1181 | H0115 | H0360 | H0396 | H1109 | H0682 | H0140 | H0846 | H0195 | H0301 | H1188 | H0804 | H0691 | H0951 | H0972 | H0397 | H0847 | H0166 | H1220 | H1251 | H1055 | H0002 | H0690 | H0813 | H0632 | H1207 | H0446 | H0088 | H1228 | H0365 | H0893 | H1173 | H1164 | H0159 | H1079 | H0472 | H0056 | H0011 | H1019 | H0064 | H0158 | H1115 | H0904 | H0302 | H0927 | H0716 | H0642 | H0765 | H0242 | H1016 | H0473 | H0628 | H1230 | H0886 | H0897 | H0304 | H0082 | H1121 | H0035 | H0802 | H1254 | H0955 | H0887 | H1242 | H0391 | H0109 | H0314 | H0780 | H0377 | H1156 | H0768 | H1009 | H0932 | H0546 | H0514 | H0219 | H1241,158,4.441208362579346,21.72385693986115,True,True
712,298,COc1c(O)cc2c(c1O)[C@@H]1O[C@H](CO)[C@@H](O)[C@H](O)[C@H]1OC2=O,7,C1175,Bergenin,CAS:477-90-7,CID:66065,CHEMBL273019,C14H16O9,H1015 | H0832 | H1017 | H1201 | H1016 | H0848 | H0185,7,4.41017484664917,21.261549651473857,False,False
713,297,CC(C)C12C=CC(C)(CC1)OO2,1,C0589,Ascaridole,CAS:512-85-6,CID:10545,CHEMBL467614,C10H16O2,H0221,1,4.408726692199707,21.240218352227593,False,False
714,296,C=C1C(=O)OC2C1CCC(=C)C1CCC(=C)C12,7,C0518,Dehydrocostuslactone,,CID:73174,CHEMBL88985,C15H18O2,H0261 | H1126 | H0876 | H0763 | H0610 | H0274 | H0260,7,4.408224105834961,21.232820264185055,False,False
715,295,C[C@@H]1NCCc2cc(O)c(O)cc21,9,C0779,"(1S)-1-Methyl-1,2,3,4-Tetrahydroisoquinoline-6,7-Diol",CAS:27740-96-1,CID:91588,CHEMBL1195032,C10H13NO2,H0615 | H1057 | H0474 | H0945 | H1062 | H1212 | H0443 | H0475 | H1063,9,4.399324893951416,21.102249509195616,False,False
716,294,c1cc2c(cc1C1OCC3C(c4ccc5c(c4)OCO5)OCC13)OCO2,31,C0399,Sesamin,CAS:607-80-7,CID:72307,CHEMBL252915,C20H18O6,H0629 | H0710 | H1051 | H0580 | H0022 | H1208 | H0918 | H0707 | H0790 | H0711 | H0583 | H0788 | H0233 | H0787 | H0789 | H0693 | H0750 | H1181 | H1086 | H0098 | H1055 | H0295 | H0967 | H1207 | H0786 | H0708 | H0158 | H0581 | H0848 | H0096 | H0024,31,4.38737154006958,20.928130544947148,False,False
717,293,C=C(C)[C@@H]1CCC(C)=C[C@H]1c1c(O)cc(CCCCC)c(C(=O)O)c1O,2,C0537,Cannabidiol Acid,CAS:1244-58-2,CID:160570,CHEMBL498672,C22H30O4,H0204 | H0003,2,4.3858795166015625,20.906498030701826,False,False
718,292,O=C1c2cccc(O)c2C(=O)c2c(O)cc(CO)cc21,16,C0881,Aloe-Emodin,,CID:10207,CHEMBL40275,C15H10O5,H0928 | H1028 | H0102 | H0926 | H0725 | H0173 | H1213 | H0685 | H0998 | H1000 | H0270 | H0472 | H0927 | H0749 | H0298 | H0540,16,4.384195327758789,20.882106218487866,True,True
719,291,COC(=O)C1=COC(O)C2C(CO)=CCC12,6,C0527,Genipin,CAS:6902-77-8,CID:442424,CHEMBL459016,C11H14O5,H1015 | H1017 | H0424 | H0819 | H0818 | H1016,6,4.380452632904053,20.828003265272063,False,False
720,290,COc1ccc2c3c1OC1C(O)C=CC4C(C2)N(C)CCC341,5,C1249,Codeine,CAS:76-57-3,CID:5284371,CHEMBL485,C18H21NO3,H0757 | H0756 | H0360 | H0847 | H0248,5,4.374987602233887,20.74925456541588,False,False
721,289,C[C@@H]1CCC/C=C/[C@H]2C[C@@H](O)C[C@@H]2[C@@H](O)/C=C/C(=O)O1,1,C0782,Brefeldin A,CAS:20350-15-6,CID:5352004,,C16H24O4,H0955,1,4.369006633758545,20.66341261852424,False,False
722,288,COc1ccc(CC2c3cc(Oc4cc(CC5c6cc(O)c(OC)cc6CCN5C)ccc4O)c(OC)cc3CCN2C)cc1,1,C0736,Isoliensinine,CAS:6817-41-0,CID:5274591,CHEMBL502370,C37H42N2O6,H0141,1,4.3616623878479,20.558489843365784,False,False
723,287,Cc1c(O)cc2c(c1C)OC(C)(CCCC(C)CCCC(C)CCCC(C)C)CC2,2,C0629,"Vitamin E?,â-Tocopherol",,CID:92729,CHEMBL2151591,C28H48O2,H0605 | H0217,2,4.350450038909912,20.3993324777791,False,False
724,286,OC1C=C2CCN3Cc4cc5c(cc4C(C1O)C23)OCO5,3,C0201,Lycorine,CAS:476-28-8,CID:72378,CHEMBL400092,C16H17NO4,H0976 | H0667 | H0347,3,4.350152969360352,20.395132424085606,False,False
725,285,CCCCCCCCC[C@H](O)CC(=O)CCc1ccc(O)c(OC)c1,1,C0673,10-Gingerol,,CID:168115,CHEMBL549472,C21H34O4,H0446,1,4.3460164070129395,20.336738306618663,False,False
726,284,O=C(OCC1OC(OC(=O)c2cc(O)c(O)c(OC(=O)c3cc(O)c(O)c(O)c3)c2)C(OC(=O)c2cc(O)c(O)c(OC(=O)c3cc(O)c(O)c(O)c3)c2)C(OC(=O)c2cc(O)c(O)c(OC(=O)c3cc(O)c(O)c(O)c3)c2)C1OC(=O)c1cc(O)c(O)c(OC(=O)c2cc(O)c(O)c(O)c2)c1)c1cc(O)c(O)c(OC(=O)c2cc(O)c(O)c(O)c2)c1,14,C0426,Tannic Acid,,CID:16129778,CHEMBL506247,C76H52O46,H0618 | H0758 | H1170 | H0053 | H1172 | H0805 | H0408 | H0804 | H1171 | H0925 | H0813 | H0446 | H0802 | H0547,14,4.33297872543335,20.153782481110383,False,False
727,283,O=C1c2ccccc2-n2c1nc1ccccc1c2=O,13,C0464,Tryptanthrin,CAS:13220-57-0,CID:73549,CHEMBL306946,C15H8N2O2,H0145 | H0265 | H0677 | H1078 | H0937 | H0215 | H0278 | H0137 | H0763 | H0277 | H0131 | H0339 | H0263,13,4.329304218292236,20.102516629908045,False,False
728,282,NCCC(O)=N[C@@H](Cc1cnc[nH]1)C(=O)O,4,C0175,L-Carnosine,,CID:439224,CHEMBL242948,C9H14N4O3,H1064 | H0360 | H0847 | H0257,4,4.305967330932617,19.779956262999153,False,False
729,281,C=C1C(=O)O[C@@H]2C[C@@]3(C)CCCC(=C)[C@]3(O)C[C@H]12,2,C0507,Telekin,CAS:6752-90-5,CID:12443309,CHEMBL406233,C15H20O3,H0544 | H0576,2,4.304509162902832,19.759974265399492,False,False
730,280,O[C@H]1[C@H](O)[C@@H](O)[C@H](O)[C@@H](O)[C@H]1O,47,C0145,Inositol,CAS:87-89-8,,CHEMBL1222251,C6H12O6,H1040 | H0757 | H0065 | H0354 | H1169 | H0758 | H0961 | H0194 | H0299 | H0751 | H1057 | H0753 | H0975 | H0474 | H0053 | H1128 | H0805 | H0141 | H0016 | H0656 | H0103 | H0756 | H0945 | H0273 | H0360 | H0140 | H0301 | H0804 | H0847 | H0248 | H0244 | H0763 | H0813 | H0154 | H1164 | H0064 | H0302 | H1062 | H0752 | H0304 | H1012 | H0802 | H0443 | H0974 | H0475 | H1063 | H1039,47,4.299912929534912,19.697121804198364,False,False
731,279,CC(=O)O[C@H]1C[C@H]2CC[C@]1(C)C2(C)C,1,C0805,Bornyl Acetate,CAS:76-49-3,CID:6950274,,C12H20O2,H0398,1,4.29734992980957,19.662160222009405,False,False
732,278,CC12CC3(O)OC(O1)C1(COC(=O)c4ccccc4)C3CC21OC1OC(CO)C(O)C(O)C1O,1,C0705,Paeoniflorin,CAS:23180-57-6,CID:442534,CHEMBL4303209,C23H28O11,H0804,1,4.265655040740967,19.23490822092929,False,False
733,277,CN(C)C(=S)SSC(=S)N(C)C,2,C0446,Thiram,CAS:137-26-8,CID:5455,CHEMBL120563,C6H12N2S4,H0867 | H0964,2,4.2593584060668945,19.151140503266067,False,False
734,276,NCCc1c[nH]c2ccc(O)cc12,7,C0397,Serotonin,CAS:50-67-9,CID:5202,CHEMBL39,C10H12N2O,H0928 | H0926 | H0677 | H1078 | H0360 | H0847 | H0927,7,4.257254600524902,19.123233764783496,False,False
735,275,C=CCSSSCC=C,3,C0874,Allitridin,CAS:2050-87-5,CID:16315,CHEMBL123040,C6H10S3,H0669 | H0390 | H0938,3,4.25156831741333,19.048009199966764,False,False
736,274,N[C@@H](Cc1cc(I)c(Oc2cc(I)c(O)c(I)c2)c(I)c1)C(=O)O,8,C0182,Levothyroxine,CAS:51-48-9,CID:5819,CHEMBL1624,C15H11I4NO4,H0292 | H0291 | H0293 | H0488 | H0360 | H0847 | H0489 | H0487,8,4.2426981925964355,18.93125557282288,False,False
737,273,NCCc1ccc(Oc2ccc(O)cc2)c(I)c1,2,C0762,3-Iodothyronamine,CAS:712349-95-6,CID:9950514,CHEMBL1182312,C14H14INO2,H0360 | H0847,2,4.1785807609558105,18.10831949357708,False,False
738,272,COc1cc(OC)c2ccc(=O)oc2c1,16,C1248,Citropten,CAS:487-06-9,CID:2775,CHEMBL481049,C11H10O4,H0506 | H1034 | H0607 | H0605 | H0651 | H0608 | H0206 | H0113 | H0507 | H0606 | H0207 | H0609 | H0446 | H0920 | H0652 | H1060,16,4.170053482055664,18.001603078929044,False,False
739,271,CC1(C)C(C=C(Cl)Cl)C1C(=O)OCc1cccc(Oc2ccccc2)c1,1,C0297,Permethrin,,CID:40326,CHEMBL1525,C21H20Cl2O3,H0365,1,4.161739349365234,17.898159677311686,False,False
740,270,c1ccc2c(c1)cc1ccc3cccc4ccc2c1c34,2,C1165,Benzo[Def]Chrysene,,CID:2336,CHEMBL31184,C20H12,H0360 | H0847,2,4.158422946929932,17.857063446485025,False,False
741,269,CCCC(=O)c1c2c(c3oc(=O)cc(C(CC)OC(C)=O)c3c1OC(C)=O)C=CC(C)(C)O2,1,C0826,Limonin,,CID:11762232,,C25H28O8,H0719,1,4.155404090881348,17.819736402076703,False,False
742,268,CC(C)Cc1ccc(C(C)C(=O)O)cc1,5,C0134,Ibuprofen,CAS:15687-27-1,CID:3672,CHEMBL521,C13H18O2,H0103 | H0360 | H0847 | H0154 | H0613,5,4.152601718902588,17.78515594036918,False,False
743,267,C[C@H]1CCOc2ccccc21,1,C0861,Anethole,CAS:104-46-1,CID:15939502,,C10H12O,H0155,1,4.151909351348877,17.776622667400925,False,False
744,266,O=C(O)CN=C(O)c1ccccc1,2,C0123,Hippuric Acid,CAS:495-69-2,CID:464,CHEMBL461,C9H9NO3,H0360 | H0847,2,4.150284290313721,17.75661023771022,False,False
745,265,COc1cc2c(c(OC)c1OC)-c1ccc(OC)c(=O)cc1C(NC(C)=O)CC2,2,C1250,Colchicine,CAS:64-86-8,CID:6167,CHEMBL107,C22H25NO6,H0132 | H0560,2,4.13532018661499,17.573384762448068,False,False
746,264,CC(O)=N[C@@H](CS)C(=O)O,3,C0855,Acetylcysteine,CAS:616-91-1,CID:12035,CHEMBL600,C5H9NO3S,H0938 | H0360 | H0847,3,4.122979640960693,17.42370636359699,False,False
747,263,O=c1cc[nH]c(=O)[nH]1,3,C0562,Uracil,CAS:66-22-8,CID:1174,CHEMBL566,C4H4N2O2,H0892 | H0955 | H1039,3,4.116905689239502,17.350504280475242,False,False
748,262,N[C@@H](Cc1cc(I)c(Oc2ccc(O)c(I)c2)c(I)c1)C(=O)O,8,C0191,Liothyronine,CAS:6893-02-3,CID:7048703,CHEMBL1544,C15H12I3NO4,H0292 | H0291 | H0293 | H0488 | H0360 | H0847 | H0489 | H0487,8,4.109076023101807,17.256596222919146,False,False
749,261,CC(C)=CCC[C@](C)(O[C@@H]1O[C@H](CO)[C@@H](O)[C@H](O)[C@H]1O)[C@H]1CC[C@]2(C)[C@@H]1[C@H](O)C[C@@H]1[C@@]3(C)CC[C@H](O)C(C)(C)[C@@H]3[C@@H](O[C@@H]3O[C@H](CO)[C@@H](O)[C@H](O)[C@H]3O[C@@H]3O[C@@H](C)[C@H](O)[C@@H](O)[C@H]3O)C[C@]12C,3,C0698,Ginsenoside Re,CAS:52286-59-6,CID:441921,CHEMBL510095,C48H82O18,H1191 | H0631 | H0357,3,4.090747356414795,17.038747181434005,False,False
750,260,COc1ccc([C@@H](O)[C@@H](C)Oc2ccc([C@H]3O[C@H](c4ccc(O[C@H](C)[C@H](O)c5ccc(OC)c(OC)c5)c(OC)c4)[C@H](C)[C@H]3C)cc2OC)cc1OC,2,C0858,Manassantin A,CAS:88497-87-4,CID:15605952,,C42H52O11,H0374 | H0764,2,4.08528470993042,16.974353350170226,False,False
751,259,OC[C@H]1O[C@@H](Oc2ccc(O)cc2)[C@H](O)[C@@H](O)[C@@H]1O,16,C0918,Arbutin,CAS:497-76-7,CID:440936,CHEMBL232202,C12H16O7,H0100 | H1169 | H0095 | H0438 | H0094 | H0141 | H0190 | H0655 | H0140 | H0301 | H0454 | H1164 | H0302 | H0304 | H0861 | H0219,16,4.073476314544678,16.835986052996642,False,False
752,258,CC(C)C[C@H](N=C(O)[C@H](Cc1ccccc1)N=C(O)CN=C(O)CN=C(O)[C@@H](N)Cc1ccc(O)cc1)C(=O)O,2,C0043,Enkephalin,,CID:461776,CHEMBL8234,C28H37N5O7,H0360 | H0847,2,4.070969104766846,16.806752784652673,False,False
753,257,COc1ccc2c(c[n+](C)c3c4cc5c(cc4ccc23)OCO5)c1OC,4,C1227,Chelerythrine,CAS:34316-15-9,CID:2703,CHEMBL13045,C21H18NO4,H1214 | H0233 | H0006 | H1163,4,4.067300319671631,16.764067374787682,False,False
754,256,COc1cc(/C=C/C(O)=NC[C@@H](O)c2ccc(O)cc2)ccc1O,2,C0542,(S)-N-Trans-Feruloyloctopamine,CAS:640235-67-2,CID:10042201,CHEMBL465182,C18H19NO5,H0095 | H0094,2,4.063253402709961,16.7171082306972,False,False
755,255,OC[C@H]1O[C@H](O)[C@H](O)[C@@H](O)[C@H]1O,1,C0694,GLA,,CID:439357,CHEMBL1233058,C6H12O6,H0549,1,4.056761264801025,16.64205013282557,False,False
756,254,ClC(Cl)(Cl)Cl,2,C1215,Carbon Tetrachloride,,CID:5943,CHEMBL44814,CCl4,H0360 | H0847,2,4.052725315093994,16.59555893846149,False,False
757,253,CC1(C)CC[C@]2(C(=O)O[C@@H]3O[C@H](CO)[C@@H](O)[C@H](O)[C@H]3O)CC[C@]3(C)C(=CC[C@@H]4[C@@]5(C)CC[C@H](O[C@@H]6O[C@H](C(=O)[O-])[C@@H](O[C@@H]7O[C@@H](CO)[C@H](O)[C@H]7O)[C@H](O)[C@H]6O)C(C)(C)[C@@H]5CC[C@]43C)[C@@H]2C1,1,C0812,Araloside A,CAS:7518-22-1,CID:10079497,CHEMBL1773982,C47H74O18,H0357,1,4.034493923187256,16.387159778607337,False,False
758,252,Cc1c(C)c2c(c(C)c1O)CCC(C)(CCCC(C)CCCC(C)CCCC(C)C)O2,47,C0482,Vitamin E,,CID:14985,CHEMBL47,C29H50O2,H0296 | H1208 | H0977 | H0126 | H0958 | H0125 | H0991 | H0982 | H1152 | H0315 | H1244 | H1170 | H0463 | H0941 | H0950 | H0962 | H1203 | H0515 | H0960 | H0949 | H0466 | H0464 | H0709 | H0462 | H0332 | H1183 | H1181 | H0360 | H0396 | H0351 | H0951 | H0397 | H0847 | H1171 | H0043 | H0967 | H1207 | H0446 | H0297 | H0987 | H0035 | H0256 | H0318 | H0391 | H0314 | H0547 | H0679,47,4.027190685272217,16.30441400609817,False,False
759,251,Cc1ccc(-c2cc(C(F)(F)F)nn2-c2ccc(S(N)(=O)=O)cc2)cc1,2,C1223,Celecoxib,CAS:169590-42-5,CID:2662,CHEMBL118,C17H14F3N3O2S,H0360 | H0847,2,4.027188777923584,16.30439245048155,False,False
760,250,CC(C)C12OC1C1OC13C1(C)CCC4=C(COC4=O)C1CC1OC13C2O,1,C0461,Triptolide,CAS:38748-32-2,CID:107985,CHEMBL463763,C20H24O6,H0118,1,4.022979259490967,16.256888573525487,False,False
761,249,C[C@]12C[C@@H](O)[C@@H]3C[C@@]1(O[C@@H]1O[C@H](CO)[C@@H](O)[C@H](O)[C@H]1O)[C@]3(COC(=O)c1ccccc1)C(=O)O2,3,C0879,Albiflorin,CAS:39011-90-0,CID:24868421,CHEMBL1939883,C23H28O11,H0021 | H0962 | H0784,3,4.022756099700928,16.254374110546692,False,False
762,248,C[Se]CC[C@H](N)C(=O)O,2,C0396,Selenomethionine,,CID:53262363,CHEMBL113178,C5H11NO2Se,H0390 | H0938,2,4.003549575805664,16.039414522828746,False,False
763,247,COc1cc2c(c(O)c1C)[C@@H](O)[C@@]1(O)c3cccc(O)c3OC[C@@H]1O2,1,C0849,Raffinose,,CID:14211700,,C18H18O7,H0971,1,4.002713203430176,16.030118701406977,False,False
764,246,CC12CC(O)C3CC1(O[C@@H]1O[C@H](CO)[C@@H](O)[C@H](O)[C@H]1O)C3(COC(=O)c1ccccc1)C(=O)O2,2,C0666,Albiflorin,CAS:39011-90-0,CID:162355,,C23H28O11,H0021 | H0962,2,4.000957489013672,16.010622417521326,False,False
765,245,COc1cc(C(=O)O[C@H]2[C@@H]3C=CO[C@@H](O[C@@H]4O[C@H](CO)[C@@H](O)[C@H](O)[C@H]4O)[C@@H]3[C@@]3(CO)O[C@@H]23)ccc1O,1,C0828,Picroside Ii,CAS:39012-20-9,CID:11944602,CHEMBL510404,C23H28O13,H1202,1,3.998656749725342,15.985109810730338,False,False
766,244,C=C(C)[C@@H]1CC[C@@]2(C)CCC(=O)C(C)=C2C1,1,C0799,?-Cyperone,CAS:473-08-5,CID:6452086,CHEMBL1939885,C15H22O,H0640,1,3.9825189113616943,15.807298360600917,False,False
767,243,CC(C)=CCC/C(C)=C/CC/C(=C/CC/C(C)=C/CO)CO,8,C0517,Plaunotol,CAS:64218-02-6,CID:5282197,CHEMBL285815,C20H34O2,H1108 | H1104 | H1112 | H1107 | H1106 | H1105 | H0539 | H1111,8,3.9817686080932617,15.799079586892443,False,False
768,242,O=C(O[C@@H]1O[C@@H]2COC(=O)c3cc(O)c(O)c(O)c3-c3c(cc(O)c(O)c3O)C(=O)O[C@H]2[C@H](O)[C@H]1O)c1cc(O)c(O)c(O)c1,4,C0619,Strictinin,CAS:517-46-4,CID:73330,CHEMBL504212,C27H22O18,H0021 | H0962 | H0237 | H0990,4,3.9691638946533203,15.661645517046658,False,False
769,241,C=CCS[S@](=O)CC=C,1,C0889,Allicin,CAS:539-86-6,CID:51380898,,C6H10OS2,H0938,1,3.9613704681396484,15.577269543624022,False,False
770,240,C=C(C)C1CC=C(CO)CC1,12,C0087,(4-Prop-1-En-2-Ylcyclohexen-1-Yl)Methanol,CAS:536-59-4,CID:10819,CHEMBL444711,C10H16O,H0892 | H0164 | H0745 | H0093 | H0360 | H0847 | H0746 | H0418 | H0088 | H0893 | H0585 | H0035,12,3.958669424057007,15.548132734837658,False,False
771,239,C=C1C(=O)O[C@H]2C[C@H](C)C(/C=C/C(C)=O)=CC[C@H]12,1,C0751,Xanthatin,CAS:26791-73-1,CID:5281511,CHEMBL404466,C15H18O3,H0523,1,3.9318342208862305,15.261599007953746,False,False
772,238,CC(=O)O[C@H](CC=C(C)C)C1=CC(=O)c2c(O)ccc(O)c2C1=O,2,C0856,Acetylshikonin,CAS:24502-78-1,CID:479501,CHEMBL403516,C18H18O6,H0673 | H0844,2,3.9169859886169434,15.105332003452471,False,False
773,237,O=c1ccc2cc3ccoc3cc2o1,19,C0335,Psoralen,,CID:6199,CHEMBL164660,C11H6O3,H0595 | H0956 | H0615 | H1090 | H0387 | H0456 | H0868 | H0774 | H0239 | H0312 | H0526 | H0430 | H0242 | H1030 | H0400 | H0256 | H0955 | H0433 | H1009,19,3.8981454372406006,14.909349795925674,False,False
774,236,COc1cc(-c2coc3cc(O)c(OC)c(O)c3c2=O)cc(O)c1OC,1,C0788,Irigenin,CAS:548-76-5,CID:5464170,CHEMBL487013,C18H16O8,H0432,1,3.8963725566864014,14.891039438422819,False,False
775,235,CC1(C)[C@@H](O[C@@H]2O[C@H](C(=O)[O-])[C@@H](O)[C@H](O)[C@H]2O[C@@H]2O[C@H](C(=O)[O-])[C@@H](O)[C@H](O)[C@H]2O)CC[C@]2(C)[C@H]3C(=O)C=C4[C@@H]5C[C@@](C)(C(=O)[O-])CC[C@]5(C)CC[C@@]4(C)[C@]3(C)CC[C@@H]12,1,C0652,Uralsaponin A,CAS:103000-77-7,CID:128229,,C42H62O16,H1066,1,3.884507894515991,14.769078357173331,False,False
776,234,O=C([O-])[C@H](O)Cc1ccc(O)c(O)c1,1,C0821,Danshensu,,CID:11600642,,C9H10O5,H0949,1,3.880674362182617,14.729886024762273,False,False
777,233,OC[C@H]1O[C@H](O)[C@@H](O)[C@@H](O)[C@@H]1O,4,C0679,Mannose,CAS:3458-28-4,CID:185698,CHEMBL365590,C6H12O6,H0958 | H0173 | H0549 | H0357,4,3.8711423873901367,14.632885559490008,False,False
778,232,OC1C(O)C(O)C(O)C(O)C1O,2,C0557,Inositol,,CID:892,CHEMBL1222251,C6H12O6,H0112 | H0971,2,3.871108293533325,14.632539758335922,False,False
779,231,C[C@@H]1O[C@@H](OC[C@H]2O[C@@H](OCCc3ccc(O)c(O)c3)[C@H](O)[C@@H](O)[C@@H]2OC(=O)/C=C/c2ccc(O)c(O)c2)[C@H](O)[C@H](O)[C@H]1O,8,C0084,Forsythiaside,CAS:79916-77-1,CID:5281773,CHEMBL504363,C29H36O15,H0713 | H0973 | H0715 | H0139 | H0972 | H1079 | H0473 | H1156,8,3.8678245544433594,14.59927229717622,False,False
780,230,c1coc(CNc2ncnc3nc[nH]c23)c1,5,C0167,Kinetin,CAS:525-79-1,CID:3830,CHEMBL228792,C10H9N5O,H0265 | H0937 | H0137 | H0131 | H0263,5,3.846771478652954,14.387773805919723,False,False
781,229,N=C(O)NC1N=C(O)N=C1O,20,C0871,Allantoin,CAS:97-59-6,CID:204,CHEMBL593429,C4H6N4O3,H1094 | H0236 | H1096 | H0296 | H0437 | H1095 | H1119 | H0694 | H0748 | H1080 | H0356 | H0196 | H0360 | H0195 | H0847 | H0763 | H0666 | H0346 | H0297 | H0235,20,3.8314242362976074,14.235529355238826,False,False
782,228,O=C(O)c1cccnc1C(=O)O,2,C0359,Quinolinic Acid,CAS:89-00-9,CID:1066,CHEMBL286204,C7H5NO4,H0360 | H0847,2,3.830491542816162,14.22632914721908,False,False
783,227,C[C@H](N)C(O)=NCC(O)=N[C@H]1CSSC[C@@H](C(=O)O)N=C(O)[C@H](CO)N=C(O)[C@H]([C@@H](C)O)N=C(O)[C@H](Cc2ccccc2)N=C(O)[C@H]([C@@H](C)O)N=C(O)[C@H](CCCCN)N=C(O)[C@H](Cc2c[nH]c3ccccc23)N=C(O)[C@H](Cc2ccccc2)N=C(O)[C@H](Cc2ccccc2)N=C(O)[C@H](CC(=N)O)N=C(O)[C@H](CCCCN)N=C1O,2,C0411,Somatostatin,,CID:16129706,CHEMBL1823872,C76H104N18O19S2,H0360 | H0847,2,3.8070693016052246,13.997228596188295,False,False
784,226,Cc1ncc(CO)c(CN)c1O,3,C0347,Pyridoxamine,CAS:85-87-0,CID:1052,CHEMBL593019,C8H12N2O2,H0938 | H0360 | H0847,3,3.783010482788086,13.765742112884984,False,False
785,225,C[N+](C)(C)CCO,43,C1236,Choline,CAS:62-49-7,CID:305,CHEMBL920,C5H14NO,H0204 | H0713 | H0702 | H0714 | H0785 | H0757 | H1152 | H0615 | H1194 | H0758 | H0872 | H0961 | H1034 | H0760 | H0243 | H0006 | H0805 | H0665 | H0029 | H0756 | H1243 | H0424 | H0115 | H0360 | H0819 | H0682 | H0804 | H0650 | H0847 | H0248 | H1192 | H0043 | H1193 | H0813 | H0818 | H0659 | H1212 | H0082 | H0802 | H0256 | H0003 | H1242 | H1241,43,3.764239549636841,13.587795916358413,False,False
786,224,NC[C@H]1CC[C@H](C(=O)O)CC1,2,C0452,Tranexamic Acid,CAS:1197-18-8,,CHEMBL877,C8H15NO2,H0360 | H0847,2,3.7512497901916504,13.4660030369111,False,False
787,223,C/C1=C\CC(C)(C)/C=C/C(=O)/C(C)=C/CC1,3,C0490,Zerumbone,CAS:471-05-6,CID:5470187,CHEMBL245412,C15H22O,H0728 | H0028 | H0895,3,3.7375361919403076,13.338607819493971,False,False
788,222,COC(=O)C1=CO[C@@H](O[C@@H]2O[C@H](CO)[C@@H](O)[C@H](O)[C@H]2O)[C@@H]2[C@@H](C)[C@@H](O)C[C@H]12,17,C0539,Loganin,CAS:18524-94-2,CID:87691,CHEMBL1081584,C17H26O10,H1015 | H1138 | H0065 | H0894 | H0354 | H1017 | H0202 | H0337 | H0336 | H1014 | H0807 | H0085 | H0203 | H0064 | H1016 | H0871 | H0427,17,3.736665725708008,13.330562248314589,False,False
789,221,O=C1C=CCC2C3CCCN4CCCC(CN12)C34,2,C0646,Sophocarpine,CAS:6483-15-4,CID:115269,CHEMBL377725,C15H22N2O,H0111 | H0405,2,3.7340259552001953,13.306192960553297,False,False
790,220,COc1cc2c(cc1O)[C@@H]1Cc3ccc(O)c(OC)c3CN1CC2,3,C0417,Stepholidine,CAS:16562-13-3,CID:6917970,CHEMBL487387,C19H21NO4,H0941 | H0341 | H0369,3,3.7311322689056396,13.279530805170454,False,False
791,219,O=C(O)/C=C/C(=O)O,38,C0086,Fumaric Acid,CAS:110-17-8,CID:444972,CHEMBL503160,C4H4O4,H0595 | H0714 | H0757 | H0956 | H1010 | H0758 | H0961 | H0243 | H0290 | H0706 | H0805 | H0665 | H1120 | H0756 | H1184 | H0115 | H0360 | H0612 | H0804 | H0650 | H0269 | H0847 | H0248 | H1088 | H0004 | H0813 | H0659 | H0766 | H0498 | H0871 | H0802 | H0955 | H0572 | H1110 | H0005 | H0903 | H0083 | H0696,38,3.7299067974090576,13.268255534729143,False,False
792,218,COc1cc(/C=C/CO)cc(OC)c1O[C@@H]1O[C@H](CO)[C@@H](O)[C@H](O)[C@H]1O,42,C0423,Syringin,CAS:118-34-3,CID:5316860,CHEMBL250872,C17H24O9,H0361 | H0362 | H1089 | H1214 | H1015 | H0065 | H1090 | H0354 | H0363 | H0416 | H1221 | H0229 | H1017 | H0975 | H1203 | H0323 | H0764 | H0239 | H0187 | H0403 | H0998 | H0989 | H1000 | H0078 | H1188 | H0691 | H1220 | H0690 | H1211 | H1005 | H0358 | H0064 | H0020 | H0242 | H0303 | H1016 | H0364 | H0357 | H0974 | H0528 | H0546 | H0410,42,3.719261407852173,13.170711763737842,False,False
793,217,COC(=O)[C@@H](Cc1ccc(O)c(O)c1)OC(=O)/C=C/c1ccc(O)c(O)c1,6,C0216,Methyl Rosmarinate,CAS:99353-00-1,CID:6479915,CHEMBL241405,C19H18O8,H0950 | H0949 | H0496 | H0951 | H0965 | H1186,6,3.718545436859131,13.164177113094627,False,False
794,216,CC12CCC(CC1=O)C2(C)C,54,C0771,"4,7,7-Trimethylbicyclo[2.2.1]Heptan-3-One",,CID:2537,CHEMBL15768,C10H16O,H0629 | H0673 | H0164 | H0790 | H0398 | H0173 | H0450 | H0745 | H0463 | H0308 | H0788 | H0399 | H0515 | H0729 | H0139 | H0787 | H0651 | H0844 | H0764 | H0464 | H0789 | H0505 | H0103 | H0462 | H0093 | H0403 | H0273 | H1109 | H0028 | H0968 | H0763 | H0002 | H0193 | H0746 | H0418 | H0452 | H0446 | H0088 | H0365 | H0895 | H0625 | H0786 | H0154 | H1005 | H0451 | H0652 | H1235 | H0303 | H0585 | H0576 | H0761 | H0613 | H1029 | H0410,54,3.7085647583007812,13.073420585575024,False,False
795,215,CC[C@H](C)[C@@H]1N=C(O)[C@H](Cc2ccc(O)cc2)N=C(O)[C@@H](N)CSSC[C@@H](C(=O)N2CCC[C@H]2C(O)=N[C@@H](CC(C)C)C(O)=NCC(=N)O)N=C(O)[C@H](CC(=N)O)N=C(O)[C@H](CCC(=N)O)N=C1O,2,C0280,Oxytocin,,CID:439302,CHEMBL395429,C43H66N12O12S2,H0360 | H0847,2,3.6938111782073975,12.940407805641202,False,False
796,214,CC(C)=CCC[C@](C)(O[C@@H]1O[C@H](CO)[C@@H](O)[C@H](O)[C@H]1O)[C@H]1CC[C@]2(C)[C@@H]1[C@H](O)C[C@@H]1[C@@]3(C)CC[C@H](O[C@@H]4O[C@H](CO)[C@@H](O)[C@H](O)[C@H]4O[C@@H]4O[C@H](CO)[C@@H](O)[C@H](O)[C@H]4O)C(C)(C)[C@@H]3CC[C@]12C,2,C0823,Ginsenoside Rd,CAS:52705-93-8,CID:11679800,CHEMBL473659,C48H82O18,H0631 | H0357,2,3.692706346511841,12.930501692914717,False,False
797,213,C/C=C1/[C@H](O[C@@H]2O[C@H](CO)[C@@H](O)[C@H](O)[C@H]2O)OC=C(C(=O)OC)[C@H]1CC(=O)OCCc1ccc(O)c(O)c1,1,C0265,Oleuropein,CAS:32619-42-4,CID:5281544,CHEMBL1911053,C25H32O13,H0187,1,3.678438663482666,12.803254398030676,False,False
798,212,CC1(C)OC2CC(=O)OCC23C1CC(=O)C1(C)C3CCC2(C)C(c3ccoc3)OC(=O)C3OC321,27,C0187,Limonin,,CID:179651,CHEMBL517449,C26H30O8,H0089 | H0785 | H0704 | H0758 | H0872 | H1231 | H0760 | H0805 | H0192 | H0616 | H0651 | H0029 | H1243 | H0093 | H0682 | H0804 | H0813 | H0088 | H1228 | H1115 | H0652 | H0604 | H1230 | H0082 | H0802 | H1242 | H1241,27,3.6772301197052,12.792533619331072,False,False
799,211,COc1cc2c(cc1O)CC[n+]1cc3c(OC)c(OC)ccc3cc1-2,23,C0162,Jatrorrhizine,,CID:72323,CHEMBL251055,C20H19NO4,H0785 | H0704 | H0872 | H0633 | H1231 | H0760 | H0706 | H0167 | H0656 | H0029 | H1243 | H0376 | H0682 | H0375 | H1228 | H1115 | H0051 | H1230 | H0082 | H0205 | H1033 | H1242 | H1241,23,3.6538169384002686,12.586601927629427,False,False
800,210,OC[C@H]1O[C@](O)(CO)[C@@H](O)[C@@H](O)[C@@H]1O,1,C0807,D-Mannoheptulose,CAS:3615-44-9,CID:9815697,,C7H14O7,H0757,1,3.65317964553833,12.5810431782533,False,False
801,209,N=c1nc(O)c2ncn([C@H]3C[C@H](O)[C@@H](COP(=O)(O)OP(=O)(O)OP(=O)(O)O)O3)c2[nH]1,2,C0501,Deoxyguanosine Triphosphate,CAS:2564-35-4,CID:65103,CHEMBL477486,C10H16N5O13P3,H0360 | H0847,2,3.6417396068573,12.48167465235718,False,False
802,208,COc1cc(C=CC(=O)N2CCC=CC2=O)cc(OC)c1OC,5,C0316,Piplartine,CAS:20069-09-4,CID:637858,CHEMBL465843,C17H19NO5,H0471 | H1204 | H1176 | H1077 | H0295,5,3.640381336212158,12.469928917044586,False,False
803,207,C[S+](CC[C@H](N)C(=O)[O-])C[C@H]1O[C@@H](n2cnc3c(N)ncnc32)[C@H](O)[C@@H]1O,2,C0379,S-Adenosyl Methionine,CAS:29908-03-0,CID:34755,CHEMBL1088977,C15H22N6O5S,H0360 | H0847,2,3.637305498123169,12.443371243261355,False,False
804,206,O=c1nc(O)ccn1[C@@H]1O[C@H](COP(=O)(O)OP(=O)(O)OP(=O)(O)O)[C@@H](O)[C@H]1O,2,C0473,Uridine Triphosphate,CAS:63-39-8,CID:6133,CHEMBL336296,C9H15N2O15P3,H0360 | H0847,2,3.6350224018096924,12.423694910562798,False,False
805,205,N=C(N)NCCC[C@H](N=C(O)[C@H](Cc1ccccc1)N=C(O)[C@@H]1CCCN1C(=O)[C@H](CO)N=C(O)[C@H](Cc1ccccc1)N=C(O)CN=C(O)[C@@H]1CCCN1C(=O)[C@@H]1CCCN1C(=O)[C@@H](N)CCCNC(=N)N)C(=O)O,2,C1196,Bradykinin,,CID:439201,CHEMBL406291,C50H73N15O11,H0360 | H0847,2,3.633237361907959,12.408332636104046,False,False
806,204,CC(C)=CCC/C(C)=C/CC/C(C)=C/CC/C(C)=C/CO,1,C0103,Geranylgeraniol,CAS:24034-73-9,CID:5281365,CHEMBL478589,C20H34O,H0697,1,3.6306567192077637,12.386156881871516,False,False
807,203,CC(C)=CCC/C(C)=C/CCC(C)=CCC/C=C(\C)CC/C=C(\C)CCC=C(C)C,49,C0513,Squalene,CAS:111-02-4,CID:638072,CHEMBL458402,C30H50,H0361 | H1174 | H0889 | H0108 | H1015 | H0827 | H0956 | H0890 | H0319 | H0445 | H0027 | H0438 | H0416 | H1170 | H0229 | H1017 | H0075 | H1034 | H0771 | H1113 | H0769 | H0649 | H0026 | H0651 | H0770 | H0016 | H0989 | H0360 | H0648 | H0968 | H1007 | H0847 | H1171 | H0967 | H1211 | H0952 | H0358 | H0652 | H0020 | H1016 | H0886 | H0897 | H0357 | H0955 | H0887 | H0109 | H0547 | H0944 | H0031,49,3.6280605792999268,12.363887947709241,False,False
808,202,N=C(N)O,3,C0470,Urea,,CID:1176,CHEMBL985,CH4N2O,H0360 | H0847 | H0144,3,3.619492769241333,12.290679465026153,False,False
809,201,CC(C)(O)[C@@H]1CC[C@](C)([C@H]2[C@@H](O)C[C@@]3(C)[C@@H]4C[C@H](O[C@@H]5O[C@H](CO)[C@@H](O)[C@H](O)[C@H]5O)[C@@H]5C(C)(C)[C@@H](O[C@@H]6OC[C@@H](O)[C@H](O)[C@H]6O)CC[C@@]56C[C@@]46CC[C@]23C)O1,1,C0930,Astragaloside Iv,CAS:84687-43-4,CID:124761776,,C41H68O14,H1247,1,3.6184749603271484,12.282011554546449,False,False
810,200,N=c1nc(O)c2ncn(COC(CO)CO)c2[nH]1,2,C0096,Ganciclovir,CAS:82410-32-0,CID:3454,CHEMBL182,C9H13N5O4,H0360 | H0847,2,3.6168367862701416,12.26807329779731,False,False
811,199,CC(C)=CCC[C@](C)(O[C@@H]1O[C@H](CO[C@@H]2OC[C@H](O)[C@H](O)[C@H]2O)[C@@H](O)[C@H](O)[C@H]1O)[C@H]1CC[C@]2(C)[C@@H]1[C@H](O)C[C@@H]1[C@@]3(C)CC[C@H](O[C@@H]4O[C@H](CO)[C@@H](O)[C@H](O)[C@H]4O[C@@H]4O[C@H](CO)[C@@H](O)[C@H](O)[C@H]4O)C(C)(C)[C@@H]3CC[C@]12C,3,C0802,Ginsenoside Rb2,CAS:11021-13-9,CID:6917976,CHEMBL449303,C53H90O22,H1191 | H0631 | H0357,3,3.604893445968628,12.166931372070271,False,False
812,198,C=C(C)[C@H](CCC(C)(C)O)Cc1c(O)cc(OC)c2c1O[C@H](c1ccc(O)cc1O)CC2=O,10,C0169,Kurarinol,CAS:855746-98-4,CID:44563198,CHEMBL455667,C26H32O7,H0201 | H0111 | H0957 | H0200 | H0533 | H0575 | H0197 | H0198 | H0826 | H0246,10,3.6046204566955566,12.164629341889285,False,False
813,197,N=c1ccn([C@@H]2O[C@H](COP(=O)(O)OP(=O)(O)O)[C@@H](O)[C@H]2O)c(O)n1,3,C1275,Cytidine Diphosphate,CAS:63-38-7,CID:6132,CHEMBL425252,C9H15N3O11P2,H0522 | H0360 | H0847,3,3.5956344604492188,12.089095991449977,False,False
814,196,COc1c2ccccc2nc2occc12,8,C0016,Dictamnine,CAS:484-29-7,CID:68085,CHEMBL22533,C12H9NO2,H0712 | H0956 | H0059 | H0233 | H0754 | H0058 | H0955 | H0525,8,3.5932371616363525,12.069024452249604,False,False
815,195,ClC(Cl)Cl,2,C1230,Chloroform,,CID:6212,CHEMBL44618,CHCl3,H0360 | H0847,2,3.5860960483551025,12.009432289219948,False,False
816,194,CC(C)C[C@@H]1N=C(O)[C@@H](C(C)C)N=C(O)[C@@H]2CCCN2C(=O)[C@H](CC(=O)O)N=C(O)[C@@H](Cc2c[nH]c3ccccc23)N=C1O,5,C1195,Bq-123,,CID:52943236,CHEMBL1269102,C31H42N6O7,H0495 | H1134 | H0476 | H0500 | H0490,5,3.5840203762054443,11.99216618671804,False,False
817,193,N=c1nc(O)c2ncn([C@@H]3O[C@H](COP(=O)(O)OP(=O)(O)O)[C@@H](O)[C@H]3O)c2[nH]1,2,C0098,Gdp,CAS:146-91-8,CID:8977,CHEMBL384759,C10H15N5O11P2,H0360 | H0847,2,3.575195074081421,11.91903122842604,False,False
818,192,OC[C@H]1O[C@@H](O)[C@H](O)[C@@H]1O,1,C0710,Ribose,CAS:50-69-1,CID:447347,,C5H10O5,H0958,1,3.5723094940185547,11.895215421727714,False,False
819,191,C=CCSS/C=C/C[S@@](=O)CC=C,1,C0902,Ajoene,CAS:92285-01-3,CID:76962525,,C9H14OS3,H0938,1,3.5616793632507324,11.807890668317366,False,False
820,190,C=CC1(C)CCC(C(=C)C)CC1C(=C)C,2,C0590,"?-Elemene,?-Elemene",,CID:10583,,C15H24,H0103 | H0430,2,3.5607247352600098,11.800079998653365,False,False
821,189,O=C(O)[C@H]1O[C@@H](Oc2cc3oc(-c4ccccc4)cc(=O)c3c(O)c2O)[C@H](O)[C@@H](O)[C@@H]1O,32,C1125,Baicalin,CAS:21967-41-9,CID:64982,CHEMBL485818,C21H18O11,H0429 | H0928 | H0310 | H0714 | H0926 | H0164 | H1253 | H1222 | H1252 | H0530 | H1225 | H0950 | H1161 | H0949 | H0665 | H0195 | H0531 | H0784 | H1224 | H0270 | H0650 | H0951 | H1251 | H0965 | H0472 | H0659 | H0927 | H0527 | H1254 | H1227 | H0092 | H0529,32,3.5594818592071533,11.789918654166769,False,False
822,188,CC(C)=CCC/C(C)=C/CC/C(C)=C/Cc1c(O)cc(C)cc1O,1,C0785,Grifolin,CAS:6903-07-7,CID:5372312,CHEMBL487804,C22H32O2,H0219,1,3.5513312816619873,11.723498719086829,False,False
823,187,Cc1ncc(COP(=O)(O)O)c(C=O)c1O,3,C0346,Pyridoxal Phosphate,CAS:54-47-7,CID:1051,CHEMBL82202,C8H10NO6P,H0938 | H0360 | H0847,3,3.548247814178467,11.698468880502018,False,False
824,186,COc1cc2c(c(OC)c1OC)-c1c(cc(OC)c(OC)c1OC)C[C@](C)(O)[C@@H](C)C2,1,C0724,Schisandrol A,CAS:7432-28-2,CID:3001664,CHEMBL253688,C24H32O7,H0605,1,3.535414218902588,11.594865814582219,False,False
825,185,C=C(CO)C(=O)O[C@H]1CC(=C)[C@@H]2C[C@H](O)C(=C)[C@@H]2[C@H]2OC(=O)C(=C)[C@@H]21,1,C0647,Cynaropicrin,CAS:35730-78-0,CID:119093,CHEMBL374146,C19H22O6,H0274,1,3.534701108932495,11.58913600265477,False,False
826,184,C=C1C(=O)O[C@@H]2/C=C(\C)CC/C=C(\C)CC[C@@H]12,5,C1256,Costunolide,CAS:553-21-9,CID:5281437,CHEMBL86416,C15H20O2,H0261 | H0763 | H0576 | H0274 | H0260,5,3.5180134773254395,11.45585694709152,False,False
827,183,O=c1cccc2n1C[C@@H]1CNC[C@H]2C1,5,C1276,Cytisine,CAS:485-35-8,CID:10235,CHEMBL497939,C11H14N2O,H0111 | H0533 | H0129 | H0575 | H0906,5,3.505688428878784,11.358405589424232,False,False
828,182,Nc1ncnc2c1ncn2[C@@H]1O[C@@H]2COP(=O)(O)O[C@H]2[C@H]1O,3,C1269,Cyclic Adenosine Monophosphate,,CID:6076,CHEMBL316966,C10H12N5O6P,H0941 | H0360 | H0847,3,3.482658863067627,11.178532207755824,False,False
829,181,COc1cc2c3cc1Oc1cc(ccc1O)C[C@@H]1c4c(cc(OC)c(O)c4Oc4ccc(cc4)C[C@@H]3N(C)CC2)CC[N+]1(C)C,5,C0465,Tubocurarine,,CID:6000,CHEMBL339427,C37H40N2O6,H0704 | H1231 | H1228 | H1115 | H1230,5,3.4758036136627197,11.125541210350141,False,False
830,180,CC(O)CO,3,C0329,Propylene Glycol,CAS:57-55-6,CID:1030,CHEMBL286398,C3H8O2,H0016 | H0360 | H0847,3,3.475508689880371,11.123267097495354,False,False
831,179,N[C@@H](CCC(O)=N[C@@H](CS)C(O)=NCC(=O)O)C(=O)O,4,C0106,Glutathione,CAS:70-18-8,CID:124886,CHEMBL1543,C10H17N3O6S,H0173 | H1064 | H0360 | H0847,4,3.4694888591766357,11.076950532306839,False,False
832,178,CC=O,9,C0846,Acetaldehyde,,CID:177,CHEMBL170365,C2H4O,H0289 | H1214 | H0173 | H0938 | H0077 | H0360 | H0847 | H0446 | H0809,9,3.4628655910491943,11.026213916688532,False,False
833,177,CC1C(=O)OC2CCN3CC=C(COC(=O)C(C)(O)C1(C)O)C23,1,C0224,Monocrotaline,CAS:315-22-0,CID:9415,CHEMBL521035,C16H23NO6,H0327,1,3.4626731872558594,11.024743513127964,False,False
834,176,C=C(C)C1CC=C(C)CC1,155,C0504 | C0691,"Limonene | Dipentene,L-Limonene",CAS:138-86-3,CID:440917 | CID:439250,CHEMBL449062 | CHEMBL236688,C10H16,H0629 | H0669 | H0171 | H0821 | H0580 | H0310 | H0714 | H0551 | H1214 | H0108 | H0793 | H0164 | H0120 | H1022 | H0958 | H1253 | H0398 | H0817 | H0155 | H1049 | H0072 | H0439 | H0956 | H0402 | H1047 | H1204 | H1252 | H0073 | H0583 | H1090 | H0561 | H0095 | H0238 | H0173 | H0758 | H0416 | H1176 | H0261 | H0094 | H1077 | H0745 | H0463 | H0401 | H0850 | H0399 | H0515 | H0849 | H0139 | H0960 | H0548 | H0104 | H0338 | H0805 | H0665 | H0607 | H0605 | H0616 | H0651 | H0764 | H0239 | H0464 | H0505 | H0492 | H0103 | H0177 | H1120 | H0462 | H0608 | H1198 | H0816 | H0093 | H0403 | H0196 | H1215 | H0998 | H1000 | H0508 | H0273 | H0347 | H0360 | H0381 | H1240 | H1109 | H0385 | H0028 | H0603 | H0370 | H1026 | H0804 | H0650 | H0968 | H0565 | H0847 | H0647 | H0384 | H1097 | H1251 | H0606 | H0002 | H0380 | H0524 | H0746 | H0609 | H0418 | H0430 | H0383 | H0881 | H0813 | H0446 | H0088 | H1001 | H0365 | H0448 | H0895 | H0625 | H0250 | H0853 | H1129 | H0154 | H0382 | H0159 | H1005 | H0503 | H0436 | H0358 | H0659 | H0614 | H0652 | H0581 | H1223 | H0242 | H0303 | H0585 | H0576 | H0084 | H1060 | H0604 | H0897 | H0613 | H0035 | H0802 | H1254 | H0357 | H0955 | H0433 | H0109 | H0640 | H0331 | H0822 | H0410 | H0990 | H0307,152,3.4610509872436523,11.012354000765212,False,False
835,175,O=C(OC[C@H]1O[C@H](OC(=O)c2cc(O)c(O)c(O)c2)[C@H](OC(=O)c2cc(O)c(O)c(O)c2)[C@@H](OC(=O)c2cc(O)c(O)c(O)c2)[C@@H]1OC(=O)c1cc(O)c(O)c(O)c1)c1cc(O)c(O)c(O)c1,2,C0502,"1,2,3,4,6-Penta-O-Galloyl-D-Glucopyranose",,CID:9876301,CHEMBL206710,C41H32O26,H0342 | H0343,2,3.454545021057129,10.962804583753329,False,False
836,174,O=C(O)Cc1c[nH]c2ccc(O)cc12,2,C0595,2-(5-Hydroxy-1H-Indol-3-Yl)Acetic Acid,CAS:54-16-0,CID:1826,CHEMBL395915,C10H9NO3,H0360 | H0847,2,3.447866678237915,10.91217422092155,False,False
837,173,N=C(N)NCCCCN,4,C0864,Agmatine,CAS:306-60-5,CID:199,CHEMBL58343,C5H14N4,H0713 | H0194 | H0360 | H0847,4,3.4174530506134033,10.68454117412799,False,False
838,172,O=c1c2ccccc2nc2n1CCC1c3ccccc3NC21,1,C0926,Rutaecarpine,,CID:118603930,,C18H15N3O,H0458,1,3.4142448902130127,10.660808065604146,False,False
839,171,Nc1ncnc2c1ncn2[C@@H]1O[C@H](CSCC[C@H](N)C(=O)O)[C@@H](O)[C@H]1O,2,C0380,S-Adenosylhomocysteine,CAS:979-92-0,CID:439155,CHEMBL418052,C14H20N6O5S,H0360 | H0847,2,3.411128282546997,10.637802722838451,False,False
840,170,OC[C@H]1OC(O)[C@H](O)[C@@H](O)[C@H]1O,4,C0570,Galactose,CAS:59-23-4,CID:6036,CHEMBL195923,C6H12O6,H0417 | H0173 | H0408 | H0783,4,3.405038356781006,10.592992914205524,False,False
841,169,C[C@](N)(Cc1ccc(O)c(O)c1)C(=O)O,2,C0218,Methyldopa,CAS:555-30-6,CID:38853,CHEMBL459,C10H13NO4,H0360 | H0847,2,3.396454095840454,10.530150098714039,False,False
842,168,NCCc1ccc(O)c(O)c1,4,C0034,Dopamine,CAS:51-61-6,CID:681,CHEMBL59,C8H11NO2,H0360 | H0195 | H0847 | H1226,4,3.3855085372924805,10.450561378367862,False,False
843,167,COc1cc2c(c(OC)c1OC)-c1c(cc3c(c1OC)OCO3)CC(C)C(C)C2,10,C0390,Schisandrin B,CAS:61281-37-6,CID:108130,CHEMBL479488,C23H28O6,H0416 | H0607 | H0605 | H0262 | H0608 | H0606 | H0609 | H0358 | H0357 | H0610,10,3.3494012355804443,10.192254030375423,False,False
844,166,CC12CCC(CC1)C(C)(C)O2,109,C0063,Eucalyptol,CAS:470-82-6,CID:2758,CHEMBL1231862,C10H18O,H0629 | H0821 | H0156 | H1214 | H0790 | H1022 | H1018 | H0398 | H0755 | H0201 | H0216 | H0173 | H0111 | H0758 | H1085 | H0415 | H0450 | H0839 | H0745 | H0941 | H0080 | H0788 | H0399 | H0729 | H0148 | H0740 | H0787 | H0805 | H1161 | H0654 | H0743 | H0200 | H0675 | H0262 | H0533 | H0992 | H0789 | H0505 | H0184 | H0103 | H0624 | H0674 | H0217 | H0816 | H0403 | H0344 | H0196 | H0508 | H0273 | H0345 | H1240 | H0588 | H0496 | H0028 | H0370 | H0678 | H0804 | H0968 | H0116 | H0647 | H1097 | H0221 | H0575 | H0002 | H0193 | H0346 | H0746 | H0197 | H0418 | H0671 | H1209 | H0142 | H0747 | H0813 | H0452 | H0446 | H1001 | H0895 | H0786 | H1129 | H0154 | H1005 | H0198 | H0451 | H0281 | H0795 | H0766 | H0246 | H1235 | H1185 | H0303 | H1092 | H0585 | H0576 | H0749 | H1093 | H0761 | H0613 | H0035 | H0802 | H0676 | H0092 | H0640 | H1082 | H0903 | H0822 | H0410 | H0990 | H0307,109,3.338113307952881,10.112819008016123,False,False
845,165,CC(C)=CCC[C@](C)(O[C@@H]1O[C@H](CO[C@@H]2O[C@H](CO)[C@@H](O)[C@H](O)[C@H]2O)[C@@H](O)[C@H](O)[C@H]1O)[C@H]1CC[C@]2(C)[C@@H]1[C@H](O)C[C@@H]1[C@@]3(C)CC[C@H](O[C@@H]4O[C@H](CO)[C@@H](O)[C@H](O)[C@H]4O[C@@H]4O[C@H](CO)[C@@H](O)[C@H](O)[C@H]4O)C(C)(C)[C@@H]3CC[C@]12C,4,C0810,Ginsenoside Rb1,CAS:41753-43-9,CID:9898279,CHEMBL501515,C54H92O23,H0378 | H1191 | H0631 | H0357,4,3.305070400238037,9.88383139374903,False,False
846,164,O=C1/C(=C2/C(O)=Nc3ccccc32)Nc2ccccc21,7,C0142,Indirubin,CAS:479-41-4,CID:5318433,CHEMBL1276127,C16H10N2O2,H0669 | H0683 | H0265 | H0937 | H0137 | H0131 | H0263,7,3.276121139526367,9.68747807097426,False,False
847,163,NCCc1cnc[nH]1,7,C0125,Histamine,CAS:51-45-6,CID:774,CHEMBL90,C5H9N3,H0133 | H0713 | H1040 | H0006 | H0360 | H0847 | H0244,7,3.2669544219970703,9.626120092262761,False,False
848,162,CC(=O)OC1C(=O)C2(C)C(O)CC3OCC3(OC(C)=O)C2C(OC(=O)c2ccccc2)C2(O)CC(OC(=O)C(O)C(NC(=O)c3ccccc3)c3ccccc3)C(C)=C1C2(C)C,6,C0281,Paclitaxel,CAS:33069-62-4,CID:36314,CHEMBL428647,C47H51NO14,H0463 | H0515 | H0464 | H0462 | H0360 | H0847,6,3.2543511390686035,9.542393229185054,False,False
849,161,C[C@H](CCC(O)=NCCS(=O)(=O)O)[C@H]1CC[C@H]2[C@@H]3CC[C@@H]4C[C@H](O)CC[C@]4(C)[C@H]3CC[C@]12C,2,C0432,Taurolithocholic Acid,CAS:516-90-5,CID:439763,CHEMBL408701,C26H45NO5S,H0360 | H0847,2,3.2511777877807617,9.521426853096044,False,False
850,160,NCCc1c[nH]c2ccccc12,4,C0463,Tryptamine,CAS:61-54-1,CID:1150,CHEMBL6640,C10H12N2,H0215 | H0360 | H0847 | H0763,4,3.20200777053833,9.202384711881683,False,False
851,159,COc1ccc(-c2oc3cc(O)c(OC)c(O)c3c(=O)c2OC)cc1O,8,C1224,Centaureidin,CAS:17313-52-9,CID:5315773,CHEMBL77552,C18H16O8,H0702 | H1194 | H0311 | H0424 | H0819 | H1192 | H1193 | H0818,8,3.170677661895752,9.004696565244005,False,False
852,158,CO[C@H]1[C@H](O)[C@H](OS(=O)(=O)[O-])[C@H](C)O[C@@H]1C,1,C0933,Fucoidan,,CID:129532628,,C8H16O7S,H1154,1,3.1694159507751465,8.996824936876372,False,False
853,157,O=C(CO)[C@@H](O)[C@H](O)[C@H](O)CO,7,C0568,Fructose,CAS:57-48-7,CID:5984,,C6H12O6,H0417 | H0941 | H0104 | H1200 | H0972 | H0537 | H0427,7,3.155634641647339,8.911292161767163,False,False
854,156,CN1c2ccccc2C(=O)N2CCc3c([nH]c4ccccc34)[C@@H]21,1,C0068,Evodiamine,CAS:518-17-2,CID:6971167,CHEMBL486598,C19H17N3O,H0616,1,3.154985189437866,8.907281504104406,False,False
855,155,C[C@H](CCC(O)=NCCS(=O)(=O)O)[C@H]1CC[C@H]2[C@@H]3[C@H](O)C[C@@H]4C[C@H](O)CC[C@]4(C)[C@H]3C[C@H](O)[C@]12C,2,C0431,Taurocholate,,CID:6675,CHEMBL224867,C26H45NO7S,H0360 | H0847,2,3.153132677078247,8.895851327198125,False,False
856,154,O=C(O)C1=CCNCC1,3,C0150,Isoguvacine,CAS:64603-90-3,CID:3765,CHEMBL39071,C6H9NO2,H0033 | H0408 | H0925,3,3.147710084915161,8.862477655191295,False,False
857,153,O=S1OCC2C(CO1)C1(Cl)C(Cl)=C(Cl)C2(Cl)C1(Cl)Cl,2,C0042,Endosulfan,,CID:3224,CHEMBL194399,C9H6Cl6O3S,H1196 | H0880,2,3.137186050415039,8.798063722478837,False,False
858,152,NC(CO)(CO)CO,4,C0462,Tromethamine,CAS:77-86-1,CID:6503,CHEMBL1200391,C4H11NO3,H0228 | H0936 | H1125 | H0469,4,3.122877359390259,8.71123556656182,False,False
859,151,C=CC(C)(C)c1[nH]c2ccccc2c1/C=C1\N=C(O)[C@H](C)N=C1O,7,C0541,Neoechinulin A,CAS:51551-29-2,CID:9996305,CHEMBL400768,C19H21N3O2,H0155 | H0439 | H0338 | H0691 | H0690 | H0159 | H0546,7,3.1128334999084473,8.65079966951947,False,False
860,150,O=C1O[C@H]([C@@H](O)CO)C(O)=C1O,40,C0927,Ascorbate,,CID:54670067,CHEMBL196,C6H8O6,H1051 | H0601 | H0519 | H1138 | H0095 | H0173 | H0758 | H1217 | H0602 | H1170 | H0423 | H0094 | H0938 | H0463 | H0941 | H0515 | H0805 | H0607 | H0605 | H0016 | H0464 | H0462 | H0608 | H0750 | H1183 | H0360 | H0396 | H0804 | H0269 | H0397 | H0847 | H1171 | H1055 | H0606 | H0609 | H0813 | H0802 | H0256 | H0391 | H0547,40,3.096931219100952,8.555968785097246,False,False
861,149,C=C[C@@]1(C)Cc2occ(C)c2[C@@H]2OC(=O)C(=C)[C@@H]21,1,C0768,Isolinderalactone,,CID:5318587,CHEMBL1927943,C15H16O3,H0611,1,3.09421706199646,8.53988748421591,False,False
862,148,CN(C)CCC[C@@]1(c2ccc(F)cc2)OCc2cc(C#N)ccc21,2,C0052,Escitalopram,CAS:128196-01-0,CID:146570,CHEMBL1508,C20H21FN2O,H0360 | H0847,2,3.07123064994812,8.404899972692306,False,False
863,147,O=C(/C=C/c1ccc(O)cc1)OC[C@H]1O[C@@H](Oc2c(-c3ccc(O)cc3)oc3cc(O)cc(O)c3c2=O)[C@H](O)[C@@H](O)[C@@H]1O,12,C0449,Tiliroside,CAS:20316-62-5,CID:5320686,CHEMBL266564,C30H26O13,H0710 | H0918 | H0707 | H0711 | H0344 | H0345 | H0708 | H0498 | H0871 | H1082 | H0237 | H0696,12,3.0166008472442627,8.09258630959344,False,False
864,146,O=C(CCc1ccc(O)cc1)c1c(O)cc(O)cc1O[C@@H]1O[C@H](CO)[C@@H](O)[C@H](O)[C@H]1O,8,C0303,Phlorizin,CAS:60-81-1,CID:6072,CHEMBL245067,C21H24O10,H0120 | H0463 | H0975 | H0515 | H0464 | H0462 | H0974 | H1056,8,2.967190980911255,7.820121273846903,False,False
865,145,C=C(C)C1CC=C(C)C(=O)C1,1,C0579,Carvacrol,CAS:499-75-2,CID:7439,CHEMBL15676,C10H14O,H0719,1,2.966207504272461,7.81479216025022,False,False
866,144,COc1ccc(-c2oc3c(CC=C(C)C)c(O)cc(O)c3c(=O)c2O[C@@H]2O[C@H](C)[C@@H](O)[C@H](O)[C@@H]2O)cc1,1,C0136,Icariside Ii,CAS:113558-15-9,CID:44587252,CHEMBL497293,C27H30O10,H0809,1,2.960733413696289,7.7851962841788165,False,False
867,143,COc1cc2oc(-c3ccc(O)cc3)cc(=O)c2c(O)c1[C@@H]1O[C@H](CO)[C@@H](O)[C@H](O)[C@H]1O[C@@H]1O[C@H](CO)[C@@H](O)[C@H](O)[C@H]1O,2,C0656,Spinosin,CAS:72063-39-9,CID:155692,,C28H32O15,H0941 | H0517,2,2.95521879196167,7.755494606077455,False,False
868,142,C[C@@H]1OC(O)[C@@H](O)[C@H](O)[C@@H]1O,9,C0183,L-Fucose,CAS:2438-80-4,CID:17106,CHEMBL469449,C6H12O5,H0669 | H1010 | H1153 | H1120 | H0360 | H0847 | H0004 | H0572 | H0005,9,2.949152946472168,7.722954900129448,False,False
869,141,Cc1ncc(CO)c(C=O)c1O,3,C0345,Pyridoxal,CAS:66-72-8,CID:1050,CHEMBL102970,C8H9NO3,H0938 | H0360 | H0847,3,2.938599109649658,7.666664829646047,False,False
870,140,[NH3+]CCS(=O)(=O)[O-],1,C0561,Taurine,CAS:107-35-7,CID:1123,CHEMBL239243,C2H7NO3S,H0095,1,2.9367687702178955,7.65694434071926,False,False
871,139,COc1cc2c(O)c3c(c(-c4ccc5c(c4)OCO5)c2cc1OC)C(=O)OC3,3,C0030,Diphyllin,CAS:22055-22-7,CID:100492,CHEMBL221190,C21H16O7,H0101 | H0697 | H0921,3,2.923257827758789,7.585571236939116,False,False
872,138,COc1ccc([C@@H]2OC[C@H]3[C@@H]2CO[C@@H]3c2ccc(O[C@@H]3O[C@H](CO)[C@@H](O)[C@H](O)[C@H]3O)c(OC)c2)cc1OC,1,C0636,Phillyrin,CAS:487-41-2,CID:101712,,C27H34O11,H0139,1,2.8835654258728027,7.37971665987047,False,False
873,137,N=c1nc(O)c2ncn([C@@H]3O[C@@H]4COP(=O)(O)O[C@H]4[C@H]3O)c2[nH]1,3,C1225,Cgmp,CAS:7665-99-8,CID:24316,CHEMBL395336,C10H12N5O7P,H0941 | H0360 | H0847,3,2.8823089599609375,7.373292345924629,False,False
874,136,Cc1cc2nc3c(O)nc(=O)nc-3n(C[C@H](O)[C@H](O)[C@H](O)COP(=O)(O)OP(=O)(O)OC[C@H]3O[C@@H](n4cnc5c(N)ncnc54)[C@H](O)[C@@H]3O)c2cc1C,2,C0076,Flavin Adenine Dinucleotide,,CID:643975,CHEMBL1232653,C27H33N9O15P2,H0360 | H0847,2,2.8653945922851562,7.287351563572457,False,False
875,135,COC1=C(OC)C(=O)C(C/C=C(\C)CC/C=C(\C)CC/C=C(\C)CC/C=C(\C)CC/C=C(\C)CC/C=C(\C)CC/C=C(\C)CC/C=C(\C)CC/C=C(\C)CCC=C(C)C)=C(C)C1=O,2,C0469,Ubidecarenone,CAS:303-98-0,CID:5281915,CHEMBL454801,C59H90O4,H0360 | H0847,2,2.827706813812256,7.099447793392783,False,False
876,134,COc1cc2oc(-c3ccc(O)c(O)c3)cc(=O)c2c(O)c1[C@@H]1O[C@H](CO)[C@@H](O)[C@H](O)[C@H]1O,1,C0706,Swertiajaponin,CAS:6980-25-2,CID:442659,,C22H22O11,H0349,1,2.822354793548584,7.073159495360932,False,False
877,133,COc1ccc2c(c1)[nH]c1c(C)nccc12,3,C0115,Harmine,CAS:442-51-3,CID:5280953,CHEMBL269538,C13H12N2O,H0011 | H0904 | H1121,3,2.8076117038726807,7.001246024023093,False,False
878,132,Cn1cnc2c1c(=O)[nH]c(=O)n2C,6,C0442,Theobromine,CAS:83-67-0,CID:5429,CHEMBL1114,C7H8N4O2,H0615 | H0360 | H0847 | H1004 | H1212 | H0637,6,2.803375244140625,6.980717090510959,False,False
879,131,CC[C@H](C)[C@H](N=C(O)[C@H](Cc1ccc(O)cc1)N=C(O)[C@@H](N=C(O)[C@H](CCCNC(=N)N)N=C(O)[C@@H](N)CC(=O)O)C(C)C)C(O)=N[C@@H](Cc1cnc[nH]1)C(=O)N1CCC[C@H]1C(O)=N[C@@H](Cc1ccccc1)C(=O)O,2,C0907,Angiotensin Ii,,CID:172198,CHEMBL408403,C50H71N13O12,H0360 | H0847,2,2.7976341247558594,6.9529929405944095,False,False
880,130,N=c1nc(O)c2ncn([C@H]3C[C@H](O)[C@@H](CO)O3)c2[nH]1,5,C0007,Deoxyguanosine,,CID:187790,CHEMBL68908,C10H13N5O4,H0697 | H0153 | H0360 | H0847 | H0152,5,2.7875773906707764,6.90469357722604,False,False
881,129,COc1ccc2cc1Oc1ccc(cc1)C[C@H]1c3cc(c(OC)cc3CCN1C)Oc1c(O)c(OC)cc3c1[C@H](C2)N(C)CC3,4,C0071,Fangchinoline,CAS:436-77-1,CID:73481,CHEMBL504256,C37H40N2O6,H0268 | H0167 | H0341 | H1033,4,2.7835726737976074,6.885553703952268,False,False
882,128,c1cc2ccc3cccc4ccc(c1)c2c34,5,C0343,Pyrene,,CID:31423,CHEMBL279564,C16H10,H1051 | H0551 | H0104 | H0750 | H1055,5,2.7714951038360596,6.828151666773542,False,False
883,127,COC1=CC=C2C3Cc4ccc(OC)c5c4C2(CCN3C)C1O5,3,C0441,Thebaine,CAS:115-37-7,CID:5324289,CHEMBL403893,C19H21NO3,H0757 | H0756 | H0248,3,2.757406234741211,6.761794796588713,False,False
884,126,C[C@@H]1O[C@@H](Oc2c(-c3ccc(O)c(O)c3)oc3cc(O)cc(O)c3c2=O)[C@H](O)[C@H](O)[C@H]1O,63,C0354,Quercitrin,CAS:522-12-3,CID:5280459,CHEMBL82242,C21H20O11,H1051 | H0912 | H0289 | H1214 | H0909 | H0164 | H0294 | H0398 | H1222 | H0411 | H0692 | H0065 | H0354 | H0173 | H0772 | H0913 | H0374 | H1225 | H0748 | H1034 | H0308 | H0570 | H1213 | H0399 | H0006 | H0764 | H0016 | H1137 | H0910 | H0218 | H0908 | H0750 | H0128 | H0655 | H0379 | H1184 | H0327 | H0320 | H0227 | H0396 | H1201 | H0619 | H1224 | H0269 | H0397 | H0565 | H0071 | H0454 | H1055 | H0666 | H0625 | H0064 | H0741 | H0084 | H0901 | H0732 | H1227 | H0391 | H0214 | H0848 | H0237 | H0932 | H0219,63,2.7387375831604004,6.674860025214961,False,False
885,125,O=C(O)Cc1c[nH]c2ccccc12,13,C0512,Indole-3-Acetic Acid,CAS:87-51-4,CID:802,CHEMBL82411,C10H9NO2,H0173 | H1041 | H0495 | H0215 | H0360 | H1134 | H0847 | H0476 | H0222 | H0500 | H0490 | H0863 | H0223,13,2.7323217391967773,6.645242000300014,False,False
886,124,C=CC(=O)[O-],1,C0575,Ppi,,CID:6581,CHEMBL1213529,C3H4O2,H0182,1,2.690584182739258,6.455747635743002,False,False
887,123,CN1CCc2cc3c(cc2C1C1OC(=O)c2c1ccc1c2OCO1)OCO3,2,C1183,Bicuculline,CAS:485-49-4,CID:10237,CHEMBL417990,C20H17NO6,H0633 | H0706,2,2.679104804992676,6.404583731162879,False,False
888,122,COc1ccc2c(c1OC)C(=O)O[C@@H]2[C@H]1c2cc3c(cc2CCN1C)OCO3,9,C0128,Hydrastine,CAS:118-08-1,CID:197835,CHEMBL1256919,C21H21NO6,H0785 | H0872 | H0760 | H0029 | H1243 | H0682 | H0082 | H1242 | H1241,9,2.6764345169067383,6.392740433887471,False,False
889,121,O=C(O[C@@H]1O[C@@H]2COC(=O)c3cc(O)c(O)c(O)c3-c3c(cc(O)c(O)c3O)C(=O)O[C@@H]([C@H]1O)[C@@H]2O)c1cc(O)c(O)c(O)c1,2,C0832,Corilagin,CAS:23094-69-1,CID:12303949,,C27H22O18,H1170 | H0340,2,2.6691508293151855,6.360546948390843,False,False
890,120,O=C(O)c1cnccn1,2,C0342,Pyrazinoic Acid,CAS:98-97-5,CID:1047,CHEMBL613,C5H4N2O2,H0360 | H0847,2,2.658843517303467,6.31526606771056,False,False
891,119,COc1ccc2c(c1OC)C(=O)O[C@@H]2[C@H]1c2c(cc3c(c2OC)OCO3)CCN1C,3,C0256,Noscapine,CAS:128-62-1,CID:275196,CHEMBL364713,C22H23NO7,H0757 | H0756 | H0248,3,2.656242847442627,6.303892127075428,False,False
892,118,O=c1ccc2cc3ccoc3c(O)c2o1,6,C0487,Xanthotoxol,CAS:2009-24-7,CID:65090,CHEMBL1192,C11H6O4,H0089 | H0192 | H0239 | H0430 | H0242 | H0433,6,2.6532700061798096,6.2909155971125,False,False
893,117,COc1cccc(OC)c1C(=O)OCc1cc(O)ccc1O[C@@H]1O[C@H](CO)[C@@H](O)[C@H](O)[C@H]1O,1,C0658,Curculigoside,CAS:85643-19-2,CID:158845,CHEMBL258048,C22H26O11,H0636,1,2.6450281143188477,6.255079038823379,False,False
894,116,O=c1c(-c2ccc(O)cc2)coc2c([C@@H]3O[C@H](CO)[C@@H](O)[C@H](O)[C@H]3O)c(O)ccc12,16,C0337,Puerarin,CAS:3681-99-0,CID:5281807,CHEMBL486386,C21H20O9,H1094 | H0310 | H1096 | H0714 | H1253 | H1095 | H1252 | H1037 | H0941 | H1080 | H0665 | H0685 | H0650 | H1251 | H0659 | H1254,16,2.6420106887817383,6.242010087640141,False,False
895,115,OC[C@H]1O[C@@](CO)(O[C@H]2O[C@H](CO)[C@@H](O)[C@H](O)[C@H]2O)[C@@H](O)[C@@H]1O,29,C0569,Sucrose,CAS:57-50-1,CID:5988,CHEMBL253582,C12H22O11,H0713 | H0468 | H0419 | H0832 | H0564 | H0715 | H0173 | H0168 | H0941 | H0937 | H0408 | H0908 | H1200 | H0195 | H0855 | H0971 | H0972 | H0397 | H0137 | H0537 | H1251 | H0631 | H0523 | H1030 | H0357 | H1247 | H0427 | H0542 | H0331,29,2.6227688789367676,6.159310587665318,False,False
896,114,COc1c2occc2cc2ccc(=O)oc12,20,C0214,Methoxsalen,,CID:4114,CHEMBL416,C12H8O4,H0947 | H0956 | H0387 | H0862 | H0323 | H1128 | H0456 | H0868 | H0774 | H0239 | H0312 | H0430 | H0242 | H0865 | H1030 | H0955 | H0282 | H0433 | H0179 | H1009,20,2.621274948120117,6.152935836872224,False,False
897,113,COc1ccc(-c2cc(=O)c3c(O)cc(O[C@@H]4O[C@H](CO[C@@H]5O[C@@H](C)[C@H](O)[C@@H](O)[C@H]5O)[C@@H](O)[C@H](O)[C@H]4O)cc3o2)cc1O,14,C0027,Diosmin,CAS:520-27-4,CID:5281613,CHEMBL231884,C28H32O15,H0758 | H0961 | H0233 | H0805 | H0651 | H1124 | H0113 | H0093 | H0804 | H0813 | H0088 | H0920 | H0652 | H0802,14,2.5405735969543457,5.8182028519515745,False,False
898,112,CC(C(O)c1ccc(O)cc1)N1CCC(Cc2ccccc2)CC1,2,C0139,Ifenprodil,CAS:23210-56-2,CID:3689,CHEMBL305187,C21H27NO2,H0899 | H0898,2,2.5137076377868652,5.710858495744371,False,False
899,111,O=c1ccc2c(O)c3ccoc3cc2o1,4,C1174,Bergaptol,CAS:486-60-2,CID:5280371,CHEMBL242711,C11H6O4,H0651 | H0881 | H0652 | H0331,4,2.5010905265808105,5.661131856246423,False,False
900,110,OC[C@H]1O[C@@H](n2cnc3c(O)ncnc32)[C@H](O)[C@@H]1O,20,C0144,Inosine,,CID:6021,CHEMBL1556,C10H12N4O5,H0155 | H0439 | H0735 | H0153 | H0995 | H0941 | H0311 | H0338 | H0843 | H0859 | H0360 | H0981 | H0855 | H0847 | H0019 | H0638 | H0159 | H0017 | H0018 | H0152,20,2.4917545318603516,5.624615714904685,False,False
901,109,COc1cc2c(cc1OC)-c1cc3ccc(OC)c(OC)c3c[n+]1CC2,24,C0286,Palmitine,,CID:19009,CHEMBL206106,C21H22NO4,H0785 | H0704 | H0872 | H0633 | H1231 | H0760 | H0467 | H0706 | H0029 | H0505 | H0563 | H1243 | H0376 | H0682 | H0375 | H1228 | H1115 | H0051 | H1230 | H0082 | H0205 | H1033 | H1242 | H1241,24,2.4910378456115723,5.621822273789255,False,False
902,108,COc1cc2c(cc1OC)[C@@H]1Cc3ccc(OC)c(OC)c3CN1CC2,16,C0439,Tetrahydropalmatine,CAS:2934-97-6,CID:72301,CHEMBL487182,C21H25NO4,H0785 | H0704 | H0872 | H0633 | H1231 | H0760 | H0706 | H0029 | H1243 | H0682 | H1228 | H1115 | H1230 | H0082 | H1242 | H1241,16,2.4540023803710938,5.479340960479792,False,False
903,107,C=C(C)C1Cc2c(ccc3c2OC2COc4cc(OC)c(OC)cc4C2C3=O)O1,4,C0375,Rotenone,CAS:83-79-4,CID:6758,CHEMBL429023,C23H22O6,H0669 | H0683 | H0864 | H0257,4,2.4379584789276123,5.4187439550852305,False,False
904,106,O[C@@H]1[C@@H](O)[C@@H](O)OC[C@@H]1O,1,C0696,ARB,,CID:439764,,C5H10O5,H0549,1,2.4307632446289062,5.39178602818918,False,False
905,105,Cc1cc(O)cc(O[C@@H]2O[C@H](CO)[C@@H](O)[C@H](O)[C@H]2O)c1,1,C0835,Orcinol Glucoside,CAS:21082-33-7,CID:12315192,CHEMBL2425246,C13H18O7,H0636,1,2.429163932800293,5.385812229803404,False,False
906,104,O=C(O)CCCCC1CCSS1,2,C0192,Lipoic Acid,CAS:1200-22-2,CID:6112,CHEMBL134342,C8H14O2S2,H0360 | H0847,2,2.4186177253723145,5.3465850954618706,False,False
907,103,COc1c(O[C@@H]2O[C@H](C(=O)[O-])[C@H](O)[C@H](O)[C@H]2O)cc2oc(-c3ccccc3)cc(=O)c2c1O,1,C0713,Baicalein,,CID:636815,,C22H20O11,H0155,1,2.402756690979004,5.288126508316308,False,False
908,102,N[C@@H](CCC(O)=N[C@@H](CSSC[C@H](N=C(O)CC[C@H](N)C(=O)O)C(O)=NCC(=O)O)C(O)=NCC(=O)O)C(=O)O,2,C0274,Oxiglutatione,CAS:27025-41-8,CID:11215652,CHEMBL1372,C20H32N6O12S2,H0360 | H0847,2,2.3877909183502197,5.233553761448298,False,False
909,101,COc1ccc(/C=C/c2cc(O)cc(O[C@@H]3O[C@H](CO)[C@@H](O)[C@H](O)[C@H]3O)c2)cc1O,1,C0714,Rhaponticin,CAS:155-58-8,CID:637213,CHEMBL109266,C21H24O9,H0926,1,2.3685503005981445,5.164219422451576,False,False
910,100,COc1cc2c(cc1OC)C13CCN4CC5=CCOC6CC(=O)N2C1C6C5CC43,1,C1197,Brucine,CAS:357-57-3,CID:442021,CHEMBL501756,C23H26N2O4,H0695,1,2.3518948554992676,5.10494301037559,False,False
911,99,N[C@@H](CCC(O)=N[C@@H](CSN=O)C(O)=NCC(=O)O)C(=O)O,2,C0409,S-Nitrosoglutathione,CAS:57564-91-7,CID:104858,CHEMBL63507,C10H16N4O7S,H0360 | H0847,2,2.3165078163146973,4.98124999037234,False,False
912,98,O=C1O[C@H]2[C@@H]3OC(=O)c4cc(O)c(O)c(O)c4-c4c(cc(O)c(O)c4O)C(=O)OC[C@H]2O[C@@H](OC(=O)c2cc(O)c(O)c(O)c2)[C@@H]3OC(=O)c2cc(O)c(O)c3c2[C@@H]2C1=CC(=O)[C@](O)(O3)C2(O)O,12,C0526,Geraniin,CAS:81905-83-1,CID:3001497,CHEMBL506069,C41H28O27,H0342 | H1035 | H0343 | H0975 | H0139 | H0128 | H1004 | H0446 | H0637 | H0974 | H0555 | H0679,12,2.2606165409088135,4.791962243237852,False,False
913,97,COc1ccc2c3c(c4cc(OC)c(OC)cc4c2c1)C[C@H]1CCCN1C3,1,C0361,(-)-Antofine,CAS:32671-82-2,CID:639288,CHEMBL228286,C23H25NO3,H0684,1,2.257333755493164,4.78107075243368,False,False
914,96,O=c1nc(O)ccn1[C@@H]1O[C@H](COP(=O)(O)OP(=O)(O)O[C@H]2O[C@H](CO)[C@@H](O)[C@H](O)[C@H]2O)[C@@H](O)[C@H]1O,2,C0472,Uridine Diphosphate Glucose,CAS:133-89-1,CID:8629,CHEMBL375951,C15H24N2O17P2,H0360 | H0847,2,2.252262830734253,4.764295279537877,False,False
915,95,COc1cc2c(c(OC)c1OC)-c1c(cc3c(c1OC)OCO3)C[C@H](C)[C@@](C)(O)C2,9,C1176,Besigomsin,CAS:58546-54-6,CID:3001662,CHEMBL403578,C23H28O7,H0416 | H0607 | H0605 | H0608 | H0606 | H0609 | H0358 | H0357 | H0610,9,2.252058506011963,4.763620573968669,False,False
916,94,CC(=O)C(=O)[O-],1,C0559,Pyruvic Acid,CAS:127-17-3,CID:1060,CHEMBL1162144,C3H4O3,H0357,1,2.205413341522217,4.612066585025072,False,False
917,93,O=C1c2ccccc2-c2c3c(cc4ccnc1c24)OCO3,23,C0534,Liriodenine,CAS:475-75-2,CID:10144,CHEMBL37736,C17H9NO3,H0977 | H0991 | H0915 | H0982 | H0742 | H0755 | H1169 | H1052 | H0233 | H0509 | H0566 | H0141 | H0841 | H0998 | H1000 | H0140 | H0846 | H0301 | H1164 | H0302 | H0987 | H0304 | H0514,23,2.2053232192993164,4.611778487610926,False,False
918,92,C[N+](C)(C)C[C@H](O)CC(=O)[O-],5,C0178,Levocarnitine,CAS:541-15-1,CID:10917,CHEMBL1149,C7H15NO3,H0315 | H1244 | H0360 | H0847 | H0314,5,2.2048182487487793,4.610164560384991,False,False
919,91,N=C(N)Nc1nc(CSCCC(=N)NS(N)(=O)=O)cs1,2,C0069,Famotidine,CAS:76824-35-6,CID:5702160,CHEMBL902,C8H15N7O2S3,H0360 | H0847,2,2.2045397758483887,4.609274779824197,False,False
920,90,Nc1ncnc2c1ncn2[C@H]1O[C@@H](COP(=O)([O-])OP(=O)([O-])OP(=O)([O-])[O-])[C@H](O)[C@@H]1O,1,C0852,Adenosine Triphosphate,,CID:14308007,,C10H16N5O13P3,H0357,1,2.2028632164001465,4.603921441454978,False,False
921,89,COc1cc2c(c(OC)c1OC)-c1c(cc3c(c1OC)OCO3)C[C@](C)(O)[C@@H](C)C2,1,C0894,Schisandrol B,CAS:58546-54-6,CID:59203477,,C23H28O7,H0605,1,2.1769299507141113,4.52190270460134,False,False
922,88,COc1cc(CC2C(=O)OCC2Cc2ccc(OC)c(OC)c2)ccc1O,11,C0919,Arctigenin,CAS:7770-78-7,CID:64981,CHEMBL435734,C21H24O6,H0710 | H0289 | H0918 | H0707 | H0711 | H0139 | H0731 | H0708 | H0614 | H0146 | H0185,11,2.171527624130249,4.505001617807138,False,False
923,87,OCc1ccc(O[C@@H]2O[C@H](CO)[C@@H](O)[C@H](O)[C@H]2O)cc1,2,C0643,Gastrodin,CAS:62499-27-8,CID:115067,CHEMBL274739,C13H18O7,H0404 | H0542,2,2.1665711402893066,4.489550912993621,False,False
924,86,CCOC(=O)C1=C[C@@H](OC(CC)CC)[C@H](N=C(C)O)[C@@H](N)C1,5,C0269,Oseltamivir,CAS:196618-13-0,CID:65028,CHEMBL1229,C16H28N2O4,H0265 | H0937 | H0137 | H0131 | H0263,5,2.1541857719421387,4.451173611036896,False,False
925,85,COc1ccc(-c2cc(=O)c3c(O)cc(O[C@@H]4O[C@H](CO)[C@@H](O)[C@H](O)[C@H]4O)cc3o2)cc1,12,C0448,Tilianine,CAS:4291-60-5,CID:5321954,CHEMBL487018,C22H22O10,H1010 | H0057 | H1148 | H0729 | H1120 | H0004 | H0632 | H1149 | H1150 | H0572 | H0005 | H1147,12,2.1217098236083984,4.352094320381212,False,False
926,84,O=c1c(O[C@@H]2O[C@H](CO)[C@@H](O)[C@H](O)[C@H]2O)c(-c2ccc(O)cc2)oc2cc(O)cc(O)c12,101,C0935,Astragalin,CAS:480-10-4,CID:5282102,CHEMBL233930,C21H20O11,H0730 | H0580 | H0468 | H1015 | H0120 | H0792 | H0958 | H0411 | H0426 | H1075 | H0065 | H0491 | H0583 | H1090 | H0057 | H0354 | H1169 | H0571 | H0626 | H1148 | H0772 | H1017 | H1202 | H0975 | H1249 | H0950 | H0243 | H1066 | H0980 | H0960 | H0104 | H1128 | H0006 | H0949 | H0868 | H0141 | H0016 | H1124 | H0656 | H0444 | H0978 | H1067 | H0693 | H0424 | H1074 | H0655 | H0379 | H0115 | H0819 | H1073 | H0396 | H0140 | H0619 | H0301 | H1188 | H0269 | H0170 | H0951 | H0397 | H1046 | H1070 | H0454 | H0965 | H1045 | H0002 | H0632 | H1072 | H0541 | H0181 | H1164 | H0425 | H0818 | H0015 | H0240 | H0064 | H0158 | H0581 | H0302 | H0658 | H1187 | H0979 | H1149 | H1016 | H0498 | H0871 | H1150 | H0304 | H1248 | H1247 | H0974 | H1071 | H1069 | H0391 | H1250 | H0226 | H0413 | H0237 | H1009 | H0696 | H0045 | H1147,101,2.1170639991760254,4.338102072992365,False,False
927,83,O=c1c(O[C@@H]2O[C@H](CO)[C@@H](O)[C@H](O)[C@H]2O)c(-c2ccc(O)c(O)c2)oc2cc(O)cc(O)c12,161,C0156,Isoquercetin,CAS:482-35-9,CID:5280804,CHEMBL250450,C21H20O12,H0101 | H0558 | H0889 | H0420 | H0419 | H0714 | H0717 | H0601 | H0108 | H1015 | H0294 | H0120 | H0958 | H0398 | H1222 | H0411 | H0426 | H0890 | H0249 | H1138 | H1075 | H0315 | H1244 | H0065 | H1127 | H0354 | H1169 | H0571 | H1217 | H0626 | H0602 | H1221 | H0772 | H0374 | H1225 | H0751 | H0700 | H1017 | H0753 | H0745 | H1202 | H0975 | H1249 | H0941 | H0950 | H0308 | H1213 | H0399 | H0139 | H0243 | H1066 | H0980 | H0960 | H0104 | H0006 | H0949 | H0665 | H0607 | H0605 | H0868 | H0141 | H0764 | H0016 | H1124 | H0656 | H0444 | H0239 | H0103 | H0978 | H1067 | H0608 | H0693 | H0424 | H1074 | H0128 | H0655 | H0379 | H0327 | H0115 | H0819 | H1073 | H0396 | H0140 | H0085 | H1201 | H0301 | H1188 | H1224 | H0650 | H0269 | H0691 | H0170 | H0951 | H0397 | H1046 | H1070 | H1220 | H0454 | H0606 | H1045 | H0967 | H1232 | H0002 | H0899 | H0733 | H0746 | H0609 | H0690 | H0418 | H0898 | H0632 | H0074 | H1072 | H0181 | H0154 | H0557 | H1164 | H0425 | H0818 | H0015 | H0240 | H0659 | H0064 | H0158 | H0302 | H0658 | H0252 | H0716 | H0663 | H0979 | H0242 | H0585 | H1016 | H0752 | H0421 | H0498 | H0886 | H0897 | H0871 | H0304 | H0613 | H1248 | H1247 | H0422 | H0974 | H0427 | H1227 | H1071 | H1069 | H0887 | H0391 | H0109 | H1250 | H0226 | H0185 | H0314 | H0237 | H1009 | H0679 | H0696 | H0546,161,2.102997064590454,4.296009145507022,False,False
928,82,Oc1ccc(CC2NCCc3cc(O)c(O)cc32)cc1,15,C0491,"1-(4-Hydroxy-Benzyl)-1,2,3,4-Tetrahydro-Isoquinoline-6,7-Diol",,CID:114840,CHEMBL19344,C16H17NO3,H0629 | H1169 | H1057 | H0474 | H0141 | H0945 | H0140 | H0301 | H1164 | H0302 | H1062 | H0304 | H0443 | H0475 | H1063,15,2.0803890228271484,4.229212415952447,False,False
929,81,COc1cc(C2c3cc4c(cc3C(O)C3COC(=O)C23)OCO4)cc(OC)c1OC,6,C0310,Picropodophyllotoxin,,CID:72435,CHEMBL283120,C22H22O8,H0381 | H0385 | H0384 | H0380 | H0383 | H0382,6,2.0512242317199707,4.144575177201562,False,False
930,80,CO[C@H]1/C=C\C=C(/C)C(O)=NC2=CC(=O)C(NCCN(C)C)=C(C[C@@H](C)C[C@H](OC)[C@H](O)[C@@H](C)/C=C(\C)[C@@H]1OC(=N)O)C2=O,1,C0890,Alvespimycin,CAS:467214-20-6,CID:5288674,CHEMBL383824,C32H48N4O8,H0456,1,2.032473564147949,4.091056790038229,False,False
931,79,OC[C@H]1NC[C@H](O)[C@@H](O)[C@@H]1O,8,C0036,Duvoglustat,CAS:19130-96-2,CID:29435,CHEMBL307429,C6H13NO4,H0495 | H1134 | H0396 | H0397 | H0476 | H0500 | H0490 | H0391,8,2.010942220687866,4.030453620486091,False,False
932,78,CNCCC(Oc1ccc(C(F)(F)F)cc1)c1ccccc1,3,C0080,Fluoxetine,CAS:54910-89-3,CID:3386,CHEMBL41,C17H18F3NO,H0950 | H0949 | H0951,3,2.0068368911743164,4.01900087410888,False,False
933,77,O=c1c2ccccc2nc2n1CCc1c-2[nH]c2ccccc12,6,C0376,Rutaecarpine,,CID:65752,CHEMBL85139,C18H13N3O,H0704 | H1231 | H0616 | H1228 | H1115 | H1230,6,1.9917728900909424,3.9772545236434333,False,False
934,76,COc1ccc2cc1Oc1ccc(cc1)CC1c3cc(c(OC)cc3CCN1C)Oc1c(OC)c(OC)cc3c1C(C2)N(C)CC3,5,C0070,Fanchinin,,CID:73078,CHEMBL176045,C38H42N2O6,H0167 | H0341 | H0085 | H0427 | H1033,5,1.9904932975769043,3.973728477815109,False,False
935,75,O=C1C[C@@H](c2ccc(O)cc2)Oc2cc(O[C@@H]3O[C@H](CO)[C@@H](O)[C@H](O)[C@H]3O)cc(O)c21,3,C0500,Prunin,CAS:529-55-5,CID:92794,CHEMBL469654,C21H22O10,H0626 | H0269 | H0226,3,1.9758986234664917,3.933731867545457,False,False
936,74,O=C(O)CCCC[C@@H]1SC[C@@H]2N=C(O)N[C@@H]21,2,C1189,Biotin,CAS:58-85-5,CID:171548,CHEMBL857,C10H16N2O3S,H0360 | H0847,2,1.9704686403274536,3.9189540037792123,False,False
937,73,CSC[C@H]1O[C@@H](n2cnc3c(N)ncnc32)[C@H](O)[C@@H]1O,8,C0221,Methylthioadenosine,,CID:439176,CHEMBL277041,C11H15N5O3S,H0155 | H0439 | H0338 | H0239 | H0360 | H0847 | H0159 | H0242,8,1.9521372318267822,3.869473372430944,False,False
938,72,OC[C@@H](O)[C@@H](O)[C@H](O)[C@H](O)CO,63,C0206,Mannitol,CAS:69-65-8,CID:6251,CHEMBL689,C6H14O6,H0300 | H0420 | H0419 | H0545 | H0973 | H0810 | H1127 | H1010 | H0100 | H1035 | H0317 | H0299 | H0153 | H0700 | H1202 | H0463 | H0995 | H0495 | H0515 | H0449 | H0079 | H0323 | H0016 | H0656 | H0464 | H1120 | H1154 | H0462 | H0316 | H0424 | H0360 | H0819 | H1134 | H0831 | H0867 | H0972 | H0847 | H0476 | H0733 | H0004 | H0054 | H0117 | H1079 | H0461 | H0060 | H0818 | H0964 | H0147 | H0500 | H0421 | H0473 | H0490 | H0364 | H0086 | H0256 | H0422 | H0152 | H0572 | H1110 | H0005 | H0903 | H1156 | H0679,63,1.9338650703430176,3.8207743866482358,False,False
939,71,COc1ccc(CCN(C)CCCC(C#N)(c2ccc(OC)c(OC)c2)C(C)C)cc1OC,3,C0481,Verapamil,CAS:52-53-9,CID:2520,CHEMBL6966,C27H38N2O4,H1204 | H1176 | H1077,3,1.9286950826644897,3.80710690704197,False,False
940,70,COc1cc2c3cc1Oc1c(OC)c(OC)cc4c1[C@@H](Cc1ccc(O)c(c1)Oc1ccc(cc1)C[C@@H]3N(C)CC2)N(C)CC4,1,C1170,Berbamine,CAS:478-61-5,CID:275182,CHEMBL504323,C37H40N2O6,H0205,1,1.8811914920806885,3.683791714134569,False,False
941,69,O=C([O-])[C@@H]1O[C@H](Oc2cc3oc(-c4ccccc4)cc(=O)c3c(O)c2O)[C@@H](O)[C@H](O)[C@H]1O,1,C0721,Baicalin,CAS:21967-41-9,CID:1549028,,C21H18O11,H0155,1,1.8748353719711304,3.6675976340402068,False,False
942,68,O=C([O-])C(=O)[O-],4,C0558,Oxalic Acid,CAS:144-62-7,CID:971,CHEMBL146755,C2H2O4,H0419 | H0977 | H1200 | H0195,4,1.8662267923355103,3.6457781955420288,False,False
943,67,COc1cc2c(=O)n(C)c3c4cc5c(cc4ccc3c2cc1O)OCO5,1,C0840,Sanguinarine,,CID:13855598,,C20H15NO5,H0006,1,1.8506138324737549,3.606536019459648,False,False
944,66,COc1cc2ccc(=O)oc2cc1O[C@@H]1O[C@H](CO)[C@@H](O)[C@H](O)[C@H]1O,17,C0393,Scopolin,CAS:531-44-2,CID:439514,CHEMBL225024,C16H18O9,H1222 | H0095 | H1035 | H1225 | H0094 | H0745 | H1042 | H0103 | H1240 | H1224 | H0746 | H0418 | H0988 | H0154 | H0585 | H0613 | H1227,17,1.8455859422683716,3.5939888730040943,False,False
945,65,Nc1ncnc2c1ncn2[C@@H]1O[C@H](CO)[C@@H](O)[C@@H]1O,1,C0600,Adenosine,,CID:21704,CHEMBL1090,C10H13N5O4,H0938,1,1.827419400215149,3.5490167914068036,False,False
946,64,O=c1ccc2cc(O[C@@H]3O[C@H](CO)[C@@H](O)[C@H](O)[C@H]3O)c(O)cc2o1,15,C0054,Esculin,CAS:531-75-9,CID:5281417,CHEMBL482581,C15H16O9,H1031 | H1222 | H1041 | H1225 | H0396 | H1224 | H0397 | H0002 | H0222 | H0335 | H0325 | H0863 | H1227 | H0223 | H0391,15,1.8270552158355713,3.5481210141837853,False,False
947,63,COC(=O)C1=CCCN(C)C1,4,C0920,Arecoline,CAS:63-75-2,CID:2230,CHEMBL7303,C8H13NO2,H0033 | H0408 | H0925 | H0924,4,1.8016620874404907,3.4862163099895125,False,False
948,62,Cc1cc2nc3c(O)nc(=O)nc-3n(C[C@H](O)[C@H](O)[C@H](O)CO)c2cc1C,26,C0371,Riboflavin,,CID:493570,CHEMBL1534,C17H20N4O6,H0330 | H0393 | H0315 | H1244 | H0095 | H0416 | H0423 | H0094 | H0075 | H0168 | H0941 | H0172 | H0775 | H0394 | H0190 | H0360 | H0396 | H0397 | H0847 | H0395 | H0358 | H0737 | H0357 | H0256 | H0391 | H0314,26,1.8008015155792236,3.484137391745906,False,False
949,61,NCCCCNCCCN,13,C0412,Spermidine,CAS:124-20-9,CID:1102,CHEMBL19612,C7H19N3,H1174 | H0027 | H0194 | H0416 | H0026 | H0360 | H1007 | H0847 | H0952 | H0358 | H0357 | H0944 | H0031,13,1.7926270961761475,3.464451827933294,False,False
950,60,O=C([O-])c1cc(O)c2c(c1)[C@H]([C@H]1c3cc(C(=O)[O-])cc(O)c3C(=O)c3c(O[C@@H]4O[C@H](CO)[C@@H](O)[C@H](O)[C@H]4O)cccc31)c1cccc(O[C@@H]3O[C@H](CO)[C@@H](O)[C@H](O)[C@H]3O)c1C2=O,3,C0618,Sennoside A,CAS:81-27-6,CID:73111,CHEMBL2368547,C42H38O20,H1028 | H0926 | H1170,3,1.7776936292648315,3.428775934321729,False,False
951,59,COc1ccc(C[C@@H]2c3cc(Oc4cc(C[C@@H]5c6cc(OC)c(OC)cc6CC[NH+]5C)ccc4O)c(OC)cc3CC[NH+]2C)cc1,1,C0660,Neferine,CAS:2292-16-2,CID:159654,CHEMBL455560,C38H44N2O6,H0141,1,1.7668095827102661,3.4030057351594976,False,False
952,58,COc1cc2c(cc1OC)[C@@H]1C(=O)c3ccc4c(c3O[C@@H]1CO2)C=CC(C)(C)O4,2,C0003,Deguelin,,CID:107935,CHEMBL393417,C23H22O6,H0669 | H0683,2,1.7542471885681152,3.3735024008393575,False,False
953,57,COc1c(O[C@@H]2O[C@H](CO)[C@@H](O)[C@H](O)[C@H]2O)cc2occ(-c3ccc(O)cc3)c(=O)c2c1O,1,C0758,Tectoridin,CAS:611-40-5,CID:5281810,CHEMBL520214,C22H22O11,H0432,1,1.7396626472473145,3.339570677529748,False,False
954,56,COc1ccc2cc3[n+](cc2c1OC)CCc1cc2c(cc1-3)OCO2,24,C1171,Berberine,CAS:2086-83-1,CID:2353,CHEMBL295124,C20H18NO4,H0785 | H0827 | H0704 | H1061 | H0872 | H0633 | H1231 | H0760 | H0706 | H0006 | H0651 | H0029 | H1243 | H0360 | H0682 | H0847 | H1228 | H1115 | H0652 | H1068 | H1230 | H0082 | H1242 | H1241,24,1.6985065937042236,3.245648112087404,True,False
955,55,CC(C)=CC(=O)O[C@H]1Cc2cc3ccc(=O)oc3cc2OC1(C)C,1,C0702,Decursin,,CID:442126,CHEMBL481658,C19H20O5,H0323,1,1.6759669780731201,3.1953345267701865,False,False
956,54,C[C@@H]1O[C@@H](CC(=O)O)CC2=C1C(=O)c1c(O)cccc1C2=O,1,C0237,Nanafrocin,CAS:52934-83-5,CID:442757,CHEMBL2106789,C16H14O6,H0157,1,1.6728265285491943,3.18838650754275,False,False
957,53,CC1(C)Oc2cc3oc(=O)ccc3cc2C[C@@H]1O,2,C0002,Decursinol,,CID:442127,CHEMBL481657,C14H14O4,H0956 | H0955,2,1.6613926887512207,3.1632173488602766,False,False
958,52,COc1c(O[C@@H]2O[C@H](C(=O)[O-])[C@@H](O)[C@H](O)[C@H]2O)cc(O)c2c(=O)cc(-c3ccccc3)oc12,2,C0731,Wogonoside,CAS:51059-44-0,CID:3084961,CHEMBL464732,C22H20O11,H0139 | H1251,2,1.634066104888916,3.103865634260007,False,False
959,51,COc1cc2c(cc1O)C[C@H]1c3cc(O)c(OC)cc3CC[N@@+]1(C)C2,1,C0728,Phellodendrine,CAS:6873-13-8,CID:3081405,,C20H24NO4,H1228,1,1.6275279521942139,3.0898310447673056,False,False
960,50,CC1NCCc2cc(O)c(O)cc21,2,C0384,Salsolinol,CAS:27740-96-1,CID:54456,CHEMBL416732,C10H13NO2,H0360 | H0847,2,1.6119346618652344,3.05661460754812,False,False
961,49,N=c1ccn([C@@H]2O[C@H](COP(=O)(O)O)[C@@H](O)[C@H]2O)c(O)n1,2,C1274,Cytidine 5'-Phosphate,CAS:63-37-6,CID:6131,CHEMBL307679,C9H14N3O8P,H0360 | H0847,2,1.4942457675933838,2.8171683263473697,False,False
962,48,CN(C)C(=N)NC(=N)N,2,C0213,Metformin,CAS:657-24-9,CID:4091,CHEMBL1431,C4H11N5,H0360 | H0847,2,1.4417905807495117,2.716578206430571,False,False
963,47,COc1cc2c3c(c1OC)-c1ccccc1C[C@H]3[NH+](C)CC2,4,C0586,Nuciferine,CAS:475-83-2,CID:10146,CHEMBL464529,C19H21NO2,H1169 | H0941 | H0141 | H0140,4,1.436666488647461,2.7069467142548147,False,False
964,46,COc1cc(C2c3cc4c(cc3CC3COC(=O)C32)OCO4)cc(OC)c1OC,2,C0505,Desoxypodophyllotoxin,,CID:345501,CHEMBL63970,C22H22O7,H0491 | H0921,2,1.4330227375030518,2.7001185249557147,False,False
965,45,CC(C)c1c(C(O)=Nc2ccccc2)c(-c2ccccc2)c(-c2ccc(F)cc2)n1CC[C@@H](O)C[C@@H](O)CC(=O)O,2,C0987,Atorvastatin,,CID:60823,CHEMBL1487,C33H35FN2O5,H0360 | H0847,2,1.4005835056304932,2.6400834013153087,False,False
966,44,O=C1O[C@@H]2[C@@H](OC(=O)c3cc(O)c(O)c(O)c3-c3c1cc(O)c(O)c3O)[C@H](O)O[C@@H]1COC(=O)c3cc(O)c(O)c(O)c3-c3c(O)c(O)c4oc(=O)c5c(c(O)c(O)c6oc(=O)c3c4c65)-c3c(cc(O)c(O)c3O)C(=O)O[C@@H]21,9,C0338,Punicalagin,CAS:65995-63-3,CID:16148440,CHEMBL506814,C48H28O30,H1170 | H0463 | H0515 | H0464 | H0462 | H1171 | H0461 | H0060 | H0547,9,1.378140926361084,2.599332022305729,False,False
967,43,COc1cc2c(cc1OC)[C@@H](Cc1ccc(Oc3cc(C[C@@H]4c5cc(OC)c(OC)cc5CC[NH+]4C)ccc3O)cc1)[NH+](C)CC2,1,C0621,Dauricine,CAS:524-17-4,CID:73400,CHEMBL442717,C38H44N2O6,H0199,1,1.3619801998138428,2.5703773976980444,False,False
968,42,O=c1ccc2ccc3occc3c2o1,7,C0906,Angelicin,CAS:523-50-2,CID:10658,CHEMBL53569,C11H6O3,H0072 | H0956 | H0456 | H0868 | H0312 | H0955 | H1009,7,1.329244613647461,2.5127107644727187,False,False
969,41,COC1=C[C@@H]2[C@H]3Cc4ccc(OC)c(O)c4[C@@]2(CC[NH+]3C)CC1=O,2,C0720,Sinomenine,CAS:115-53-7,CID:1403661,CHEMBL248095,C19H23NO4,H0341 | H0199,2,1.2846026420593262,2.436149452296765,False,False
970,40,COc1cc2c(cc1OC)[C@@H](Cc1ccc(O)c(Oc3cc4c(cc3OC)CC[NH+](C)[C@@H]4Cc3ccc(O)cc3)c1)[NH+](C)CC2,2,C0663,Liensinine,CAS:2586-96-1,CID:160644,,C37H42N2O6,H0141 | H0140,2,1.2627394199371338,2.399509325423312,False,False
971,39,NCCCNCCCCNCCCN,3,C0413,Spermine,CAS:71-44-3,CID:1103,CHEMBL23194,C10H26N4,H0194 | H0360 | H0847,3,1.1457901000976562,2.2126727576297585,False,False
972,38,COc1c2ccoc2cc2oc(=O)ccc12,36,C1173,Bergapten,CAS:484-20-8,CID:2355,CHEMBL24171,C12H8O4,H0595 | H1089 | H0089 | H0947 | H0956 | H0097 | H0758 | H0387 | H0593 | H0323 | H1128 | H0805 | H0868 | H0651 | H0774 | H0239 | H0428 | H0804 | H1098 | H0524 | H0142 | H0430 | H0813 | H0652 | H0090 | H0242 | H1092 | H1093 | H1030 | H0802 | H0256 | H0955 | H0528 | H0433 | H0179 | H1009,36,1.0734047889709473,2.10439392292296,False,False
973,37,COc1cc2c(cc1OC)C1Cc3ccc(OC)c(OC)c3CN1CC2,33,C0602,"2,3,9,10-Tetramethoxy-6,8,13,13A-Tetrahydro-5H-Isoquinolino[2,1-B]Isoquinoline",CAS:2934-97-6,CID:5417,CHEMBL187892,C21H25NO4,H0785 | H0704 | H1075 | H0571 | H0872 | H0633 | H1231 | H0760 | H1066 | H0706 | H0687 | H0444 | H0029 | H0341 | H1067 | H0815 | H0044 | H1243 | H1074 | H1073 | H0682 | H1070 | H1228 | H1072 | H0240 | H1115 | H0767 | H1230 | H0082 | H1071 | H1069 | H1242 | H1241,33,1.023449420928955,2.0327734264745567,False,False
974,36,COC1=CC2C3Cc4ccc(OC)c(O)c4C2(CCN3C)CC1=O,2,C0538,Sinomenine,CAS:115-53-7,CID:5459308,CHEMBL248095,C19H23NO4,H0341 | H1033,2,0.9726450443267822,1.9624352375604381,False,False
975,35,O=c1ccn([C@@H]2O[C@H](CO)[C@@H](OP(=O)([O-])[O-])[C@H]2O)c(=O)[nH]1,1,C0635,Uridylic Acid,CAS:58-97-9,CID:101543,CHEMBL460741,C9H13N2O9P,H0095,1,0.9639079570770264,1.9505864730483773,False,False
976,34,CC(=O)N[C@@H]1[C@@H](O)[C@H](O)[C@@H](CO)O[C@@H]1O,1,C0624,N-Acetyl-D-Glucosamine,CAS:7512-17-6,CID:82313,,C8H15NO6,H0769,1,0.9011833667755127,1.8675972466615798,False,False
977,33,N=C(NCCCCCCNC(=N)NC(=N)Nc1ccc(Cl)cc1)NC(=N)Nc1ccc(Cl)cc1,3,C1229,Chlorhexidine,,CID:88536661,CHEMBL790,C22H30Cl2N10,H0360 | H0269 | H0847,3,0.8651208877563477,1.8214922891065422,True,True
978,32,Nc1[nH]c(=O)nc2c1ncn2[C@@H]1O[C@H](CO)[C@@H](O)[C@H]1O,2,C0612,Crotonoside,CAS:1818-71-9,CID:65085,,C10H13N5O5,H0869 | H0878,2,0.7681293487548828,1.7030601011468556,False,False
979,31,COc1ccc2cc1Oc1ccc(cc1)CC1c3cc(c(OC)cc3CC[NH+]1C)Oc1c(OC)c(OC)cc3c1[C@H](C2)[NH+](C)CC3,1,C0778,Tetrandrine,CAS:518-34-3,CID:5321894,,C38H42N2O6,H0199,1,0.7197129726409912,1.6468543566351326,False,False
980,30,N=C(O)c1ncn([C@@H]2O[C@H](COP(=O)(O)O)[C@@H](O)[C@H]2O)c1N,2,C0865,Aicar,CAS:3031-94-5,CID:65110,CHEMBL483849,C9H15N4O8P,H0360 | H0847,2,0.7056574821472168,1.6308877430344584,False,False
981,29,N=c1nc(O)c2ncn([C@@H]3O[C@H](COP(=O)(O)O)[C@@H](O)[C@H]3O)c2[nH]1,2,C1261,Cpg,,CID:6804,CHEMBL283807,C10H14N5O8P,H0360 | H0847,2,0.6266577243804932,1.5439839165875935,False,False
982,28,CC(=O)OCC[N+](C)(C)C,18,C0854,Acetylcholine,CAS:51-84-3,CID:187,CHEMBL667,C7H16NO2,H1040 | H0420 | H0419 | H1127 | H0758 | H0961 | H0805 | H0360 | H0804 | H0847 | H0166 | H0244 | H0733 | H0813 | H0421 | H0802 | H0422 | H0903,18,0.5953929424285889,1.5108840443849665,False,False
983,27,OC[C@@H](O)[C@H](O)[C@H](O)[C@@H](O)CO,2,C0594,Dulcitol,CAS:608-66-2,CID:11850,CHEMBL1773904,C6H14O6,H0309 | H1015,2,0.5523700714111328,1.4664928848363612,False,False
984,26,COc1ccc2c(c1OC)CN1CCc3cc4c(cc3C1=C2)OCO4,1,C0508,Dihydroberberine,CAS:483-15-8,CID:10217,CHEMBL11848,C20H19NO4,H0006,1,0.5193219184875488,1.433281432658426,False,False
985,25,COc1cc2c3c(c1OC)C1(C=CC(=O)C=C1)C[C@H]3[NH+](C)CC2,3,C0681,Pronuciferine,CAS:2128-60-1,CID:200480,CHEMBL237766,C19H21NO3,H1169 | H0141 | H0140,3,0.5018091201782227,1.4159880795381075,False,False
986,24,O=P(O)(O)C(O)(Cc1cccnc1)P(=O)(O)O,21,C0372,Risedronic Acid,CAS:105462-24-6,CID:44400168,CHEMBL923,C7H11NO7P2,H1159 | H0799 | H0208 | H0272 | H1032 | H0459 | H0165 | H1132 | H0176 | H0587 | H0796 | H0407 | H1131 | H0174 | H1065 | H0586 | H0800 | H1216 | H1195 | H0175 | H0280,21,0.4880053997039795,1.4025044999118188,False,False
987,23,C[n+]1cc2c3c(ccc2c2ccc4cc5c(cc4c21)OCO5)OCO3,7,C0388,Sanguinarium,CAS:2447-54-3,CID:5154,CHEMBL417799,C20H14NO4,H0757 | H0233 | H0006 | H0756 | H0248 | H0966 | H0105,7,0.48445749282836914,1.3990596680233187,False,False
988,22,N=c1nc(O)c2nc[nH]c2[nH]1,12,C0113,Guanine,CAS:73-40-5,CID:764,CHEMBL219568,C5H5N5O,H0735 | H0153 | H0995 | H0941 | H0311 | H0843 | H0859 | H0360 | H0855 | H0847 | H0638 | H0152,12,0.41688966751098633,1.3350461995258271,False,False
989,21,CN1C(=O)CN=C(c2ccccc2)c2cc(Cl)ccc21,2,C0012,Diazepam,,CID:3016,CHEMBL12,C16H13ClN2O,H0360 | H0847,2,0.3217759132385254,1.2498681516030585,False,False
990,20,NCCS(=O)(=O)O,9,C0430,Taurine,CAS:107-35-7,CID:4068592,CHEMBL239243,C2H7NO3S,H0095 | H0094 | H0943 | H0850 | H0849 | H0736 | H0360 | H0847 | H0352,9,0.19358205795288086,1.143599629714973,False,False
991,19,COc1c2ccoc2c(OC)c2oc(=O)ccc12,22,C0154,Isopimpinellin,CAS:482-27-9,CID:68079,CHEMBL140796,C13H10O5,H0947 | H0387 | H0127 | H0862 | H0233 | H0323 | H1128 | H0868 | H0651 | H0774 | H0239 | H0142 | H0430 | H0652 | H0242 | H1092 | H1093 | H0865 | H1030 | H0256 | H0433 | H1009,22,0.10741639137268066,1.077297261407648,False,False
992,18,CN[C@H]1CC[C@@H](c2ccc(Cl)c(Cl)c2)c2ccccc21,2,C0398,Sertraline,,CID:68617,CHEMBL809,C17H17Cl2N,H0360 | H0847,2,0.03301239013671875,1.023146256669445,False,False
993,17,O=C([O-])c1cc2c([nH]c3ccccc32)c(-c2ccc(CO)o2)n1,1,C0786,Flazin,CAS:100041-05-2,CID:5377686,CHEMBL1822160,C17H12N2O4,H0695,1,0.011749744415283203,1.0081775572614422,False,False
994,16,CC1(C)O[C@@H]2[C@@H](CO[C@@]3(COS(N)(=O)=O)OC(C)(C)O[C@@H]23)O1,2,C0451,Topiramate,,CID:5284627,CHEMBL220492,C12H21NO8S,H0360 | H0847,2,-0.022577285766601562,0.9844724333316889,False,False
995,15,C[N+](C)(C)CC(=O)[O-],26,C0107 | C0553,Glycinebetaine | Betaine,,CID:247 | CID:248,CHEMBL1182 | CHEMBL95889,C5H11NO2 | C5H12NO2,H0702 | H0714 | H0970 | H1194 | H0095 | H0549 | H0094 | H0943 | H0850 | H0849 | H0665 | H1182 | H0736 | H0424 | H0360 | H0819 | H0603 | H0650 | H0847 | H1192 | H1193 | H0264 | H0818 | H0659 | H0364 | H1023,26,-0.1774921417236328,0.8842387464776427,False,False
996,14,CN1Cc2c(ccc3c2OCO3)C2C(O)Cc3cc4c(cc3C21)OCO4,1,C0499,Chelidonine,CAS:476-32-4,CID:197810,CHEMBL496867,C20H19NO5,H0006,1,-0.19431638717651367,0.8739869315415659,False,False
997,13,c1c2c(cc3c1OCO3)-c1cc3ccc4c(c3c[n+]1CC2)OCO4,3,C0617,Coptisine,,CID:72322,CHEMBL362071,C19H14NO4,H0706 | H0006 | H1241,3,-0.21413683891296387,0.8620617750056203,False,False
998,12,CN[C@H]1CCc2cc(OC)c(OC)c(OC)c2-c2ccc(OC)c(=O)cc21,4,C0001,(-)-Demecolcine,CAS:477-30-5,CID:220401,CHEMBL312862,C21H25NO5,H0172 | H0727 | H1200 | H0739,4,-0.265120267868042,0.8321293627423231,False,False
999,11,COc1cccc2c1cc([N+](=O)[O-])c1c(C(=O)O)cc3c(c12)OCO3,10,C0921,Aristolochic Acid,CAS:313-67-7,CID:2236,CHEMBL93353,C17H11NO7,H0629 | H1119 | H0341 | H1116 | H0196 | H0273 | H0833 | H0346 | H1155 | H1033,10,-0.6111862659454346,0.6546581833537769,False,False
1000,10,Cc1c(=O)c(=O)c2c3c[nH]c4c(C)c(=O)c(=O)c(c5c[nH]c1c52)c43,1,C0794,Melanin,,CID:6325610,CHEMBL4283875,C18H10N2O4,H0589,1,-0.7094380855560303,0.6115582879430608,False,False
1001,9,COc1cc(C[C@H]2COC(=O)[C@@H]2Cc2ccc(O)c(OC)c2)ccc1O,11,C0208,Matairesinol,CAS:580-72-3,CID:119205,CHEMBL425148,C20H22O6,H0289 | H0506 | H0697 | H0139 | H0206 | H0507 | H0731 | H1188 | H0207 | H0642 | H0185,11,-0.9846041202545166,0.505364377684582,False,False
1002,8,COc1c2ccoc2c(OC[C@@H](O)C(C)(C)OC)c2oc(=O)ccc12,1,C0862,Byakangelicin,,CID:15945069,CHEMBL1577345,C18H20O7,H0090,1,-1.1216480731964111,0.4595685338696404,False,False
1003,7,c1ccc2c(c1)CC1NCCc3cc4c(c-2c31)OCO4,3,C0662,Anonaine,CAS:1862-41-5,CID:160597,CHEMBL401798,C17H15NO2,H1196 | H1169 | H0140,3,-1.1670987606048584,0.44531596487283714,False,False
1004,6,c1cc2c(c3c1CC1c4cc5c(cc4CCN1C3)OCO5)OCO2,1,C0578,Stylopine,,CID:6770,CHEMBL3343660,C19H17NO4,H0006,1,-1.441068410873413,0.36829445695737223,False,False
1005,5,COc1c2ccoc2c(OC[C@@H](O)C(C)(C)O)c2oc(=O)ccc12,5,C1202,Byakangelicin,CAS:482-25-7,CID:10211,CHEMBL508648,C17H18O7,H0097 | H0593 | H0239 | H0090 | H0242,5,-1.4595425128936768,0.3636084134228977,False,False
1006,4,C[NH+]1CCc2ccoc2C1,1,C0781,Tyramine,CAS:51-67-2,CID:5325719,,C8H11NO,H0006,1,-1.5113213062286377,0.35078979753432976,False,False
1007,3,C[C@H]1COc2c(N3CCN(C)CC3)c(F)cc3c(=O)c(C(=O)O)cn1c23,2,C0180,Levofloxacin,CAS:100986-85-4,CID:149096,CHEMBL33,C18H20FN3O4,H0360 | H0847,2,-2.467262029647827,0.18083401375305616,False,False
1008,2,[2H]c1c([2H])c2c([2H])c([2H])c3c([2H])c([2H])c([2H])c4c([2H])c([2H])c(c1[2H])c2c34,1,C0801,Pyrene,,CID:6912026,,C16D10,H1104,1,-3.007558584213257,0.12434681117422751,False,False
1009,1,O=C(O)c1cn(C2CC2)c2cc(N3CCNCC3)c(F)cc2c1=O,1,C1244,Ciprofloxacin,CAS:85721-33-1,CID:2764,CHEMBL8,C17H18FN3O3,H0739,1,-4.420580863952637,0.046695234602546945,False,False
